term,jsd,count_legal,count_popular,neighbours,scaled_jsd
she,0.7805950599139205,200,3800,90,1.0
oh,0.937502933856127,175,3825,1317,1.0
thine,0.9509290603632835,12,3988,2564,1.0
and,0.5537019476271839,986,3014,4,1.0
paling,1.0,112,6,625,1.0
flare,0.9995160051597213,402,5,2122,1.0
edg,1.0,5,23,122,1.0
fatter,1.0,3,20,89,1.0
pods,1.0,4,81,444,1.0
i,0.6769420625892347,614,3386,24,1.0
stew,0.9971609839657359,7,1127,4052,1.0
him,0.6465057171679802,600,3400,52,1.0
acid,0.9969635001001445,13,1454,4208,0.9997623574144486
dire,0.9381468880402751,3431,569,2261,0.9995577178239717
lemon,0.9951500241381502,3,1055,3985,0.9994981179422836
pang,0.9986192479877611,3,371,1957,0.9994890137966275
weeping,0.9902973146196471,3,1551,4203,0.9992862241256245
paces,0.9872955755503322,8,2013,4051,0.9987657368550975
sighs,0.9875382088901765,3,1408,4189,0.9985676772499403
devils,0.9870113712977578,4,1641,4178,0.9985639061752034
raid,0.9696515985599055,2348,3,3890,0.9984575835475579
jelly,0.997829205717596,5,360,1911,0.9984301412872841
loins,0.997756033223094,3,475,2443,0.9983626688497749
available,0.9366329604032525,3952,48,1765,0.998300283286119
folio,0.9103308442300789,3829,171,1145,0.9982532751091703
flown,0.9982175897469183,11,294,1606,0.99813200498132
tile,0.9266573006915024,3940,60,2460,0.9979674796747967
muse,0.9866186460287801,9,1327,4177,0.9978453435480009
bier,0.9999999999999999,3,167,897,0.9977703455964325
sin,0.907071872930362,46,3954,863,0.9976825028968713
oven,0.9923396836821278,17,729,3402,0.9976484420928865
hall,0.8935769476594942,3460,540,424,0.9976415094339622
lat,0.926364175155835,258,3742,2566,0.9972720187061574
heb,0.9841019883403528,5,966,3896,0.99717659137577
thee,0.8946819771797403,39,3961,660,0.996969696969697
ah,0.924512602476681,380,3620,2292,0.9969458987783595
prying,0.9999999999999999,6,117,650,0.9969230769230769
manna,0.995846185268195,4,367,1939,0.9969056214543579
bile,0.9920542136939086,12,726,3374,0.9967397747480735
coils,0.9811111503064047,962,28,3916,0.9966802860061287
hail,0.9267933126988991,1110,2429,3243,0.9966080789392537
ballad,0.9921812920756848,3,538,2709,0.9963086009597637
trembling,0.9326854020282412,6,2988,3515,0.9963015647226173
spotted,0.9727241544557158,3,1127,4049,0.9962953815756977
angels,0.9213284109762813,2,3998,2652,0.9962292609351433
ih,0.9637865448882235,1523,4,4207,0.9961968148324222
bonny,0.9946260435850885,3,444,2308,0.9961005199306759
finis,0.9680369766659297,6,1131,4049,0.9960484070140776
zion,0.9653139530778768,6,1396,4186,0.9956999522216914
pencil,0.9911512870491096,3,552,2764,0.9956584659913169
abbey,0.971728686264621,3,992,3916,0.9954034729315628
twas,0.9537283108856797,7,2059,4037,0.9952935348030716
paradise,0.9624636819040029,3,1395,4185,0.995221027479092
exit,0.9553375384867672,9,1789,4136,0.995164410058027
scar,0.9815253475699164,10,777,3508,0.9951539338654504
pale,0.9250135361265163,35,3157,3420,0.9950292397660818
fid,0.9598054775112742,1377,54,4194,0.9949928469241774
boil,0.9421700729096101,10,2606,3705,0.9948717948717949
calk,0.9929190187377607,389,3,2046,0.9946236559139785
tints,0.9977751039919165,4,226,1212,0.9942244224422442
dish,0.9510472693395834,6,1978,4071,0.9941046425939573
buffalo,0.9548078765998153,1290,132,4190,0.9940334128878282
thy,0.8751920287090554,19,3981,323,0.9938080495356038
saints,0.9030816293303994,6,3994,2706,0.9937176644493718
hark,0.9558333606057843,3,1213,4137,0.9937152525985014
tie,0.8891810073970542,3246,754,2211,0.9936680235187698
sing,0.9079128145952317,135,3865,2965,0.9935919055649242
mane,0.9532529378710504,29,1370,4184,0.9935468451242829
aa,0.9063917482187028,3976,24,2935,0.993526405451448
hails,0.9970985037000137,7,107,601,0.9933444259567388
dew,0.9614896611071844,20,1015,3959,0.9931800959838343
fame,0.8715949125613606,3664,336,279,0.992831541218638
hind,0.9482496973472727,97,1558,4184,0.9928298279158699
airs,0.9733145791049064,24,687,3309,0.9927470534904805
slate,0.8818135428542984,3906,94,1905,0.9926509186351706
vales,0.9861447854403176,5,410,2156,0.9925788497217068
dost,0.9399028051999042,4,2039,4032,0.9925595238095238
ads,0.9526061220090938,1215,14,4143,0.9925174993965725
air,0.8503032620099901,166,3834,1050,0.9923809523809524
slim,0.9855898411174573,41,384,2201,0.9922762380736029
vale,0.9510724226983475,21,1192,4130,0.9922518159806295
hair,0.8567634741530432,21,3979,1652,0.9921307506053268
amen,0.9347729349170176,32,2021,4033,0.9920654599553682
socrates,0.9827720050601007,4,431,2253,0.9920106524633822
mood,0.9954558055103333,6,228,1233,0.991889699918897
wd,0.9482815664593924,505,802,4169,0.9918445670424563
lilies,0.9957055224644215,3,135,731,0.9917920656634747
groves,0.9456190015986321,12,1384,4184,0.9913957934990439
hell,0.8784302273802872,30,3970,2454,0.9910350448247759
miss,0.8554177396369386,3,3997,1550,0.9909677419354839
reverie,0.993701424915529,5,263,1413,0.9907997169143666
apostacy,0.9741517013036634,3,535,2700,0.9907407407407407
thou,0.8506070873077224,74,3926,429,0.9906759906759907
rom,0.9252800201245092,278,1973,3951,0.9906352822070362
cor,0.9209223187038091,434,1847,3936,0.9903455284552846
musk,0.9950746539060427,5,230,1238,0.9903069466882067
arid,0.9341391771669582,1463,22,4207,0.9902543380080817
ev,0.8832329624626227,239,3761,2862,0.9902166317260657
isa,0.9488004077876392,124,922,3976,0.9901911468812877
drops,0.924313105540628,4,2123,4001,0.9900024993751562
lad,0.9170839849406064,252,2417,3680,0.9899456521739131
aft,0.8946863388702131,3460,268,3149,0.989838043823436
starting,0.9637840951546879,7,644,3140,0.9898089171974522
tis,0.8133979408438304,191,3809,1274,0.9897959183673469
cures,0.9730712388898587,6,560,2803,0.9896539422047806
resurrection,0.9177267609574555,4,2423,3831,0.9895588619159489
colle,0.9226114809542187,2095,8,4016,0.9892928286852589
foam,0.9952951889236361,4,189,1018,0.9891944990176817
hat,0.8532839909942711,1132,2868,1935,0.9891472868217054
motte,0.9421825067240867,203,929,4050,0.9891358024691358
yea,0.8565316579059707,253,3747,2300,0.9891304347826086
cheeks,0.9359501300771136,15,1281,4171,0.9889714696715416
bliss,0.9107389511550641,44,2581,3706,0.9889368591473287
peel,0.9643449528198775,8,594,2956,0.9888362652232747
woe,0.9100866736987885,11,2727,3651,0.9887701999452205
nut,0.9573268423221409,190,477,3186,0.9887005649717514
ani,0.9507928154664318,843,23,3702,0.9886547811993517
nun,0.976941290961878,24,381,2110,0.9886255924170616
qr,0.9237410859570677,265,1661,4100,0.9885365853658536
fam,0.9631960150654455,289,329,3023,0.988422097254383
joys,0.8927486480208777,3,3300,3358,0.9883859440142942
aid,0.8019905058132586,2974,1026,774,0.9883720930232558
ena,0.8944313313236124,3177,7,3418,0.9882972498537156
cora,0.970878110849367,6,473,2445,0.9881390593047035
gay,0.8866239954747489,112,3600,3152,0.9879441624365483
tear,0.883863888880821,319,3339,3195,0.9877934272300469
convent,0.9322410226199219,13,1273,4166,0.9877580412866058
oblong,0.9747099805790548,5,418,2191,0.9876768598813327
tune,0.9265373909794662,97,1289,4182,0.9875657580105213
fluid,0.9292240359778743,8,1255,4162,0.9872657376261412
ay,0.8005954452574999,3842,158,613,0.9869494290375204
fell,0.805541895073603,1103,2897,1144,0.9868881118881119
spell,0.9771048813613299,3,325,1723,0.9866511897852582
doom,0.925663777021872,19,1266,4164,0.9865513928914506
pan,0.9184204397676775,81,1621,4162,0.9865449303219606
flutes,0.995189564111259,3,96,518,0.9864864864864865
shod,0.9173204414384046,11,1754,4148,0.98625843780135
sauce,0.9345548093568948,10,1068,4001,0.9862534366408398
ift,0.936148105315729,904,7,3780,0.9862433862433863
fine,0.7908877223397173,839,3161,867,0.986159169550173
graver,0.9945854379738599,3,79,431,0.9860788863109049
oft,0.8827944611852718,527,2471,3514,0.9860557768924303
sights,0.9928708042527338,3,173,928,0.9859913793103449
sweet,0.8360111445122115,28,3972,1639,0.9859670530811471
kid,0.9781538923803907,78,218,1565,0.9859424920127795
jerusalem,0.8619796195514635,7,3993,2914,0.9852436513383666
pow,0.9054556096787348,240,1878,4010,0.9850374064837906
stuck,0.9605933956380056,6,509,2606,0.9850345356868765
fume,0.9740096159877062,310,45,1859,0.9849381387842926
faid,0.9151955371135773,1623,21,4179,0.9849246231155779
tall,0.9150581335527768,199,1301,4209,0.9847944880019007
song,0.8489077915144891,7,3993,2273,0.9846018477782666
refreshing,0.946834477908782,4,702,3294,0.9845173041894353
palm,0.9446973360065906,16,639,3153,0.9844592451633365
louisa,0.9052863235670147,13,1957,4077,0.9838116261957321
heare,0.993467106321647,4,102,554,0.983754512635379
scripture,0.8284531354389497,8,3992,1827,0.9835796387520526
bride,0.9203790230789074,26,1197,4141,0.983578845689447
tears,0.8254671616715782,19,3981,1766,0.9835787089467724
ye,0.790496111957642,176,3824,668,0.9835329341317365
hast,0.8406490804947451,4,3996,2300,0.9834782608695652
1h,0.9751508423096525,304,6,1631,0.9834457388105456
sire,0.9301332626476566,27,892,3799,0.9834166886022637
fold,0.8509447092579261,3084,916,2649,0.9833899584748962
barnwell,0.9424411570716088,129,580,3303,0.9833484710868907
culls,0.9969907383779519,9,27,179,0.9832402234636871
dim,0.9397448631722313,70,603,3203,0.9831408054948486
aloft,0.963659717243663,4,443,2308,0.983102253032929
ovid,0.9771844604482025,47,218,1398,0.9828326180257511
sad,0.8625036995848211,172,3828,3021,0.982787156570672
breathing,0.9193761883929684,3,1205,4124,0.9827837051406402
ball,0.8509028536404148,2042,1958,2612,0.9827718223583461
christ,0.7700216855859858,7,3993,289,0.9826989619377162
coloured,0.8396153221065122,14,3986,2251,0.9826743669480231
grove,0.8982894605266823,360,1705,4037,0.9826603913797374
sess,0.9389260769582974,683,17,3278,0.9826113483831604
tb,0.9138912164998397,1380,4,4185,0.9825567502986858
joy,0.7859442263795776,30,3970,1196,0.9824414715719063
mouse,0.9734249110120897,7,329,1764,0.9824263038548753
ll,0.781166848446846,592,3408,1306,0.9823889739663093
fool,0.8915129705272805,15,2257,3945,0.982256020278834
caroline,0.897691319017284,167,1831,4056,0.9822485207100592
adt,0.9189857078186163,1136,3,4051,0.9822266107134041
tender,0.795174942481578,478,3522,1455,0.9821305841924398
tc,0.9337547996806682,833,3,3631,0.9820985954282567
jesus,0.7840590955759132,6,3994,834,0.9820143884892086
powr,0.9999999999999999,19,7,109,0.981651376146789
holiness,0.8445453240108556,3,3997,2549,0.9815613966261278
paused,0.9443799294842687,5,570,2837,0.9813182939725061
flowers,0.8724398511812069,42,3212,3368,0.9812945368171021
hairy,0.992319351418356,5,146,797,0.9811794228356336
chapter,0.8094461302164336,1992,2008,1946,0.9809866392600206
fie,0.9281293243769749,658,192,3662,0.9808847624249044
flail,0.9744265157438079,244,53,1566,0.9808429118773946
ante,0.9212161393032264,859,63,3808,0.9808298319327731
bc,0.9025424915909825,1668,15,4166,0.9807969275084013
juice,0.9039031201430314,44,1421,4207,0.9805086760161635
verse,0.8788162054506272,25,2654,3673,0.9801252382248843
secures,0.830656402765496,64,3936,2359,0.98007630351844
leafed,0.9901699315122238,157,4,849,0.9799764428739693
sele,0.9378453440198241,601,7,2982,0.9798792756539235
fitch,0.8814646271216989,2176,191,3876,0.9796181630546955
comi,0.9926874081049193,69,6,391,0.979539641943734
merry,0.8987101407033706,22,1554,4198,0.9795140543115769
eruption,0.9152629936489554,4,1014,3938,0.9794311833417979
subscriber,0.7833235522822927,46,3954,1067,0.979381443298969
hate,0.8769412929041402,280,2390,3680,0.9793478260869565
wand,0.934365951299036,19,611,3071,0.9788342559426897
hates,0.9550350363458573,20,420,2279,0.9784993418165863
morn,0.8881665329605706,14,1887,4094,0.9782608695652174
flatt,0.9780124677298427,14,213,1196,0.9782608695652174
ad,0.7788105160592004,3795,205,866,0.9780600461893765
prose,0.9526648147417872,52,399,2323,0.9780456306500215
soft,0.8380905567070283,41,3959,2730,0.978021978021978
bit,0.9078822193930862,205,1005,4128,0.9779554263565892
ere,0.8529083066259672,1112,2455,3235,0.9777434312210201
tail,0.8551511313663432,366,3123,3262,0.977621091354997
prov,0.9062862342185946,275,894,4085,0.9774785801713586
fevers,0.8717490839780551,9,2726,3654,0.9770114942528736
fulness,0.9034153758213365,9,1258,4162,0.9769341662662182
compassionate,0.9233526076482551,12,727,3377,0.976606455433817
vein,0.9360933671377379,6,543,2734,0.9765910753474762
woo,0.9764128418688948,24,211,1238,0.9765751211631664
fix,0.7808187699292017,2712,1288,1408,0.9765625
fiery,0.9106353760800517,7,1034,3967,0.976556591883035
nervous,0.8989655825106166,12,1335,4177,0.9765381853004549
rear,0.8560923601369005,991,2090,3459,0.9762937265105521
mittee,0.9672007325091475,288,5,1548,0.9760981912144703
temple,0.8098676403028033,157,3843,2475,0.9757575757575757
lift,0.8490531215545394,2113,1652,3135,0.9757575757575757
swain,0.9114211389654879,12,894,3771,0.9756032882524529
etc,0.8805427594799315,1822,20,4115,0.9754556500607533
beauties,0.8753997528325985,6,2173,3984,0.9754016064257028
fan,0.9233524173809727,195,476,3197,0.975289333750391
faint,0.8792570819587169,35,1887,4100,0.9751219512195122
shining,0.8810918466369053,6,1758,4149,0.9749337189684262
div,0.889716015360193,1412,27,4198,0.9747498808956646
masonry,0.9229265137777822,18,625,3116,0.9746469833119383
washing,0.9112296881414939,21,869,3745,0.9746328437917223
materia,0.9642536791253524,8,274,1489,0.974479516453996
tale,0.8694720269433396,232,2283,3766,0.9742432288900691
graces,0.8780746375768196,4,1845,4109,0.9742029690922366
everlasting,0.8056477259824091,4,3996,2248,0.9741992882562278
pitty,0.996510382213468,6,27,155,0.9741935483870968
angel,0.8526354177496477,10,3258,3369,0.9741763134461264
delights,0.8940981324609883,3,1372,4181,0.9741688591246114
piff,0.9807031918356537,3,143,771,0.9740596627756161
flesh,0.7870343931180462,37,3963,1990,0.9738693467336683
gale,0.8625654417479582,202,2511,3662,0.973784817039869
luc,0.9514971352992471,21,373,2057,0.9737481769567331
hares,0.9544886346528062,270,99,1930,0.9735751295336788
perfections,0.8806520132112224,3,1721,4157,0.9735386095742121
tartar,0.9052431126072903,32,907,3839,0.9734305808804377
grey,0.8494138837150841,52,3330,3308,0.973397823458283
ear,0.8041367599429986,438,3562,2349,0.9731800766283525
slumber,0.9366662567779426,3,479,2458,0.9731489015459723
yore,0.9876316131360507,5,101,554,0.9729241877256317
lovely,0.8371195773409689,20,3980,3027,0.9729104724149322
visions,0.9196642879278618,61,652,3317,0.9728670485378353
flew,0.8795509527020943,60,1656,4160,0.9728365384615385
gouverneur,0.9105056355595793,595,280,3718,0.9728348574502421
jour,0.8903672590807444,1333,59,4184,0.972753346080306
moisture,0.9111118883569471,3,861,3696,0.9726731601731602
ditto,0.7635884545076903,221,3779,987,0.9726443768996961
fever,0.7780209216289853,62,3938,1601,0.9725171767645222
lion,0.8727159314406032,575,1471,4033,0.9724770642201835
veiled,0.9281095203466581,381,179,2780,0.9723021582733813
wave,0.888817503948926,32,1364,4184,0.9722753346080306
stool,0.935740940521526,5,500,2560,0.972265625
lifts,0.8991746674784449,652,457,4036,0.9722497522299306
signor,0.9183870337009267,3,721,3342,0.9718731298623579
charm,0.8735362213116461,9,1928,4095,0.9716727716727717
indorsement,0.8655377785635737,2342,51,3859,0.9714952060119202
swelling,0.8944411871734181,6,1200,4123,0.971380063060878
mat,0.8822827203092047,201,1210,4189,0.9713535449988064
hip,0.9097258604453924,650,196,3658,0.9710224166211044
bed,0.772294745015022,86,3914,1581,0.9709044908285895
sot,0.9324020897356552,414,102,2608,0.9708588957055214
urg,0.9603831226026679,22,270,1544,0.9708549222797928
tle,0.8570408137173953,2571,51,3705,0.9708502024291498
ill,0.7599685364732277,1027,2973,1131,0.9708222811671088
front,0.7752025869984079,268,3732,1676,0.970763723150358
history,0.7510534837465216,1232,2768,922,0.9707158351409978
grave,0.7975453618069636,36,3964,2479,0.9705526421944333
rous,0.8688361958248418,18,2113,3996,0.9704704704704705
tow,0.8630581552168142,383,1933,3914,0.9703628002043945
bleeding,0.8608029695194113,13,2447,3802,0.9702788006312467
grafted,0.9136267152421973,7,705,3316,0.9701447527141134
serpent,0.8854950759726131,5,1323,4177,0.9700742159444578
vine,0.8707364935853539,42,1903,4087,0.9699045754832395
soul,0.7322623828162178,8,3992,664,0.9698795180722891
snail,0.9787222789488607,7,118,660,0.9696969696969697
cd,0.8751114390630752,1465,25,4212,0.9693732193732194
fir,0.86825854980291,1425,567,4062,0.9692269817823732
cot,0.9118494344324664,373,348,3336,0.9691247002398081
red,0.7708795507956271,372,3628,1550,0.9690322580645161
pet,0.8963117985808208,406,670,4000,0.969
pp,0.863802964183836,2191,26,3958,0.9689236988377968
nly,0.9165944569903209,45,562,2976,0.96875
ans,0.8746056595603925,167,1490,4182,0.968675274988044
love,0.6734810638416664,35,3965,319,0.9686520376175548
er,0.7447636837708879,981,3019,924,0.9686147186147186
hot,0.8026201821328827,251,3749,2611,0.9685944082726925
thin,0.8393661769432693,364,2795,3437,0.9685772475996508
lame,0.8708407182594943,1097,711,4130,0.9685230024213075
damned,0.874032062266416,6,1525,4206,0.968378506894912
greet,0.9618623255075758,11,241,1328,0.9683734939759037
meditation,0.9045002748375068,5,832,3630,0.9683195592286501
vows,0.8824209540888331,12,1252,4164,0.968299711815562
sly,0.9317129269212214,22,453,2428,0.9682866556836903
debility,0.8755489853624937,20,1406,4192,0.9682729007633588
her,0.6447387581736711,368,3632,63,0.9682539682539683
sores,0.9568673641619908,5,262,1405,0.9679715302491103
supple,0.9835484170457895,17,90,557,0.9676840215439856
variegated,0.9527714458489231,3,309,1640,0.9676829268292683
fed,0.8509064478266904,1011,1638,3693,0.9675060926076361
gentle,0.8017896191536127,100,3900,2655,0.9672316384180791
sighed,0.9218092797532109,4,528,2675,0.9671028037383178
paddy,0.9740172634037848,5,127,699,0.9670958512160229
nal,0.9024189796483463,827,25,3668,0.9670119956379498
liquid,0.9090301248629781,6,725,3360,0.9669642857142857
mid,0.8929584894653864,319,651,3894,0.9668721109399075
ver,0.8486434665706342,504,2236,3648,0.9668311403508771
star,0.8332225661333014,62,3341,3308,0.9667472793228536
iis,0.9553320235829754,278,6,1501,0.966688874083944
extras,0.9736404106272526,6,159,869,0.9666283084004603
9i,0.9894129122440691,55,3,299,0.9665551839464883
shalt,0.8229408339627201,171,3711,3079,0.9665475803832413
gilt,0.9025189440924608,12,817,3615,0.9665283540802213
clank,0.9961098301234544,4,28,149,0.9664429530201343
amid,0.8944580894155366,85,831,3793,0.9662536250988664
ring,0.7916038264337976,163,3837,2537,0.9661016949152542
pattern,0.8914440440840943,7,1017,3945,0.9660329531051964
cheek,0.865990081355317,37,1742,4142,0.965958474167069
prayer,0.7452272070823327,1209,2791,1527,0.9659462999345121
bud,0.9158694911142129,28,549,2845,0.9659050966608085
trad,0.9555869375773272,262,11,1436,0.9658774373259053
israel,0.7581473987719937,296,3704,1992,0.9658634538152611
hid,0.8518166544332498,565,1860,3832,0.9658141962421712
canaan,0.8913330926869766,85,928,3929,0.9656401119877831
md,0.9108728240829737,628,16,3122,0.9654067905188981
grace,0.7210259895792516,67,3933,808,0.9653465346534653
arc,0.8754573165190155,1286,49,4177,0.965286090495571
dirty,0.8958002748735725,12,856,3704,0.964902807775378
illumination,0.9422931647656739,4,348,1844,0.9647505422993492
oil,0.7896354712224296,726,3274,2553,0.9647473560517039
ice,0.8430662379285935,782,1911,3671,0.9645873059111959
solitude,0.8744612782226288,7,1384,4179,0.9645848289064369
penitent,0.8929674410224807,10,889,3761,0.9643711778782239
madam,0.7977539479963984,13,3987,2711,0.9642198450756179
ry,0.7731771606600062,842,3158,2234,0.964189794091316
hd,0.9425700880335848,338,3,1786,0.9641657334826428
salvation,0.7361908709545125,19,3981,1418,0.964033850493653
bow,0.8256673054989915,160,3286,3290,0.9638297872340426
roll,0.8209692722030834,1050,2681,3148,0.9637865311308768
baptism,0.8036760620518423,4,3996,2896,0.9637430939226519
light,0.7075899159563492,303,3697,524,0.9637404580152672
spirits,0.7337071337171246,829,3171,1418,0.9633286318758815
win,0.8808996312642584,310,831,4052,0.963228035538006
root,0.8202207544693666,534,3304,3099,0.9632139399806389
mist,0.9351778060075956,20,393,2147,0.9632044713553796
heat,0.7713342546022006,62,3938,2201,0.9631985461154021
flood,0.8535053937058973,214,1957,3986,0.9631209232313096
arch,0.8297428355316573,173,3112,3361,0.9631062183873847
foe,0.8483717374432201,300,2058,3889,0.9629724865003857
pleasures,0.7849120451021502,10,3990,2605,0.962763915547025
ceas,0.9639662644938496,4,204,1100,0.9627272727272728
bt,0.9034120443943281,689,8,3267,0.9626568717477808
sanctified,0.8787599254887201,7,1170,4091,0.9626008310926424
me,0.6155931886846255,173,3827,80,0.9625
music,0.8218993423530864,26,3456,3268,0.9620563035495716
bath,0.8386789988373092,877,1663,3741,0.9620422346966052
toad,0.9684884730340915,29,110,733,0.9618008185538881
beard,0.8888373489980173,73,852,3819,0.9617700968840011
lord,0.6416204532909183,328,3672,209,0.9617224880382775
he,0.6722419321821854,808,3192,26,0.9615384615384616
rebuke,0.9111403641962189,6,554,2780,0.9615107913669064
shades,0.8617857519753165,13,1648,4180,0.9614832535885167
heed,0.8725936196826457,9,1264,4165,0.9613445378151261
fur,0.8521425224784351,1511,531,4034,0.9613287059990084
gory,0.9959631294579996,3,30,155,0.9612903225806452
dull,0.8596478465848818,26,1695,4159,0.9612887713392643
bard,0.9047802572693902,233,411,3122,0.9612427930813581
jest,0.9020677643122383,18,683,3277,0.9609398840402807
rain,0.8207015634482749,119,3355,3270,0.9608562691131498
tub,0.9203189674395107,29,437,2391,0.9606859054788791
mysteries,0.8882500807373355,5,907,3786,0.9606444796619124
docked,0.9624630682584985,9,177,986,0.960446247464503
pit,0.8636547022573662,133,1285,4191,0.9603913147220234
lur,0.9735137406896106,51,60,580,0.9603448275862069
mine,0.7397822687081854,146,3854,1912,0.9602510460251046
pen,0.8220713866713101,557,2441,3514,0.9598747865680136
mortality,0.8656043603482036,9,1368,4178,0.9597893729056965
apostles,0.7703419164666396,8,3992,2510,0.9597609561752988
vision,0.8545975497112693,82,1664,4158,0.9595959595959596
hive,0.9226471722706898,164,268,2236,0.9593023255813954
stars,0.8318028289341445,17,2612,3700,0.9591891891891892
see,0.6284706752629337,666,3334,244,0.9590163934426229
rejoicing,0.8786128762697913,5,1083,4023,0.9589858314690529
cried,0.7553160743957543,36,3964,2315,0.958963282937365
dar,0.938462417976923,28,310,1772,0.958803611738149
foetus,0.9461396924843803,6,260,1404,0.9586894586894587
desponding,0.9564703425367821,5,220,1185,0.9586497890295359
wing,0.8487174591005542,92,1907,4056,0.9585798816568047
downs,0.9380275412154755,5,320,1704,0.9583333333333334
lett,0.8459471620047102,53,2076,3999,0.9582395598899724
cursed,0.8660435035706295,5,1239,4163,0.9582032188325726
bulb,0.9876178009249281,7,53,311,0.9581993569131833
dance,0.8526024095752736,35,1759,4137,0.9581822576746435
sky,0.8322612113962425,4,2446,3811,0.9580162686958803
delirium,0.8956578036999594,5,697,3281,0.9579396525449558
airy,0.8821350194496567,32,866,3761,0.9577240095719224
rural,0.8753575871786994,6,1090,4031,0.9575787645745473
fat,0.843185241895184,326,1860,3979,0.9575270168384016
moss,0.9124160971750807,84,425,2583,0.9574138598528843
jolly,0.8971847099757089,10,629,3104,0.9571520618556701
secret,0.7312536099085865,779,3221,1678,0.9570917759237187
num,0.9198498443218646,125,311,2260,0.9570796460176991
purple,0.8555299679958059,8,1422,4193,0.9570713093250656
laid,0.6599501593023795,2460,1540,395,0.9569620253164557
amelia,0.861702539342594,20,1277,4169,0.9568241784600624
poetry,0.8717963815771861,3,1150,4062,0.9566715903495815
like,0.6247274534869994,649,3351,253,0.9565217391304348
art,0.7062791772837809,563,3437,874,0.9565217391304348
ao,0.8971356357107033,649,5,3150,0.9565079365079365
rite,0.9049461521536059,62,513,2837,0.9562918575960522
prophet,0.7934223945595552,9,3988,3038,0.956221198156682
realms,0.8700178229875435,6,1167,4086,0.9561918746940773
sun,0.7133346390355866,126,3874,1206,0.9560530679933665
beheld,0.8114958248685719,38,3195,3388,0.956021251475797
wig,0.9041904603103668,17,564,2865,0.956020942408377
black,0.7152658679498322,114,3886,954,0.9559748427672956
dove,0.8673649091485051,15,1187,4112,0.955739299610895
tim,0.8595810885029048,367,957,4173,0.9556673855739276
sage,0.8659405884879603,70,1139,4126,0.9556471158507028
heathen,0.8302143666787817,32,2319,3890,0.9555269922879177
pour,0.800752967732197,268,3365,3209,0.9554378311000311
pain,0.722779074976352,365,3635,1638,0.9554334554334555
loft,0.8630221186584148,950,285,4149,0.955410942395758
inclining,0.829186766292901,23,2401,3834,0.9553990610328639
robe,0.8942842376606466,40,635,3206,0.9553961322520275
cale,0.9319441005080211,365,12,1971,0.9553526128868595
flies,0.8506182846126835,20,1582,4187,0.9553379508000955
sov,0.9399226030691877,6,286,1544,0.9553108808290155
ini,0.8953860107830803,637,3,3109,0.9552910903827597
tares,0.9441767095309767,27,236,1386,0.9552669552669553
frail,0.8989479388513807,11,606,3016,0.955238726790451
saviour,0.7382027261319523,7,3993,2122,0.9552309142318567
ray,0.840809824833049,302,1660,4082,0.9551690347868692
eld,0.9128969001354208,110,360,2407,0.9551308683007894
heavens,0.8106039683999002,4,2930,3554,0.9549803038829487
oin,0.8298210787504656,163,2224,3864,0.9549689440993789
beam,0.8579815656785159,20,1312,4178,0.9547630445189086
beauty,0.7226950358883039,17,3983,1812,0.9547461368653422
wings,0.8278959583441257,37,2384,3834,0.9546165884194053
folk,0.9633745905847114,40,81,639,0.9546165884194053
inward,0.7991864530341437,41,3568,3214,0.95457373988799
fig,0.8715400223873214,75,1028,4037,0.9544216001981669
painting,0.8869437670652917,19,791,3574,0.9543928371572468
lofty,0.8489291870379649,5,1544,4197,0.954253037884203
cold,0.7197875362003419,45,3955,1504,0.9541223404255319
hero,0.8227420198026504,49,2526,3723,0.9540692989524577
hare,0.8796504651053026,308,565,3713,0.9539455965526529
mix,0.836826434596926,154,1841,4057,0.9539068277052009
dispensation,0.8350355177716207,36,2109,3985,0.9538268506900879
shadowy,0.9447626474119338,3,256,1363,0.9537784299339692
luch,0.8483125831000503,1585,4,4191,0.9537103316630876
forsaken,0.8735068117250179,5,994,3917,0.9535358692877202
delight,0.746457780809062,20,3980,2517,0.9535160905840286
heavenly,0.7445597591937403,7,3993,2472,0.9534789644012945
christian,0.6976373612163261,277,3723,902,0.9534368070953437
fath,0.957632271162412,31,131,855,0.9532163742690059
brown,0.6997679086138724,577,3423,1237,0.9531123686337915
eat,0.7414904958878363,167,3833,2300,0.9530434782608695
whig,0.8618030078717012,5,1167,4088,0.9527886497064579
pin,0.9001311065850666,56,505,2783,0.9525691699604744
pilgrim,0.9282564720818719,18,348,1918,0.9525547445255474
covenant,0.7187500855720674,369,3631,1767,0.9524617996604414
ai,0.806653797882172,2884,185,3468,0.9524221453287197
dress,0.7511563224767023,43,3957,2584,0.9523993808049536
sized,0.9225867100456371,14,380,2057,0.9523578026251823
souls,0.7207120728305783,20,3980,1700,0.9523529411764706
sires,0.9512711747997105,4,215,1154,0.9523396880415944
fete,0.9838578140876053,11,46,292,0.952054794520548
wake,0.8738453812488487,63,871,3833,0.951995825723976
foal,0.9426262630472633,42,218,1372,0.9518950437317785
weep,0.8349791849893001,4,1857,4109,0.9518130932100267
las,0.8967364419425935,326,257,2873,0.951618517229377
story,0.7192704943742368,89,3911,1880,0.9515957446808511
carnal,0.8448865593814473,24,1440,4210,0.9515439429928741
beads,0.913680295161011,9,429,2270,0.9515418502202643
adventures,0.8651746485601213,23,1093,4043,0.9515211476626267
sour,0.8931016235948843,11,603,3009,0.9514788966434031
ass,0.8520473316515486,523,820,4173,0.9513539420081476
lie,0.6958745452462715,2286,1714,901,0.951165371809101
io,0.8123672772853424,2706,49,3644,0.9511525795828759
godly,0.8302776209819952,3,2048,4033,0.9509050334738408
fate,0.7163412544941123,543,3457,1811,0.950855880728879
op,0.8380770868665849,1395,372,4147,0.9508078128767784
neat,0.7912619080793329,556,3022,3239,0.9506020376659463
ills,0.8814734512389726,145,645,3519,0.9505541346973572
th,0.6764751985756079,2465,1535,788,0.950507614213198
amber,0.9384955485349329,9,263,1433,0.9504535938590369
wash,0.8262521837779405,51,2168,3956,0.9502022244691608
flower,0.8215316944012603,229,2141,3877,0.9499613102914625
nest,0.887551867368666,38,675,3317,0.9499547784142297
manure,0.8880959474416088,5,697,3281,0.9497104541298385
white,0.6718165570464714,380,3620,654,0.9495412844036697
poet,0.8382727743337841,17,1608,4181,0.949533604400861
breath,0.7839517387624589,35,3714,3143,0.9494113903913458
smart,0.8582089312396906,21,1140,4068,0.9493608652900688
praise,0.7152946273063544,39,3961,1714,0.9492415402567095
mien,0.9336418656564872,27,284,1634,0.9492044063647491
mercury,0.8376798182943569,32,1555,4193,0.9492010493679943
lo,0.8019800218382018,1349,1621,3539,0.9491381746256005
dear,0.673464575692184,65,3935,786,0.9491094147582697
stor,0.960730756671165,13,96,568,0.948943661971831
bright,0.7490599605489537,31,3969,2631,0.9486887115165337
charms,0.765982338035747,15,3985,2910,0.9484536082474226
lips,0.7979061418755081,47,3134,3421,0.9482607424729611
beautiful,0.7309693404381569,14,3986,2447,0.9480997139354311
stray,0.8525890440577029,186,1018,4118,0.9480330257406508
anti,0.8293409782354566,1209,688,4096,0.947998046875
life,0.611824100144872,221,3779,230,0.9478260869565217
smooth,0.8240412744260932,16,2156,3986,0.9478173607626693
poor,0.6702279151259517,754,3246,612,0.9477124183006536
smiling,0.8348610601203145,6,1699,4161,0.9476087478971401
beams,0.8363390348164759,35,1628,4178,0.9475825753949259
cheer,0.8592582487411975,8,1083,4025,0.9473291925465839
death,0.6356951830019161,406,3594,398,0.9472361809045227
text,0.7502842559586258,163,3837,2705,0.9471349353049907
preamble,0.795720787348975,2426,465,3574,0.9468382764409625
flock,0.8172417307395786,636,1704,3893,0.9468276393526843
lamb,0.7975354149177147,174,2752,3554,0.9468204839617332
milner,0.8926039050206516,11,552,2791,0.9466141168040129
oit,0.9508280344462516,175,6,954,0.9465408805031447
fry,0.8900860680474577,68,523,2912,0.9464285714285714
wept,0.8435681546830507,5,1364,4177,0.9463729949724683
ofthe,0.8087862070284348,2486,5,3778,0.946003176283748
sorrow,0.729292271946077,12,3988,2397,0.9457655402586567
sable,0.8924978460314553,26,544,2820,0.9457446808510638
prophecies,0.854298955128031,3,1106,4036,0.9457383548067394
mass,0.7691667258984054,1377,2623,3020,0.9456953642384106
stone,0.6874059833475102,365,3635,1324,0.945619335347432
boar,0.9464851046916627,41,157,1048,0.9456106870229007
forgiving,0.922167081391704,8,325,1746,0.9455899198167239
clay,0.8217942440100073,379,1735,4012,0.9454137587238285
tame,0.8612726190918836,334,588,3808,0.9453781512605042
andre,0.8796181748892125,16,667,3222,0.9453755431409062
ne,0.7260742578330223,1679,2321,2514,0.9451073985680191
frame,0.7240906323811329,156,3844,2512,0.9450636942675159
folios,0.8775739751999811,709,26,3367,0.945054945054945
righteousness,0.7063294364474986,4,3996,1765,0.945042492917847
flame,0.791327954218952,152,2989,3449,0.9449115685706002
mens,0.817864142611576,44,2204,3953,0.9448520111307868
darkness,0.7226343565100138,23,3977,2212,0.9448462929475587
unto,0.6627067423713283,480,3520,634,0.944794952681388
outwards,0.8598980025758703,17,904,3804,0.944794952681388
shattered,0.9083954545774423,3,426,2223,0.9446693657219973
hal,0.8563615209447443,957,47,3922,0.944416114227435
11d,0.9459980298969826,52,148,1060,0.9443396226415094
gifts,0.8090529004992573,198,2200,3858,0.9442716433385173
glories,0.8491966269782534,5,1153,4073,0.9442671249693101
mourning,0.8289972533990599,33,1751,4143,0.944243301955105
dying,0.7490872484202745,510,3490,2796,0.944206008583691
die,0.6837151019630988,640,3360,1342,0.944113263785395
boulting,0.8883065968656061,9,581,2909,0.9439669989687177
moon,0.7757177774569803,42,3577,3211,0.9439426969791342
rag,0.9197337776734738,22,327,1828,0.9436542669584245
wast,0.9052607096517613,5,441,2304,0.9435763888888888
fettle,0.8296068969683893,1612,6,4182,0.9435676709708274
shah,0.9514625911061089,32,99,691,0.9435600578871202
effe,0.8482294335460037,1163,6,4085,0.9434516523867809
faith,0.665091938950317,397,3603,707,0.9434229137199435
tap,0.9510510687295542,13,157,897,0.9431438127090301
smelt,0.9640196734966313,3,74,402,0.9427860696517413
smoke,0.8255908848306454,10,1780,4137,0.9424703891708968
disciples,0.7731885737996131,6,3624,3214,0.9424393279402613
jews,0.6985296750145479,13,3987,1753,0.9423844837421563
such,0.6003914499154096,1783,2217,52,0.9423076923076923
wit,0.7063732858556782,1855,2145,1956,0.9422290388548057
rein,0.9197803300939891,94,239,1746,0.9421534936998854
god,0.5996272139629332,42,3958,86,0.9418604651162791
sorrows,0.8062448602744127,4,2361,3877,0.9414495744132061
contra,0.8261642425811145,1401,98,4208,0.94106463878327
swift,0.8132077857679225,249,1857,4019,0.941030106991789
images,0.8435062750094082,59,1135,4112,0.9409046692607004
ot,0.7172962500211052,3856,144,2300,0.9408695652173913
ind,0.8146487183450619,1858,183,4030,0.9406947890818859
dick,0.8499064777935776,295,739,3960,0.9406565656565656
bending,0.8751902043379381,9,620,3064,0.9406005221932114
tidings,0.8311850304445949,4,1413,4189,0.9405586058725233
monson,0.9710332115537975,9,40,252,0.9404761904761905
countenance,0.706558351177555,163,3837,2046,0.9403714565004888
bonner,0.8803988028873209,17,580,2934,0.9403544648943422
meek,0.8440695395307976,7,1161,4084,0.940254652301665
hit,0.8589410602992797,354,501,3672,0.9400871459694989
zo,0.9351282545729981,242,8,1317,0.9400151860288535
chap,0.6812574509148726,2203,1797,1062,0.9397363465160076
sounds,0.8235761436385508,33,1563,4194,0.9396757272293753
hills,0.7777834164767646,175,3199,3313,0.9396317536975551
a4,0.8948938516119787,491,4,2515,0.9395626242544731
boiling,0.8337693284344615,23,1264,4165,0.9394957983193277
smell,0.8483219024519781,3,976,3910,0.939386189258312
dark,0.6967658838881055,66,3934,1609,0.9390926041019266
shout,0.8770829830350908,5,607,3002,0.9390406395736176
kensington,0.8706585647572096,11,658,3193,0.9389289069840275
fle,0.9057681028806104,397,11,2128,0.9389097744360902
yon,0.8539807214323354,43,868,3780,0.9388888888888889
drown,0.8752599957671258,14,605,3026,0.9388631857237277
fair,0.6739664699914996,486,3514,981,0.9388379204892966
ihe,0.7831412603973831,2896,12,3564,0.9388327721661055
weft,0.8355106924268387,1218,3,4143,0.9384503982621288
fred,0.8538817531603952,54,846,3764,0.9383634431455898
new,0.6573829200106034,72,3928,616,0.9383116883116883
helps,0.8829860620729458,9,547,2768,0.9382225433526011
mell,0.9869233843286446,5,24,129,0.937984496124031
gem,0.9311095797531708,18,239,1353,0.9379157427937915
curtain,0.8684254393258266,10,670,3213,0.9377528789293496
sermons,0.8190352368298248,4,1622,4181,0.9373355656541498
outward,0.7549283639998072,112,3799,3061,0.9372754001960144
torment,0.8290487168698544,4,1318,4175,0.9370059880239521
reading,0.6956357507930644,1482,2518,1650,0.936969696969697
hoard,0.9410531125329563,43,164,1094,0.9369287020109689
fly,0.7114751524138325,156,3844,2470,0.9368421052631579
revealed,0.7798706259528677,6,2880,3577,0.936818563041655
hips,0.9361226556528174,103,128,1215,0.9366255144032922
dejected,0.8731990023053655,3,607,2994,0.9365397461589846
blessed,0.6941737870074407,35,3965,1616,0.9362623762376238
whom,0.6064001855451665,1034,2966,250,0.936
wat,0.9171330339837838,101,208,1625,0.936
condescending,0.912923231743825,6,343,1828,0.9359956236323851
mediator,0.8341313848715219,31,1170,4112,0.9357976653696498
mercy,0.6706601302310686,105,3895,1338,0.9357249626307922
loll,0.939252845077094,60,142,1069,0.9354536950420954
tom,0.8079558273818377,114,1829,4089,0.9351919784788457
immortality,0.8176628217822386,4,1514,4210,0.9351543942992874
precepts,0.7899628407388661,316,2203,3760,0.9351063829787234
seed,0.7131875246709498,71,3929,2387,0.935064935064935
rang,0.8702662373413382,52,550,2956,0.9350473612990527
honey,0.8145380146900075,17,1518,4203,0.9348084701403759
ruff,0.9772182822332623,4,40,230,0.9347826086956522
roland,0.8893779661226231,20,495,2606,0.9347659247889486
bowels,0.8078147074446054,21,1915,4098,0.9346022449975598
huge,0.881953951292017,4,540,2720,0.9345588235294118
manag,0.9462595096365023,8,122,687,0.9344978165938864
worm,0.8205196181229939,65,1368,4194,0.9344301382927992
stall,0.902630871422121,247,165,2146,0.9342963653308481
sleep,0.7089300925908614,56,3944,2402,0.9342214820982515
laughing,0.8479393204011105,7,900,3768,0.9341825902335457
ha,0.7352714649096684,1471,2529,2853,0.9341044514546092
patient,0.7102345398021012,54,3946,2336,0.9340753424657534
casts,0.8909865222314105,46,441,2480,0.9338709677419355
tore,0.8607346230615123,61,676,3369,0.9338082517067379
cion,0.956765631989541,29,57,452,0.9336283185840708
axe,0.8827354993302268,100,432,2675,0.9334579439252336
taste,0.6952252672749234,30,3970,2046,0.9330400782013685
bd,0.9116997214518815,333,12,1807,0.9330381848367459
jh,0.955135607108536,91,3,492,0.9329268292682927
gods,0.7676249490408149,53,3340,3308,0.9328899637243047
belt,0.8416549413755366,340,631,3896,0.9327515400410678
pitted,0.8897504091443368,4,487,2499,0.9323729491796718
aye,0.843052316355996,64,892,3873,0.9323521817712368
lil,0.9352784474720715,154,60,1131,0.9319186560565871
dreams,0.82507477069028,6,1246,4168,0.9318618042226487
moves,0.8442286196559707,146,772,3800,0.9318421052631579
eve,0.8062715032541248,243,1564,4129,0.9314604020343908
toil,0.8031737063242165,49,1846,4099,0.9314466943156867
repentance,0.7356179144643147,17,3983,2932,0.9314461118690314
gospel,0.6574287391250041,70,3930,889,0.9313835770528683
prophets,0.7615999626001173,4,3406,3304,0.9312953995157385
fore,0.7774458227033837,1036,1756,3622,0.9312534511319713
timbered,0.8025893922603605,3,1842,4111,0.9311603016297738
hearers,0.8082430774381129,8,1621,4181,0.9311169576656302
chase,0.8082921067205909,667,888,4203,0.9307637401855817
tho,0.6645987389091061,603,3397,982,0.9307535641547862
wet,0.8021736232877522,107,1830,4095,0.9304029304029304
magic,0.8521988466992044,18,767,3502,0.9303255282695603
sigh,0.7812762943119264,12,2619,3700,0.9302702702702703
bleed,0.8495188121070278,6,799,3558,0.9300168634064081
host,0.8048412328628053,33,1673,4163,0.9298582752822484
cross,0.7029601282237717,275,3725,2247,0.9296840231419671
ors,0.8074567169308159,1475,123,4191,0.9296110713433549
devil,0.7052845399019104,16,3984,2362,0.9292972057578324
slack,0.934808834894827,9,205,1131,0.9292661361626879
quarto,0.9052653131798227,88,276,1907,0.9292081803880441
image,0.7573261358434473,21,3360,3308,0.9289600967351874
remission,0.8314426628739109,203,887,4024,0.9289264413518886
strain,0.7911326682485896,28,2222,3951,0.9288787648696533
grieved,0.8178086137361928,482,902,4185,0.9287933094384707
rose,0.6824117274705201,811,3189,1838,0.9287268770402611
kiss,0.8069096569450402,7,1544,4199,0.9285544177185044
aliment,0.8899540288643851,5,461,2391,0.9284818067754078
brow,0.8134847479735478,30,1380,4191,0.9284180386542591
bab,0.9557579467522709,9,58,349,0.9283667621776505
lined,0.8314621050731291,101,942,3971,0.9282296650717703
wan,0.9136943723851686,88,213,1587,0.9281663516068053
il,0.7392558475418527,3472,427,3061,0.9281280627245998
young,0.6423340166413173,100,3900,623,0.92776886035313
railed,0.8848455121329485,374,106,2450,0.9277551020408163
thorn,0.8819535073884442,44,461,2560,0.927734375
named,0.6743199411652053,922,3078,1508,0.9277188328912467
bite,0.8593658516989958,35,561,2931,0.927669737291027
bishop,0.6825223068298207,57,3943,1905,0.9275590551181102
fury,0.7758212127457446,164,2557,3664,0.9271288209606987
moll,0.916239475537708,171,97,1413,0.9271054493984431
stout,0.8229532823104426,32,1151,4097,0.9270197705638272
welcome,0.7825129990947691,41,2331,3876,0.9269865841073271
skin,0.7429572265456027,77,3645,3150,0.926984126984127
ran,0.6985071191327576,159,3841,2505,0.9269461077844311
oi,0.7788584206451064,2530,23,3734,0.9268880557043385
martyrs,0.8540100847251958,7,719,3350,0.926865671641791
spice,0.9155883031911966,9,268,1459,0.9266620973269363
complexion,0.7297512135984051,114,3886,2940,0.926530612244898
page,0.6449847088641933,635,3365,829,0.9264173703256936
rays,0.7986063499313821,38,1741,4142,0.9263640753259295
frost,0.8134267875548962,158,1147,4169,0.9263612377068842
wears,0.8023001195739251,60,1617,4167,0.9263258939284857
tht,0.8170003834932307,1274,11,4164,0.9262728146013448
rant,0.9127301003111211,192,108,1584,0.9261363636363636
gore,0.836559743185777,221,691,3786,0.9260433174854728
gout,0.8351441749818134,13,910,3813,0.9260424862313139
waves,0.7885683859980563,12,2161,3984,0.9259538152610441
nought,0.8288189320491963,12,977,3915,0.9256704980842911
mourn,0.7927797208066788,6,1884,4106,0.9252313687286897
lon,0.8621617369784113,349,204,2755,0.9252268602540835
shade,0.760140814942533,43,2928,3535,0.925035360678925
echo,0.8424994466443895,20,830,3662,0.9246313489896232
dressing,0.826383626673588,13,1057,3993,0.9246180816428751
bird,0.7792171636506475,138,2259,3858,0.9245723172628305
sown,0.8105951767888924,63,1318,4182,0.9244380679100909
inflammatory,0.8105656771727247,22,1364,4182,0.9244380679100909
ol,0.7872227859022363,2018,101,4009,0.9244200548765278
us,0.550965147212984,374,3626,92,0.9239130434782609
kendal,0.9427243727618559,4,132,722,0.9238227146814404
hardy,0.7933123577175879,692,1107,4133,0.9235422211468667
marg,0.9544737503101314,3,70,379,0.9234828496042217
bee,0.8189873188909699,497,676,4086,0.9233969652471855
word,0.6295659752688455,333,3667,626,0.9233226837060703
tory,0.8453393221586933,90,671,3450,0.9231884057971015
kep,0.9444346968523958,37,83,636,0.9229559748427673
sweat,0.8199050285943417,14,1148,4070,0.9228501228501228
charming,0.756930629077577,6,2969,3532,0.9227066817667045
colour,0.6927632235637269,199,3801,2328,0.9226804123711341
owns,0.8558581827694579,93,492,2883,0.9226500173430454
maid,0.7464429473786244,52,3429,3268,0.9225826193390453
pears,0.9010256648947185,38,309,1819,0.9224848818031886
groans,0.8199378701427125,8,1129,4049,0.9222030130896518
actions,0.67347814153042,439,3561,1940,0.9221649484536083
sight,0.6628559837856732,120,3880,1425,0.9221052631578948
blazing,0.9063126030801563,8,305,1643,0.9220937309799148
sex,0.7238918045167947,133,3867,2988,0.9220214190093708
herself,0.667761399095232,244,3756,1526,0.9220183486238532
afflictions,0.8034769523738493,4,1424,4191,0.9219756621331424
te,0.6909588945631043,3659,341,2318,0.9219154443485763
londonderry,0.8446092835504216,16,744,3448,0.9216937354988399
cares,0.7735025622317272,183,2356,3741,0.9216786955359529
spleen,0.874301962092915,4,485,2488,0.9216237942122186
miraculous,0.8375962885703838,8,837,3657,0.921520371889527
fay,0.7885266234149799,1875,44,4098,0.9214250854075159
sign,0.6904947109008338,679,3321,2247,0.9212283044058746
rolling,0.8227570431548411,58,1019,3998,0.9212106053026513
unaffected,0.8582358202774725,9,533,2715,0.9211786372007367
sand,0.7728870720720394,490,2003,3775,0.9210596026490067
striking,0.7151560937219112,1107,2893,2918,0.9208361891706648
feast,0.7879569569179348,30,1864,4101,0.9207510363326018
contagion,0.7910781983741965,10,1776,4143,0.9205889452087859
flight,0.7683313156562296,108,2487,3714,0.9205708131394723
leo,0.9108903038143584,70,218,1521,0.9204470742932281
stomach,0.7190773158895125,4,3996,2978,0.9204163868368033
hum,0.8826064797873231,59,389,2311,0.9203807875378623
drawer,0.8469667180644116,216,492,3301,0.9203271735837625
piercing,0.8447344170681289,11,738,3410,0.9202346041055719
wilt,0.7719486900871197,101,2366,3793,0.9201160031637227
horn,0.7860079010643783,136,1721,4111,0.9199708100218925
reward,0.6378161339118354,272,3728,824,0.9199029126213593
agonies,0.843178462418632,5,756,3450,0.9197101449275362
ranger,0.8520149795853966,129,465,2923,0.9196031474512487
eager,0.7893657072254544,127,1680,4129,0.9195931218212642
rising,0.6839995111756784,406,3594,2197,0.919435593991807
washed,0.791950813438514,6,1628,4178,0.9193393968405936
vocation,0.9300970846783593,5,180,978,0.9192229038854806
youth,0.6662590832568616,116,3884,1609,0.9192044748290864
millet,0.947302704898299,4,79,433,0.9191685912240185
nill,0.9827819957438306,22,8,136,0.9191176470588235
epidemic,0.8041941823658381,5,1347,4176,0.9190613026819924
wonders,0.7933606799437869,10,1498,4216,0.9188804554079696
shrubs,0.8487722417621405,6,617,3041,0.9187767181848077
sanctify,0.8540996729733864,6,552,2775,0.9185585585585586
tite,0.9255664806746275,201,5,1090,0.918348623853211
fates,0.9014265133431434,97,232,1726,0.9183082271147162
pile,0.8504968150057044,36,554,2909,0.9181849432794775
unfold,0.8339785814534316,123,711,3627,0.9181141439205955
dose,0.8201613360667801,10,1013,3944,0.9181034482758621
match,0.8107712231810559,114,1083,4111,0.9180248114813914
creatures,0.6687825060473719,133,3867,1939,0.9179989685404848
priest,0.7081642412537986,25,3975,2852,0.9179523141654979
hone,0.9448504850028888,44,47,475,0.9178947368421052
glaze,0.9702300327193503,5,35,207,0.9178743961352657
divine,0.625908354845653,61,3939,681,0.9177679882525698
eternal,0.6479183341001102,22,3978,1345,0.9174721189591079
spirit,0.6113449537592363,207,3793,424,0.9174528301886793
old,0.6047224112025027,269,3731,375,0.9173333333333333
worn,0.729964755899617,187,3484,3180,0.9172955974842767
columbus,0.8081814754197238,16,1201,4138,0.917109714838086
animal,0.7062300782394345,33,3967,2850,0.9168421052631579
resolve,0.6479196227705302,3353,647,1117,0.9167412712623098
leap,0.8462076805016403,26,622,3132,0.9166666666666666
spiritual,0.67208980102438,36,3964,2082,0.9164265129682997
lodge,0.7653705582101945,472,2038,3767,0.9163790814972126
fire,0.628604087719878,350,3650,765,0.9163398692810457
cou,0.8116006850272091,552,600,4063,0.9163179916317992
combs,0.8455882663447338,19,611,3071,0.9163139042657115
milk,0.7237896537529215,43,3810,3093,0.9162625282896864
ire,0.8252368149268262,668,231,3761,0.9162456793406009
nurse,0.7910379773374318,39,1450,4212,0.9161918328584995
cheerful,0.7852271696945875,32,1756,4140,0.9161835748792271
columbia,0.7850886866723876,198,1543,4157,0.9160452249218186
baptist,0.7802534828641563,156,1837,4060,0.9160098522167488
lime,0.7648583065298724,370,2080,3811,0.9157701390711099
rol,0.8471989447723598,97,502,2940,0.9156462585034013
thyself,0.7748529378578791,4,2250,3948,0.9154002026342452
defiled,0.8919456107926733,6,375,1993,0.9152032112393377
innkeeper,0.857034042911321,65,454,2615,0.9151051625239006
bake,0.8422754930129451,39,698,3369,0.914811516770555
raging,0.8296975362751041,33,794,3612,0.9147286821705426
wore,0.789213168220263,94,1392,4210,0.9147268408551069
id,0.6976886190426971,3800,200,2713,0.914485809067453
forest,0.7813397117459715,21,1858,4104,0.9144736842105263
lover,0.7449735169730441,26,3115,3449,0.9144679617280371
failing,0.7716388330302142,697,1602,3925,0.9143949044585987
ning,0.7854171504548969,124,1498,4186,0.9142379359770664
deeds,0.6786849296372901,2084,1916,2250,0.9142222222222223
acrimony,0.8458626660248444,17,595,3002,0.9140572951365756
mad,0.7736177841921145,238,1992,3955,0.9140328697850821
pray,0.6548910767703647,293,3707,1465,0.9139931740614334
breeze,0.805534363267024,4,1186,4113,0.9139314369073669
strayed,0.7783471515603524,6,1985,4062,0.913835548990645
wind,0.6598005783376869,52,3948,1762,0.9137343927355278
strife,0.7972542999562275,10,1335,4172,0.9137104506232023
lively,0.7418471559117374,100,3128,3391,0.9135948097906222
ie,0.7353978649556533,3319,47,3320,0.9135542168674698
pity,0.6788773287897543,38,3962,2462,0.913484971567831
led,0.6485857183167157,652,3348,1408,0.9133522727272727
darling,0.8123685132175756,36,1047,4011,0.9132385938668661
hic,0.9161461940415281,58,176,1233,0.9132197891321979
pane,0.9598769255295553,9,47,288,0.9131944444444444
redemption,0.7085338049144957,787,3213,3001,0.9130289903365545
popery,0.8253815603760685,8,840,3661,0.9128653373395247
flocks,0.8132305008972076,84,909,3916,0.9126659856996936
erring,0.9207068209616728,13,197,1110,0.9126126126126126
virgin,0.7815572853668988,27,1739,4149,0.9122680163894914
ate,0.7790309752567668,1452,453,4096,0.912109375
blaze,0.7844770787290242,24,1536,4208,0.9120722433460076
testament,0.708571292994135,363,3637,3021,0.9119496855345912
world,0.5895573263479852,138,3862,272,0.9117647058823529
lit,0.8100608772083862,774,309,4011,0.9117427075542259
mental,0.7855625690161349,56,1421,4203,0.9117297168689031
clumsy,0.9216374642953502,3,196,1053,0.9116809116809117
20d,0.9046793330004561,6,272,1467,0.9113837764144512
son,0.6144298631921287,358,3642,688,0.9113372093023255
sons,0.6569345179388664,421,3579,1713,0.9112667834208991
nd,0.6750249283684399,3539,461,2490,0.9112449799196787
temples,0.8046876229845877,4,1151,4066,0.9112149532710281
them,0.5701637175539939,755,3245,45,0.9111111111111111
diana,0.8700059001530007,13,436,2315,0.9110151187904968
log,0.7745699515075687,136,1931,4035,0.9107806691449815
songs,0.7830142294829163,6,1589,4191,0.910761154855643
miracles,0.7774170507407918,12,1845,4111,0.9107273169545123
peace,0.6040712868290156,1380,2620,323,0.9102167182662538
leaves,0.6781224661405402,230,3770,2528,0.9102056962025317
walks,0.7789658852450265,33,1803,4120,0.9101941747572816
virtue,0.6126803832636304,806,3194,534,0.9101123595505618
dawn,0.80461196717072,19,1126,4050,0.9096296296296297
giv,0.8572017521703695,170,309,2445,0.9096114519427403
noble,0.6587184448343018,146,3854,1880,0.9095744680851063
calle,0.9446839999486055,63,11,387,0.9095607235142119
dwarf,0.9093584615911173,3,255,1359,0.9094922737306843
lady,0.6430541816681874,30,3970,1070,0.9093457943925234
viper,0.9172937692923441,6,196,1069,0.9092609915809168
button,0.8885619844502833,24,353,1971,0.9091831557584982
scots,0.8260726424790893,18,783,3545,0.9091678420310296
hr,0.8676356411143669,438,10,2311,0.9091302466464734
it,0.6045071044683628,984,3016,22,0.9090909090909091
studies,0.7991628363881321,38,1167,4120,0.9089805825242718
bid,0.7038617264783162,255,3745,2940,0.908843537414966
fashion,0.7539518121703278,26,2458,3781,0.9087542978048135
mouth,0.6523844010904815,514,3486,1731,0.9087232813402657
dry,0.6696432328044376,130,3870,2136,0.9087078651685393
exaltation,0.8901892943734192,6,351,1872,0.9086538461538461
pap,0.9154268060055991,138,93,1215,0.908641975308642
awake,0.7811143127890373,18,1615,4177,0.9085468039262629
earthly,0.7597337360669412,14,2338,3891,0.9085068105885377
re,0.6425973030051076,3042,958,1071,0.9084967320261438
judgment,0.621332690678889,1678,2322,655,0.9083969465648855
blood,0.6236014467980371,146,3854,774,0.9082687338501292
priz,0.9343589449217194,14,88,534,0.9082397003745318
bishops,0.6916674192035661,10,3990,2713,0.9082196830077405
threatning,0.8692939729223207,14,420,2249,0.9079590929301912
1o,0.7981288268284757,1160,51,4127,0.9079234310637266
laughter,0.8398066827022038,4,643,3127,0.9078989446754078
youthful,0.7941984479240065,8,1245,4166,0.9075852136341814
sloth,0.8450656013126753,6,550,2768,0.9075144508670521
nap,0.9169653344276275,16,186,1069,0.9073900841908326
baptized,0.7523204146028336,10,2513,3757,0.9073729039126963
smile,0.7346071044568365,31,3098,3449,0.9072194839083793
comforted,0.8211785940837159,3,830,3622,0.9069574820541138
transit,0.855048251894115,10,473,2461,0.9069483949613978
best,0.6018378988478944,1201,2799,376,0.9069148936170213
thunder,0.7508498817238645,16,2527,3737,0.9068771742039069
face,0.6388785174502317,144,3856,1116,0.9068100358422939
belly,0.7771613013256367,21,1705,4159,0.9067083433517672
appetite,0.7764816058690631,9,1727,4157,0.9066634592254029
revelation,0.7094580830850217,8,3723,3148,0.9066073697585769
01,0.8337529641398951,621,102,3339,0.9065588499550764
superfine,0.794506339516865,42,1193,4149,0.9064834899975898
drawers,0.841295718065069,30,571,2950,0.9064406779661017
amusements,0.7957188830752558,5,1210,4134,0.9063860667634253
cap,0.7516738781363417,836,1616,3810,0.9062992125984252
fev,0.9302859645642287,107,12,628,0.9060509554140127
ladies,0.6766903020509344,23,3977,2565,0.9060428849902534
scribe,0.893964989033715,35,264,1575,0.9060317460317461
reader,0.6702407561947348,79,3921,2457,0.905982905982906
olive,0.803874326965991,27,1019,3976,0.9059356136820925
skies,0.7472951946637121,3,2662,3678,0.9059271343121261
leg,0.7759336581756003,227,1517,4159,0.9057465736955999
wo,0.7917607488618581,491,787,4169,0.9057327896378028
haste,0.7477273898517492,37,2538,3723,0.9057211925866236
fac,0.9286052695707419,29,124,806,0.9057071960297767
serene,0.794713297103865,26,1180,4123,0.9056512248362842
recovered,0.6502543136941832,2422,1578,1628,0.9054054054054054
tickle,0.9160712462943783,3,207,1110,0.9054054054054054
walk,0.6676033128679211,43,3957,2154,0.9052924791086351
fled,0.7166757489077513,493,3040,3247,0.9051432091161071
adorn,0.7878084031452768,10,1370,4183,0.9050920392063112
tot,0.8669794258464606,265,161,2209,0.9049343594386601
howell,0.7557870401522078,1591,741,3906,0.9047619047619048
thould,0.7847449600781036,1398,9,4189,0.9047505371210313
appearance,0.6335696583696636,448,3552,1195,0.9046025104602511
ij,0.844840341593226,470,66,2692,0.9045319465081724
medical,0.7551981920345154,441,1903,3894,0.9044684129429892
tithe,0.9298623779114188,48,72,636,0.9040880503144654
dust,0.7187729481153688,32,3401,3294,0.9040680024286581
water,0.6091892145329434,263,3737,469,0.9040511727078892
cry,0.669913524989316,200,3800,2355,0.9040339702760085
wafted,0.9050026064216294,46,209,1342,0.9038748137108793
feeds,0.8558521399551442,12,457,2400,0.90375
den,0.8305813990816452,213,490,3283,0.9037465732561681
infernal,0.7995951524179465,8,1100,4037,0.9036413178102551
grate,0.8560070654218394,24,440,2382,0.9034424853064652
irish,0.6921141758212194,51,3949,2888,0.903393351800554
fetch,0.7761839288597352,570,1001,4201,0.9033563437276839
anticipates,0.9388916269470965,3,82,444,0.9031531531531531
strike,0.674554927789976,1688,2312,2584,0.9028637770897833
trimmed,0.8286196144215978,22,700,3341,0.9027237354085603
proceeds,0.6918669684345583,1886,2114,2909,0.9027157098659333
scene,0.6479072941781685,70,3930,1644,0.902676399026764
heart,0.6031584361067764,37,3963,349,0.9025787965616046
friar,0.8559518719893526,19,437,2349,0.9025117071094083
hill,0.6622696273885004,658,3342,2123,0.9024964672633067
distress,0.6471478843994067,646,3354,1639,0.9023794996949359
symptoms,0.6911377279418071,36,3964,2867,0.9023369375653993
card,0.8218070967987154,44,733,3486,0.902180149168101
dee,0.903595552175699,88,166,1338,0.9020926756352765
rage,0.686687888701831,96,3904,2773,0.9019112874143527
marrow,0.8952677670909048,5,264,1417,0.9019054340155258
enquire,0.6650798041833055,539,3461,2177,0.9016995865870464
forth,0.6190983668144122,1124,2876,844,0.9016587677725119
works,0.6311323389873648,317,3683,1088,0.9016544117647058
lovelace,0.8933765845424765,8,273,1482,0.9014844804318488
bosom,0.6661324006422926,52,3948,2228,0.9012567324955116
fearless,0.889574442963842,3,321,1701,0.9012345679012346
tower,0.783300043771135,32,1353,4182,0.9010043041606887
hundreds,0.7735246274725704,631,1056,4162,0.9007688611244594
cc,0.8028000345582555,954,25,3910,0.90076726342711
frank,0.8003105587507594,92,942,3960,0.9007575757575758
altar,0.7584850610275288,12,2172,3980,0.9007537688442211
striped,0.7157208554521312,7,3411,3304,0.9007263922518159
hose,0.7918198869943125,189,988,4091,0.900268882913713
jove,0.8362112881561525,7,571,2853,0.900105152471083
buttons,0.725849014716889,37,2944,3523,0.9000851546977008
tied,0.7446305936402565,256,2221,3783,0.9000793021411578
abated,0.7824899487453244,450,941,4179,0.8999760708303421
ac,0.7103102681485871,3272,232,3256,0.8998771498771498
cleanliness,0.8309914195055822,8,637,3123,0.8997758565481908
tinsel,0.9224839851026677,4,155,838,0.8997613365155132
bark,0.7050795283001957,64,3649,3151,0.8997143763884481
ion,0.6634307689929038,3824,176,2303,0.8996960486322189
majestic,0.8241508441445453,3,727,3358,0.899642644431209
commandments,0.7698098100003018,7,1748,4152,0.8995664739884393
warr,0.9380170699565854,40,36,398,0.8994974874371859
sound,0.6459799628614891,219,3781,1771,0.8994918125352908
illustration,0.7591930346150041,69,2081,3984,0.8993473895582329
charlotte,0.7640234947259916,94,1811,4096,0.899169921875
medicine,0.7083273470153981,143,3411,3241,0.8991052144399877
providence,0.6274959043899041,360,3640,1189,0.8990748528174937
how,0.5665372272551739,527,3473,208,0.8990384615384616
forgets,0.8923377594709103,6,266,1433,0.8988136775994418
thoughtless,0.819474863830804,11,765,3485,0.8987087517934003
spots,0.7841491183799815,23,1266,4166,0.8987037926068171
tun,0.8614942635211493,107,302,2131,0.8986391365556077
green,0.6467015511267167,422,3578,1805,0.8986149584487535
hide,0.7571903485733759,110,2003,4011,0.8985290451259038
floats,0.9158032907532453,8,173,954,0.8983228511530398
prophecy,0.7598218602627753,16,1994,4052,0.8983218163869694
bell,0.7369389760613604,356,2332,3676,0.8982589771490751
yourself,0.6551859134239115,99,3901,2091,0.8981348637015782
voice,0.6270656126353638,176,3824,1146,0.8979057591623036
sway,0.7740086072475667,31,1447,4205,0.8977407847800237
vent,0.7972267996395509,220,810,3953,0.8972931950417404
adam,0.6844382320661941,232,3768,2861,0.8972387277175813
ve,0.6868168626497795,1411,2589,2909,0.8972155379855621
man,0.5453510078882579,242,3758,107,0.897196261682243
mort,0.927084383826773,102,32,710,0.8971830985915493
ruled,0.7700658595891406,871,706,4195,0.8970202622169249
advanced,0.6420693967633218,1147,2853,1727,0.8969310943833236
episcopalians,0.8230604209547324,5,699,3287,0.8968664435655613
bull,0.7526940396750444,490,1738,3956,0.8968655207280081
book,0.626071932692842,1159,2841,1066,0.8968105065666041
nb,0.9256737955270926,125,5,687,0.8966521106259098
lifted,0.7793670142534032,93,1295,4180,0.8966507177033493
boy,0.6658843540032594,64,3936,2524,0.8965927099841522
bitt,0.9703861022746398,20,7,116,0.896551724137931
cleves,0.9051891485508644,191,45,1245,0.8963855421686747
tragedy,0.8260764599041786,8,638,3127,0.8960665174288456
cure,0.6665962403982765,221,3779,2567,0.8959875340864822
readers,0.7426464254723394,27,2389,3841,0.8958604530070294
cleared,0.6620840169541711,315,3685,2473,0.895673271330368
bland,0.7621837372097383,1307,529,4120,0.8956310679611651
writing,0.6255021642723024,2245,1755,1063,0.8955785512699906
theme,0.7939072433939873,42,996,3964,0.8955600403632694
anguish,0.7353335755233128,6,2616,3705,0.8955465587044534
intercession,0.8344728993430762,8,539,2727,0.8951228456178951
maria,0.7384257389907493,33,2403,3821,0.8950536508767338
egypt,0.7191648708136855,10,3001,3496,0.8950228832951945
cloth,0.650757156449394,159,3841,2086,0.8950143815915628
rest,0.6067804307186055,258,3742,788,0.8946700507614214
milton,0.814185197332686,176,609,3502,0.8946316390633924
favors,0.7846353918449868,645,571,4137,0.8946096204979453
thi,0.7379534467425476,2297,183,3785,0.8945838837516512
dispensations,0.7948727305460138,8,984,3916,0.894535240040858
expiring,0.8077765716423514,153,706,3681,0.8943221950556914
clime,0.8247460070136127,10,635,3123,0.8940121677873839
scorn,0.7581328213149251,11,1841,4110,0.8936739659367396
spectre,0.9084793776775407,5,201,1090,0.8935779816513761
hould,0.8208731549160813,656,32,3239,0.8934856437171966
curse,0.7178320573109924,74,2909,3521,0.8932121556376029
spit,0.8492607962358003,14,429,2292,0.8931064572425829
devotion,0.7474526360975765,102,2157,3946,0.8930562595032945
gentleman,0.6031854606318439,1770,2230,645,0.8930232558139535
mall,0.8613776446050166,252,145,2069,0.8927017883035283
hun,0.8441290032289215,434,58,2505,0.8926147704590819
creation,0.6847298143300533,115,3885,2960,0.8925675675675676
drink,0.6495082238950416,179,3821,2082,0.8924111431316042
afore,0.7562022234786714,1773,158,4097,0.8923602636075177
preaching,0.7046819062084944,56,3411,3272,0.8921149144254279
brisk,0.8275763880440283,5,578,2873,0.8920988513748694
wax,0.7749488699394419,60,1344,4189,0.8920983528288374
full,0.6017374852082004,1225,2775,500,0.892
boiled,0.7761357994084253,8,1347,4173,0.8919242751018452
ourt,0.8711878269404244,349,4,1849,0.8918334234721471
terrors,0.763057370111743,25,1659,4166,0.8917426788286126
sore,0.7635512859934702,29,1641,4174,0.8917105893627216
gift,0.6806517353240723,477,3523,2908,0.8916781292984869
anger,0.7268800341244398,29,2682,3662,0.891589295466958
exhortation,0.806401961645534,4,839,3650,0.8915068493150685
jew,0.776500839421521,13,1301,4172,0.8911792905081496
glass,0.6580772528803952,136,3864,2490,0.8911646586345382
rare,0.770740253558346,82,1356,4199,0.8911645629911884
ia,0.7469546913202848,2150,61,3960,0.8911616161616162
sinking,0.7480479384278986,517,1609,4003,0.89108168873345
float,0.849465409268086,66,365,2230,0.8910313901345291
cr,0.7672099052155843,1347,157,4212,0.8910256410256411
circles,0.8153085930353049,12,729,3384,0.8909574468085106
isabella,0.7889058851722514,8,1038,3976,0.8908450704225352
mir,0.891552199768772,239,21,1372,0.89067055393586
ife,0.8694069194843868,361,13,1957,0.8906489524782831
appendix,0.7226763119281561,2062,732,3620,0.8906077348066298
worldly,0.7339475048642131,16,2484,3773,0.8905380333951762
breathe,0.7790103176885819,12,1248,4165,0.890516206482593
orange,0.7613354318026155,354,1332,4165,0.890516206482593
stubborn,0.8242237936114789,18,589,2976,0.8904569892473119
footsteps,0.8163869997784287,8,726,3367,0.8904068904068904
locke,0.8099360514513421,303,495,3539,0.8903645097485166
workers,0.9008143370063668,6,233,1258,0.890302066772655
cant,0.8461987803032989,40,417,2351,0.8902594640578477
noise,0.7025889710839434,41,3372,3303,0.8900999091734787
knit,0.8351056799923406,6,524,2666,0.8900975243810952
floor,0.7001749660787254,504,3018,3255,0.890015360983103
immortal,0.7014819818319716,27,3439,3273,0.8900091659028414
pains,0.6552781135396524,505,3495,2226,0.889937106918239
nonsense,0.8218030372802367,18,611,3064,0.889686684073107
wilkes,0.8180563900702259,263,429,3253,0.8896403320012296
clover,0.8095389596702661,3,799,3551,0.8896085609687412
melasses,0.8032491775043601,6,855,3685,0.889280868385346
fer,0.8162879960501105,682,44,3350,0.8892537313432836
velvet,0.7914046660231666,6,993,3917,0.8892009190707174
em,0.7536525692424811,660,1240,4097,0.889187210153771
moved,0.6348488712882848,2260,1740,1543,0.8891769280622165
ant,0.760634834884605,1399,257,4184,0.8891013384321224
crying,0.7611378100416548,19,1635,4182,0.8890483022477284
wrath,0.6704797891499554,8,3992,2781,0.8888888888888888
bead,0.9229038778949485,37,79,612,0.8888888888888888
caesar,0.7513737690432888,25,1933,4085,0.8886168910648715
string,0.7814868019252867,19,1164,4097,0.8884549670490602
curses,0.8199127727665518,7,657,3180,0.8883647798742138
holy,0.6014627530921093,47,3953,778,0.8881748071979434
bitterness,0.7920327880078065,12,940,3866,0.887997930677703
quadrants,0.9480670338764738,3,42,232,0.8879310344827587
move,0.6682153989944403,815,3185,2708,0.8877400295420975
cries,0.7166823287059637,30,2809,3598,0.8877153974430239
deliverance,0.7333727219102253,49,2365,3841,0.8875292892475918
purchas,0.9138428920830347,7,158,869,0.8872266973532796
tempting,0.866931646975721,19,352,1939,0.887055183084064
mistress,0.6930997335110308,289,3300,3229,0.8869619077113657
warm,0.6465768041171714,94,3906,2086,0.8868648130393096
scatter,0.8255822230083399,11,548,2774,0.8868060562364816
sf,0.8901880842735683,252,3,1342,0.886736214605067
won,0.7394960112349022,122,2154,3940,0.8865482233502539
ti,0.6893861806059833,3664,179,3098,0.8863783085861846
wither,0.8485825879035149,11,404,2156,0.8863636363636364
invisible,0.770776929894611,16,1333,4176,0.8862547892720306
action,0.6140439777885193,777,3223,1277,0.8856695379796398
doings,0.7594721389649675,603,924,4207,0.885666745899691
tomb,0.7630498385898837,7,1469,4206,0.8856395625297194
party,0.5933206205989501,1610,2390,741,0.8852901484480432
transgression,0.7905031578625862,22,929,3865,0.8851228978007762
stimulating,0.8381051235290748,15,470,2470,0.8850202429149797
strings,0.7878562894044244,44,938,3917,0.8848608629052847
turtle,0.8462782341632655,12,404,2162,0.8848288621646624
refine,0.8730928596598274,17,288,1606,0.8848069738480697
earth,0.5949254162202349,74,3926,659,0.8846737481031867
stable,0.725233240223353,137,2403,3741,0.884522854851644
play,0.6677283755269507,150,3850,2791,0.884270870655679
stopt,0.8130574116313534,14,673,3237,0.8841519925857275
healing,0.7955625550137324,12,879,3743,0.884050227090569
dream,0.7461623220613456,14,2006,4053,0.8840365161608685
ait,0.8498254797416392,388,15,2102,0.8839200761179828
veins,0.7864536061664665,9,968,3910,0.8838874680306905
rome,0.6481455271030163,304,3696,2196,0.8838797814207651
staff,0.7703094635047147,408,895,4167,0.8836093112550996
ft,0.7417331654338082,1995,118,4011,0.8835701819995013
recoiled,0.9283108363899418,4,83,455,0.8835164835164835
laces,0.8426931926596709,38,419,2351,0.8834538494257763
prayers,0.6742105683653603,102,3898,2965,0.8833052276559865
stupid,0.7827092705736383,8,1063,3993,0.8827948910593538
dismal,0.7736640049058173,10,1226,4153,0.8827353720202263
brightness,0.7923439385473444,4,904,3773,0.8825868009541479
atonement,0.779218441907699,13,1133,4050,0.8824691358024691
cyrus,0.7847175530909827,147,853,3918,0.8823379275140377
eliza,0.764010108253415,29,1392,4189,0.8820720935784196
purses,0.8750277502759294,10,257,1405,0.8818505338078292
cock,0.7990795713454032,58,769,3612,0.8815060908084164
dead,0.6108873500923545,245,3755,1147,0.8814298169136879
needle,0.8035715553112126,49,731,3494,0.8812249570692616
arm,0.6456331378630427,439,3561,2154,0.8811513463324049
cortes,0.8046725203655595,8,748,3435,0.8809315866084425
news,0.6561398149580996,455,3545,2595,0.8809248554913295
parson,0.7804489382605604,41,1053,4030,0.8808933002481389
fellows,0.7458588259670473,140,1781,4097,0.880888454967049
mock,0.8023905395110421,38,750,3513,0.8807287218901224
aut,0.8554171444360856,254,124,1978,0.8806875631951466
steeple,0.8621674140709312,3,337,1785,0.880672268907563
error,0.6388724961394185,1197,2803,2043,0.8805677924620656
rough,0.7490133645620226,136,1620,4152,0.8805394990366089
shell,0.7904963899916398,83,835,3800,0.8805263157894737
777,0.870472139924082,260,28,1521,0.8803418803418803
felling,0.8031916031335896,718,49,3466,0.880265435660704
perspective,0.8974449713610938,4,221,1185,0.880168776371308
sweets,0.7819038613996898,11,1010,3938,0.8801422041645506
alfred,0.8131874637868731,25,634,3162,0.8801391524351676
shuddering,0.9100844143223976,3,158,849,0.8798586572438163
chauncey,0.8698316109159295,211,83,1554,0.8796653796653797
guardian,0.6871834646537203,1805,1833,3205,0.8795631825273011
lb,0.7259584549256228,1129,1217,3894,0.8795582948125321
solitary,0.7553402524469771,62,1455,4209,0.879543834640057
attainments,0.8409504228773735,4,438,2289,0.8794233289646134
remedies,0.7390486471603596,111,1969,4028,0.8793445878848064
ail,0.8124444331419457,566,94,3165,0.879304897314376
whisper,0.8126501940399582,10,648,3159,0.8790756568534346
regis,0.7710054379909066,1148,69,4138,0.8789270178830353
a6,0.7833425017543956,971,3,3909,0.8787413660782809
fishes,0.8397342393862954,8,454,2374,0.8786857624262847
affliction,0.7196278834732576,11,2484,3775,0.8786754966887417
awoke,0.8316423082318127,3,487,2495,0.878557114228457
pulpit,0.7823509693507739,11,972,3916,0.8784473953013279
himself,0.5531637586819422,502,3498,263,0.8783269961977186
church,0.5821574434662373,214,3786,394,0.8781725888324873
waw,0.9738676226993449,4,18,82,0.8780487804878049
rapture,0.7679079787955218,3,1273,4168,0.8778790786948176
commandment,0.7705482465473183,13,1192,4120,0.8776699029126214
don,0.627902215584575,175,3825,1836,0.8774509803921569
pitiful,0.8439060288484489,8,408,2162,0.8774283071230342
nay,0.6384148638204938,573,3427,2064,0.877422480620155
tin,0.7665332756638294,564,735,4167,0.8773698104151668
entertaining,0.7678727302989815,135,1135,4167,0.8773698104151668
flames,0.7307608678222784,30,2236,3949,0.8771840972398075
ny,0.7491649448946018,1510,114,4184,0.877151051625239
heaven,0.5922115139811246,28,3972,651,0.8771121351766513
paul,0.633208420329199,237,3763,1904,0.8771008403361344
substances,0.7677003990638283,5,1266,4165,0.8770708283313325
hated,0.7747753963858336,23,1120,4051,0.8765736855097507
meekness,0.7765166302097669,3,1089,4029,0.8763961280714817
instruction,0.6610911251392041,415,3585,2748,0.87627365356623
envied,0.8417067742306217,6,415,2182,0.8762603116406966
joyful,0.7491148106435086,5,1633,4176,0.8761973180076629
carving,0.9146406983630913,3,140,750,0.876
saved,0.6327900801984165,229,3771,1993,0.8755644756648269
paint,0.7732283881522628,48,1107,4066,0.8755533694048204
pole,0.7475386187987042,139,1549,4162,0.8755406054781355
mace,0.7837743200971333,30,897,3823,0.8754904525241957
plants,0.7025374269487292,41,2811,3593,0.8753131088227109
pots,0.7754414928536414,40,1060,4036,0.8751238850346879
house,0.5259230785183159,1356,2644,104,0.875
or,0.5948191521731193,1895,2105,24,0.875
eggs,0.7482470231450451,7,1632,4175,0.8749700598802396
pf,0.8147889300275947,575,3,2853,0.8748685594111462
creature,0.6416838422301079,98,3902,2187,0.8747142203932328
plain,0.6047903099924128,209,3791,1244,0.8745980707395499
master,0.5893206272786214,918,3082,621,0.8743961352657005
pher,0.9262156305503,11,65,398,0.8743718592964824
obsolete,0.8220833430166689,366,155,2625,0.8742857142857143
help,0.6241662736665321,352,3648,1608,0.8737562189054726
ey,0.7993326415160505,429,320,3410,0.8736070381231672
womens,0.7346008448037887,3,2064,4035,0.8736059479553904
gloomy,0.707199783179713,22,2688,3665,0.8731241473396999
stairs,0.74277440443798,18,1748,4149,0.8729814413111593
file,0.7367590173797743,1277,706,4070,0.8729729729729729
grief,0.6445272549973405,20,3980,2464,0.8729707792207793
cur,0.8537156466801753,178,172,1834,0.8729552889858233
cable,0.8165063872184456,43,501,2720,0.8727941176470588
favourite,0.7141572450997434,24,2499,3757,0.8727708277881289
fe,0.695499844981698,2864,237,3457,0.8727220133063349
ali,0.8215358137651533,425,97,2631,0.8726719878373242
beset,0.830543218490004,15,456,2411,0.8726669431771049
rock,0.6713493394046753,224,3678,3061,0.8725906566481542
whieh,0.8791502047587526,234,4,1255,0.8725099601593626
female,0.6566027546375208,179,3821,2731,0.8722079824240205
acute,0.7793676723786774,13,940,3871,0.8721260656161198
piles,0.8322906115418283,43,411,2338,0.8721129170230967
work,0.5843815609182335,367,3633,609,0.8719211822660099
adieu,0.7247783093257578,18,2243,3947,0.8718013681276919
rolls,0.7486711464357895,625,894,4208,0.8716730038022814
sounding,0.7957102032521668,21,737,3440,0.8715116279069768
affectation,0.800410574274894,10,724,3367,0.8713988713988714
glory,0.5933891926968136,47,3953,816,0.8713235294117647
balfour,0.9317737353544466,3,56,303,0.8712871287128713
saith,0.6420514881809813,47,3953,2237,0.8712561466249441
market,0.619198619925707,735,3265,1536,0.87109375
comfort,0.6321190469576082,175,3825,2055,0.8710462287104623
key,0.7366513796856733,228,1720,4086,0.8710230053842388
struck,0.6345985641749305,738,3262,2115,0.8709219858156029
loving,0.7296678814137267,24,2099,4005,0.8709113607990012
fans,0.8515261253714671,66,293,1882,0.8708820403825718
cup,0.7279839334245507,33,2142,3986,0.8707977922729554
retail,0.7626840608444145,346,933,4169,0.8707124010554089
malevolent,0.8658558696838453,5,265,1423,0.8706957132817991
moving,0.7332717052897559,218,1814,4044,0.8706726013847675
softening,0.8865080689031666,4,225,1205,0.870539419087137
beat,0.6708135531515499,209,3620,3104,0.8704896907216495
grog,0.8477626144941859,3,372,1960,0.8704081632653061
exceeding,0.6196281162544547,2478,1522,1603,0.8702432938240798
spring,0.6181520759142355,181,3819,1500,0.87
peach,0.8103289071940244,25,567,2919,0.8698184309695101
strait,0.753574354218967,57,1357,4190,0.8694510739856802
discourse,0.6398560677135983,41,3959,2480,0.8693548387096774
natural,0.6014945937663123,62,3938,1362,0.869309838472834
snow,0.6413923231908515,203,3797,2392,0.8691471571906354
clergy,0.6586577180306192,549,3451,2876,0.8689151599443672
motion,0.5794271467616139,2595,1405,701,0.8687589158345221
head,0.5751295178358399,381,3619,556,0.8687050359712231
marchant,0.8341891073626901,400,25,2201,0.8686960472512494
reef,0.8233441280202174,17,467,2467,0.8686663964329144
rs,0.6838363508114609,1901,1557,3281,0.8686376104846083
trueman,0.8536349164328397,22,310,1743,0.8686173264486517
wild,0.6400286902493193,120,3880,2511,0.8685782556750299
pleasurable,0.8986366510874516,3,173,928,0.8685344827586207
ile,0.8096844609891839,555,38,2919,0.868448098663926
bent,0.7463537346770089,67,1479,4202,0.8683960019038554
vid,0.8202841011717515,467,47,2605,0.8683301343570058
eternity,0.6689521222129583,14,3852,3090,0.8682847896440129
fruit,0.6280018105248115,58,3942,2049,0.8682284040995608
rect,0.9341267608126966,42,8,258,0.8682170542635659
living,0.5948113472215647,235,3765,895,0.8681564245810056
altars,0.8230386899406308,4,494,2531,0.8680363492690636
returned,0.6002595282297291,909,3091,915,0.8677595628415301
br,0.7465915588160117,1354,140,4212,0.8677587844254511
rude,0.724989758002835,38,2078,4013,0.8674308497383504
vortex,0.8274490267168865,31,429,2365,0.86723044397463
bristol,0.6612277813450268,364,3636,2980,0.8671140939597315
travels,0.7511368199366723,19,1402,4189,0.867032704702793
naked,0.7054783287507085,127,2456,3720,0.8669354838709677
superior,0.6104946671648386,1013,2987,1435,0.8668989547038327
winds,0.6904915786352996,48,3158,3406,0.8667058132706987
slept,0.7668117629429113,14,1122,4050,0.8666666666666667
an,0.5574662516871323,1218,2782,45,0.8666666666666667
sins,0.6243336363927006,14,3986,1912,0.8666317991631799
covering,0.7416833584672352,243,1385,4183,0.8666029165670571
tor,0.7456545508038028,1449,67,4210,0.8665083135391924
real,0.5918123174490432,1464,2536,815,0.8662576687116564
amiable,0.6570063326336227,33,3967,2908,0.8662310866574966
horizon,0.7689878176736601,5,1045,3983,0.8661812703991966
horrible,0.7624705360809811,14,1175,4109,0.8659041129228523
spoke,0.6121087337426917,283,3717,1484,0.8659029649595688
fanny,0.753975437423597,11,1338,4176,0.8659003831417624
fol,0.7443690921793081,1245,304,4197,0.8658565642125328
jack,0.7240474073010683,77,2014,4019,0.865638218462304
simple,0.6347965862688466,680,3320,2307,0.8656263545730386
snake,0.7972531733548538,30,675,3288,0.8655717761557178
thick,0.6515673447713975,113,3887,2730,0.8655677655677656
complacency,0.8020545769340032,4,641,3123,0.8655139289145053
kitchen,0.6734473723769452,29,3642,3180,0.8654088050314466
mathews,0.7652644902889777,943,205,4053,0.8652849740932642
shine,0.6925631078057197,14,2893,3564,0.8650392817059483
tricks,0.8026816577214292,18,606,3045,0.865024630541872
ascended,0.7663922343565696,6,1111,4042,0.8649183572488867
exhibition,0.7858733228268229,59,764,3603,0.8648348598390231
premises,0.6132491420938903,575,3425,1501,0.8647568287808128
cott,0.9172496525692565,62,17,414,0.8647342995169082
bible,0.678070626127292,32,3430,3277,0.8645102227647238
rife,0.8940491254335691,141,43,974,0.864476386036961
read,0.5622824203913624,2190,1810,376,0.8643617021276596
ore,0.7411710682218179,745,808,4199,0.8640152417242201
converts,0.7920292092078292,16,728,3394,0.863877430760165
hard,0.6112622760582597,300,3700,1526,0.8636959370904325
yi,0.9042985734359071,140,9,785,0.8636942675159236
embraces,0.780880519201551,53,814,3703,0.8636240885768296
humility,0.7223831873135691,16,2064,4028,0.8634558093346574
clap,0.811465475771301,161,379,2709,0.8634182355112587
shaded,0.8353323019224393,4,400,2108,0.8633776091081594
discourses,0.7637750633458154,10,1143,4062,0.8633677991137371
grand,0.6704639011598401,105,3510,3211,0.8632824665213329
founder,0.7976803020235349,11,662,3203,0.8632532001248829
girl,0.6357898164484476,12,3988,2500,0.8632
priests,0.6650437747319105,26,3829,3092,0.8631953428201811
distraction,0.8053021189906288,6,575,2865,0.8631762652705061
hem,0.8453334049945296,128,240,1928,0.8630705394190872
arl,0.9020430052791549,92,32,657,0.863013698630137
stay,0.6344121468604442,228,3772,2421,0.8628665840561751
fond,0.6384671778472544,82,3918,2552,0.8628526645768025
mixed,0.6772120968451428,287,3137,3303,0.8628519527702089
hole,0.7382861393508632,211,1413,4184,0.862810707456979
rich,0.6122500486664131,251,3749,1601,0.8625858838226109
coating,0.8767411857113179,5,215,1161,0.8621877691645133
triumphant,0.7570814809173245,19,1210,4143,0.8621771663046102
colt,0.7528126858491824,536,770,4172,0.862176414189837
tree,0.6232724697074026,403,3597,2038,0.8621197252208047
whole,0.5434053261064231,1014,2986,232,0.8620689655172413
eye,0.5928699145488977,118,3882,1188,0.8619528619528619
festivals,0.8564420542905978,3,264,1405,0.8619217081850534
softness,0.7971581660469739,3,671,3206,0.8618215845290081
corner,0.6339890574182206,830,3170,2351,0.8617609527860485
healthful,0.8397634673830707,6,385,2039,0.8616969102501226
filthy,0.7989303861851804,7,654,3166,0.8616550852811118
tbe,0.7277472310101933,1855,9,4112,0.8616245136186771
utterance,0.814430142981514,7,513,2622,0.8615560640732265
board,0.5816322854600399,2111,1889,469,0.8614072494669509
good,0.5230237500319682,486,3514,101,0.8613861386138614
houstoun,0.8192564184794532,466,31,2525,0.8613861386138614
stir,0.7347551732304942,52,1661,4162,0.8613647284959154
rugged,0.8154968564128452,6,506,2596,0.8613251155624037
hy,0.7776455218309074,824,70,3750,0.8610666666666666
ive,0.7372801044932146,1554,72,4181,0.8610380291796221
chan,0.8648559513610525,89,164,1331,0.8610067618332081
chasms,0.9289885214637852,5,61,345,0.8608695652173913
glasgow,0.769253623507431,28,953,3913,0.860720674674163
ags,0.965511859147404,23,5,122,0.860655737704918
men,0.531262916596084,476,3524,122,0.860655737704918
started,0.7380412996406438,77,1491,4204,0.8606089438629876
pati,0.9656425583849194,24,5,129,0.8604651162790697
sickles,0.8955188288184106,3,160,859,0.860302677532014
tt,0.761134436954523,1108,34,4055,0.8601726263871763
accountable,0.6499834470918153,3140,860,2855,0.8598949211908932
hers,0.7995018900962579,95,525,3032,0.8598284960422163
oro,0.9122776457832376,42,52,492,0.8597560975609756
justification,0.705351425657059,169,2262,3825,0.8596078431372549
array,0.7735197232398583,78,839,3794,0.8595150237216658
abomination,0.8369238564981284,4,389,2050,0.8595121951219512
food,0.6274028944209417,105,3895,2177,0.8594395957740009
passage,0.6078801756665412,456,3544,1549,0.8592640413169786
tic,0.8341416174111138,387,12,2079,0.8590668590668591
awe,0.754909342422975,66,1169,4149,0.8590021691973969
hypocrisy,0.755626770791729,10,1199,4126,0.8589432864760058
bows,0.8014218295527655,4,589,2919,0.8588557725248372
litter,0.8739772586492293,8,219,1196,0.8586956521739131
dale,0.8202368253486917,43,430,2420,0.8586776859504133
calvin,0.8223989668590926,44,409,2332,0.8584905660377359
troubled,0.7293922882282046,101,1657,4150,0.8583132530120482
sufferings,0.6392271288047254,251,3749,2604,0.8582949308755761
hi,0.6890145544197411,2483,426,3563,0.8582655065955656
righteous,0.6449438511445524,34,3966,2701,0.8582006664198445
saving,0.6609825247194642,830,3088,3059,0.8581235697940504
despair,0.6499938819074658,98,3902,2896,0.8580801104972375
lowed,0.8772700673871383,187,14,1063,0.8579492003762935
ame,0.7745947012131953,693,210,3766,0.8579394583112055
farewell,0.7319656793846395,32,1658,4163,0.8577948594763392
flow,0.6461583458139527,263,3737,2742,0.8577680525164114
ir,0.6875886752211736,2805,146,3550,0.8577464788732394
vices,0.6919501513560442,199,2616,3612,0.8576965669988926
silent,0.6386875086088564,285,3715,2600,0.8576923076923076
writ,0.6057308867429579,2220,1780,1517,0.8576137112722478
blast,0.7557224576910763,29,1140,4085,0.8575275397796818
judgments,0.6775829497332649,1083,2207,3362,0.8575252825698989
voltaire,0.7752652868872815,6,877,3733,0.8574872756496116
selves,0.7917001688182477,173,531,3287,0.8573167021600243
wholesale,0.7738762194755716,44,854,3761,0.8569529380483913
condescension,0.7896502157790785,22,714,3370,0.8566765578635015
1l,0.8446457788356062,274,68,1793,0.856664807585053
parting,0.7447408321075211,43,1367,4191,0.85635886423288
watered,0.6853926745136414,15,2955,3539,0.8561740604690591
dresses,0.8370338899771832,7,376,2002,0.8561438561438561
crowds,0.8441780692136557,4,338,1793,0.8561070831009482
pride,0.6072225054240908,104,3896,1679,0.8558665872543181
ascending,0.7891263298549392,9,722,3360,0.8556547619047619
smiles,0.7089214967475936,27,2277,3925,0.8552866242038216
ful,0.7835871239149212,480,298,3488,0.8552178899082569
bitter,0.713377585278738,24,2171,3974,0.8548062405636638
ly,0.6807437127049409,2376,746,3455,0.8547033285094067
descent,0.7419666768450474,218,1195,4189,0.8546192408689425
fill,0.6243844142271949,950,3050,2194,0.8546034639927074
plantation,0.596525050980404,650,3350,1429,0.85444366689993
vet,0.8806144301674227,91,97,996,0.8544176706827309
cook,0.6953089040119295,479,2105,3721,0.8543402311206665
performances,0.7882872605069496,15,718,3364,0.8543400713436385
pins,0.7816514060055668,22,765,3508,0.8543329532497149
traverse,0.814567883928656,205,281,2476,0.8542003231017771
1all,0.9305734054871638,48,7,281,0.8540925266903915
voices,0.739885950638786,185,1246,4194,0.8540772532188842
self,0.6013728978763034,278,3722,1528,0.8540575916230366
genteel,0.7599010319287464,7,1071,4001,0.8540364908772807
stifled,0.8504744561767098,9,274,1492,0.853887399463807
thirst,0.7173202074007153,24,1993,4048,0.8537549407114624
note,0.5905489463052742,2340,1660,1381,0.8537291817523533
ornament,0.7421140735527827,34,1372,4190,0.8536992840095465
car,0.7465149678408634,573,752,4174,0.853378054623862
melancholy,0.6370399806056962,56,3944,2612,0.8533690658499234
brand,0.7187484198272671,392,1546,4095,0.8532356532356532
resolution,0.5796293764407662,2323,1677,831,0.8531889290012034
count,0.6235249153683462,1016,2984,2166,0.853185595567867
tongue,0.6322717191494984,39,3961,2564,0.8529641185647426
aries,0.9007264783646324,35,80,605,0.8528925619834711
beast,0.6947111194414501,203,2387,3718,0.8528778913394298
steered,0.8114690602803232,3,502,2560,0.852734375
cast,0.6038699640933771,271,3729,1616,0.8527227722772277
bodies,0.6140032390112179,554,3446,2007,0.8525161933233683
tombs,0.8438469908351571,4,331,1756,0.85250569476082
til,0.793441465822178,490,139,3064,0.8524804177545692
barcelona,0.8119796793588187,9,493,2548,0.8524332810047096
current,0.6265003217947629,2125,1875,2384,0.8523489932885906
arrows,0.7708140795304734,8,865,3713,0.8521411257743065
camillus,0.8398235975584749,7,340,1819,0.8521165475536009
diseases,0.6251839252654872,39,3961,2319,0.8520914187149633
watch,0.6254921219642392,296,3704,2355,0.8518046709129512
high,0.5645237481733345,398,3602,431,0.851508120649652
room,0.5885356347714175,495,3505,1131,0.8514588859416445
modest,0.7271010510493393,19,1630,4179,0.8513998564249821
fendant,0.8786701481170538,183,4,989,0.8513650151668352
delightful,0.6924061147016137,13,2608,3704,0.8512419006479481
inaction,0.8984738931832447,5,127,699,0.8512160228898427
visible,0.6489854795483244,145,3855,2994,0.8510354041416166
ruffled,0.8700805604353739,3,213,1140,0.8508771929824561
triumphs,0.7703111135552732,21,849,3706,0.8507825148407987
thankful,0.746475622916472,19,1273,4173,0.8507069254732806
fide,0.7004469654169077,2014,369,3869,0.8506073920909796
yes,0.599504999650765,76,3924,1752,0.8504566210045662
ma,0.6684739259997029,1615,1779,3308,0.8503627569528416
gan,0.9048832571071294,29,51,421,0.850356294536817
vegetable,0.7218425365687067,4,1806,4128,0.8502906976744186
turns,0.6922941955965767,161,2441,3711,0.8501751549447588
4s,0.7935953088731302,235,376,2996,0.8501335113484646
cloud,0.7002462739613129,28,2344,3876,0.8501031991744066
archives,0.7655304211835279,811,122,3832,0.8496868475991649
burning,0.6682963732799728,220,3159,3309,0.8495013599274706
followers,0.7181687063356775,19,1826,4111,0.8494283629287278
ones,0.6281878277104519,459,3541,2563,0.8493952399531799
golden,0.6875349438118573,43,2754,3618,0.8493642896627971
wickedness,0.6590443005962923,32,3684,3151,0.8492542050142812
copy,0.5699224917293636,2857,1143,789,0.8491761723700887
ation,0.7679736915303208,779,127,3771,0.84911164147441
fills,0.7595183524007119,46,965,3930,0.8491094147582697
miracle,0.7591523674567626,19,1003,3943,0.8490996703018007
reign,0.6082891785700754,718,3282,1880,0.8489361702127659
hopeless,0.7864466255090029,20,664,3229,0.8488696190771137
handkerchiefs,0.7229330891162243,7,1711,4164,0.8487031700288185
spread,0.6183849925744079,146,3854,2160,0.8486111111111111
lawns,0.7368989061017795,18,1406,4193,0.8485571190078702
resignation,0.6950425776292356,703,1802,3770,0.8485411140583554
companion,0.6739782454070469,22,3183,3406,0.8485026423957722
arrow,0.8066803060363205,25,483,2578,0.8483320403413499
author,0.5875349106612361,178,3822,1338,0.8482810164424515
rages,0.853686866708803,18,232,1317,0.8481397114654518
furious,0.7532646054511883,15,1101,4043,0.8481325748206777
there,0.545520302796674,807,3193,79,0.8481012658227848
unity,0.7171092625099604,108,1772,4106,0.8480272771553824
quick,0.6672856602867306,45,3338,3307,0.8478983973389779
ways,0.6009493340326759,1015,2985,1650,0.8478787878787879
busy,0.7222438843074976,30,1704,4160,0.8478365384615385
ar,0.653500848745378,3492,380,3088,0.8477979274611399
quest,0.7471730885665017,41,1184,4143,0.8476949070721699
wth,0.8984241188416997,120,3,650,0.8476923076923077
saint,0.7007107055203593,541,1778,3913,0.8476871965244058
plains,0.6971267699299928,52,2366,3838,0.8473163105784263
bustle,0.8059078042168171,11,497,2578,0.8471683475562451
feed,0.6944213285191223,147,2327,3788,0.8471488912354804
flint,0.7916986875314936,89,525,3009,0.8471252907942838
champion,0.8047572155655958,70,441,2590,0.8471042471042471
discharges,0.7837164608913151,134,589,3339,0.8469601677148847
try,0.6233976365217996,1188,2812,2267,0.846934274371416
tremendous,0.7513337683947939,15,1118,4048,0.8468379446640316
low,0.5932291055626039,376,3624,1501,0.8467688207861426
collection,0.6435699638243567,1441,2559,2947,0.8466236851034951
lawgiver,0.8331505593759768,4,366,1936,0.8465909090909091
footman,0.8077787194998052,17,479,2522,0.8465503568596352
ri,0.7164665655705887,1598,267,4111,0.8465093651179761
heal,0.7661882012480578,20,889,3776,0.8463983050847458
overcharged,0.9019479077256203,10,81,475,0.8463157894736842
vulgar,0.720459455851363,24,1724,4157,0.8462833774356507
stones,0.6466613538139339,289,3711,3010,0.8461794019933555
horns,0.7484591319647859,43,1138,4094,0.8461162677088422
table,0.5887220061213129,1190,2810,1397,0.8460987831066571
dishes,0.778319218787948,7,753,3448,0.8459976798143851
bones,0.7058525933258061,18,2158,3986,0.845960863020572
keen,0.7554308942986638,94,944,3964,0.8458627648839556
6i,0.8749996302088345,182,8,1004,0.8456175298804781
clouds,0.67455906933574,13,3062,3463,0.8455096736933295
row,0.7572384462197419,128,877,3922,0.8454869964303927
ib,0.6398188655693761,961,3039,2841,0.8454769447377684
al,0.6217992965777096,3377,623,2362,0.8454699407281965
handle,0.7784301707140624,23,733,3435,0.845414847161572
pierce,0.7387636048036339,595,759,4176,0.8453065134099617
pot,0.7067055740276461,585,1508,4015,0.8450809464508094
fox,0.7043276442795725,255,1938,3974,0.8449924509310518
alms,0.767895656914042,219,644,3690,0.8449864498644987
colours,0.6535842566634454,150,3584,3147,0.8449316809659994
hint,0.7300850873996675,173,1277,4203,0.8443968593861527
friend,0.5626475763950639,138,3862,660,0.843939393939394
lost,0.5739855420813976,425,3575,820,0.8439024390243902
checks,0.7109185243311325,440,1496,4098,0.8438262567105905
womb,0.7655801720220662,8,875,3733,0.8435574604875435
ply,0.8195105795675424,183,228,2140,0.8434579439252337
jewel,0.8247256812777055,14,375,2031,0.843426883308715
company,0.5616343958896534,895,3105,696,0.8433908045977011
deep,0.5913589152352622,96,3904,1531,0.8432397126061397
no,0.5551627807860611,1254,2746,51,0.8431372549019608
terror,0.6479616436863317,106,3797,3060,0.8428104575163399
damn,0.745225773191651,24,1185,4126,0.8427047988366456
pompey,0.8176338230522967,4,414,2171,0.8424689083371718
stables,0.7038764463149109,47,2061,4018,0.8424589347934296
bereaved,0.8567045933040504,5,228,1225,0.8424489795918367
repent,0.6842505257126718,24,2724,3642,0.842394288852279
figure,0.6476065667725562,107,3772,3080,0.8422077922077922
race,0.6133424348782285,148,3852,2166,0.8421052631578947
gren,0.9677395651893103,14,7,76,0.8421052631578947
out,0.5131061156924487,1041,2959,95,0.8421052631578947
trumpet,0.7476447783438619,21,1128,4053,0.8420922773254379
surprizing,0.790817698235155,3,581,2881,0.8420687261367581
shed,0.6628710043585554,93,3272,3318,0.8414707655213984
ty,0.6839581670919058,2340,371,3662,0.8413435281267068
iniquity,0.6913931711218108,31,2439,3793,0.8412865805431057
dressed,0.6956133358664581,50,2285,3900,0.8412820512820512
mason,0.6500983210352431,1222,2531,3137,0.8412496015301243
sunk,0.6527898895201851,121,3577,3159,0.8410889522000633
ime,0.816342478138537,392,28,2181,0.8408986703347089
luke,0.7136939927780516,115,1708,4116,0.8403790087463557
exponas,0.7283659252290495,48,1396,4203,0.8403521294313585
bless,0.6343616503405192,42,3958,2831,0.8403391027905334
sport,0.7364880082018501,54,1284,4177,0.8403160162796265
inconstancy,0.8611473959370671,7,214,1164,0.8402061855670103
affecting,0.6965827230966849,197,2108,3923,0.8401733367320928
sacrament,0.7075054335108287,14,1944,4085,0.8401468788249694
chambers,0.7392042277451882,202,1079,4169,0.8400095946270089
shame,0.6410036363523243,44,3956,2999,0.839946648882961
knees,0.7098855266088867,12,1866,4107,0.8395422449476504
barren,0.7292075896895723,72,1353,4189,0.8393411315349726
pref,0.890433252361803,113,20,703,0.8392603129445235
ap,0.6843198511770333,2416,239,3686,0.8391209983722192
flying,0.7126315171057366,178,1639,4126,0.8390693165293263
chaste,0.7794349808042126,6,689,3260,0.838957055214724
silence,0.6135730409779135,193,3807,2316,0.8389464594127807
swell,0.7221302508507694,38,1499,4203,0.8389245776826076
influences,0.7420267604401047,17,1183,4114,0.8388429752066116
papers,0.5592958650763186,2820,1180,701,0.8388017118402282
faithful,0.5888424439520371,683,3317,1501,0.8387741505662891
covered,0.6146105382084585,238,3762,2276,0.8387521968365553
beats,0.8296915385899424,16,342,1879,0.8387440127727515
hight,0.940564072594463,8,25,155,0.8387096774193549
ch,0.6169797579907114,3065,935,2238,0.8386952636282395
perception,0.8018664417075101,14,481,2515,0.8385685884691849
sic,0.7886126632977815,260,328,2899,0.8385650224215246
divinity,0.709148804912572,54,1816,4112,0.8385214007782101
ghost,0.6419824342555563,10,3990,3020,0.83841059602649
agnes,0.7836720917654697,10,646,3154,0.8383005707038681
riot,0.733056658578527,336,1023,4176,0.8381226053639846
bottle,0.7203943713952408,19,1579,4191,0.8379861608208065
trembled,0.7471051650237328,6,1098,4040,0.8378712871287128
stimulus,0.7487834959636456,29,1018,3977,0.8378174503394519
trees,0.5893958124255112,244,3756,1793,0.8377021751254881
ney,0.8306633452564822,309,32,1786,0.8376259798432251
features,0.6928731793771102,107,2240,3892,0.8376156217882836
kindred,0.7317890540479313,220,1153,4176,0.837404214559387
presence,0.5904947402085261,487,3513,1665,0.8372372372372372
they,0.568510261845722,718,3282,43,0.8372093023255814
cottage,0.7163520782832034,7,1694,4157,0.8371421698340149
groan,0.7427229940107112,9,1154,4069,0.8368149422462522
sassafras,0.8064681181040495,21,448,2400,0.8366666666666667
hidden,0.7569103765966714,25,888,3785,0.8364597093791282
inverted,0.8405080709890211,14,271,1504,0.836436170212766
au,0.700900937978693,1291,776,4035,0.8364312267657993
disgraces,0.8944089899531359,4,109,593,0.836424957841484
manuscript,0.7413422823902416,606,578,4100,0.8360975609756097
thoughts,0.5889497824801271,39,3961,1769,0.8360655737704918
descending,0.7499615188145242,39,976,3932,0.8359613428280773
fait,0.8096511578261099,327,122,2315,0.8358531317494601
di,0.6627103354310158,2538,670,3405,0.8358296622613803
workmanship,0.8078924323359742,18,434,2329,0.8355517389437527
weeds,0.7782945468420033,3,700,3283,0.835516296070667
ardour,0.7293671864504021,9,1373,4183,0.8352856801338752
faces,0.7184753161620114,16,1548,4205,0.8351961950059453
minos,0.9131551448407027,3,66,358,0.835195530726257
body,0.558320811299574,482,3518,449,0.8351893095768375
pomp,0.7195866203268352,18,1532,4198,0.8351595998094331
latimer,0.7683060579605369,331,444,3481,0.8351048549267452
communion,0.6698613304068372,51,2810,3584,0.8348214285714286
burns,0.7815729206483177,14,642,3154,0.8348129359543437
calm,0.6580882759994476,68,3278,3335,0.8347826086956521
tour,0.739828365524973,280,912,4113,0.8346705567712133
pearl,0.7233911246549651,326,1126,4202,0.8346025702046644
missing,0.7557164134446389,46,863,3776,0.8344809322033898
inflamed,0.7508448685708169,21,957,3910,0.8342710997442455
wager,0.7946859424307432,311,206,2612,0.8342266462480857
sect,0.573315868819842,2728,1272,1253,0.833998403830806
impetuous,0.7795255945903962,8,651,3162,0.8339658444022771
bursting,0.7702996798834522,10,742,3426,0.833917104495038
porcupine,0.8238912430776858,6,361,1920,0.8338541666666667
graves,0.7676824963773102,50,735,3502,0.8338092518560822
exercises,0.6831219699728128,97,2469,3729,0.8337355859479754
attachment,0.6105033218997369,1236,2764,2276,0.8334797891036907
a,0.5368927686636931,948,3052,6,0.8333333333333334
the2,0.9332796767172692,6,31,186,0.8333333333333334
passed,0.5562192159687323,2237,1763,456,0.8333333333333334
crop,0.7160631117787307,154,1485,4175,0.8332934131736527
ed,0.5735307530166356,3541,459,1019,0.8331697742885181
ele,0.7491386698968997,972,15,3914,0.8331630045988758
seized,0.5868199985320957,781,3219,1749,0.8330474556889651
field,0.5852291703428228,846,3154,1490,0.8328859060402685
pagan,0.7835536312233898,38,560,2939,0.8325961211296359
medicines,0.6608961593839482,259,2995,3368,0.832541567695962
sis,0.8702906788066799,162,15,931,0.832438238453276
cause,0.5427619009419191,1088,2912,370,0.8324324324324325
words,0.5568003308219365,947,3053,525,0.8323809523809523
bringeth,0.8098874922916479,3,429,2236,0.8322898032200358
entries,0.6974330088492036,984,1077,4033,0.8321348871807588
mortal,0.6474167536886454,57,3547,3219,0.8319353836595216
index,0.7508215136416324,514,440,3872,0.8318698347107438
paints,0.8241319315464413,13,341,1855,0.8318059299191375
molly,0.7406696980915511,9,1143,4063,0.8316514890475019
confin,0.8204824195369372,12,370,2000,0.8315
ink,0.7382742071317058,93,1091,4100,0.8314634146341463
le,0.5992378980224021,2380,1620,2046,0.8313782991202346
valley,0.6941968255617229,49,2176,3955,0.8313527180783818
int,0.755572482353711,657,236,3748,0.8311099252934898
suit,0.5867039875899452,2238,1762,1616,0.8310643564356436
exhorted,0.7667753278304443,4,772,3485,0.8309899569583931
hen,0.7467892795942604,337,684,3938,0.8308786185881158
78,0.6594717318700256,2427,794,3394,0.8308780200353565
venison,0.8271611755015088,21,310,1736,0.8306451612903226
mahomet,0.7690646735616944,8,736,3394,0.8305833824395993
shook,0.7342945571547285,12,1198,4128,0.8304263565891473
motions,0.6904471539788418,385,1922,3921,0.8304004080591686
stern,0.7313058364987646,41,1234,4166,0.8302928468554969
loved,0.6343390639885634,35,3965,2987,0.8302644794107801
knot,0.8005643227431086,18,454,2417,0.829954489035995
s,0.5536535679473954,1043,2957,47,0.8297872340425532
desert,0.6974011693217855,217,1806,4050,0.8296296296296296
things,0.5428274443126031,315,3685,334,0.8293413173652695
aw,0.7747279865320398,494,185,3211,0.8293366552475864
claret,0.7837354343387494,5,563,2812,0.829302987197724
use,0.5417715758147656,1332,2668,369,0.8292682926829268
embosomed,0.9338060351861409,3,31,164,0.8292682926829268
applying,0.6120130766053044,623,3377,2547,0.8292108362779741
792,0.8713677089748129,151,16,878,0.8291571753986332
bon,0.7431364964789482,119,930,3980,0.8291457286432161
live,0.5657696329906661,314,3686,866,0.8290993071593533
meditate,0.7940195164851424,22,481,2551,0.8290866326930616
restless,0.7401558964964138,12,1102,4042,0.8290450272142503
gates,0.6509742160019741,885,2573,3281,0.8290155440414507
fall,0.5725117051257865,479,3521,986,0.8286004056795132
gloom,0.7102943847670397,13,1652,4179,0.8284278535534817
swelled,0.7649214912381076,23,751,3479,0.8283989652198908
fr,0.6974023589697288,1690,290,4073,0.8283820279891971
closet,0.7557050533436976,10,849,3681,0.828307525129041
infant,0.6318027246025812,461,3539,2980,0.8281879194630872
vas,0.8422540367066402,226,34,1372,0.8279883381924198
decrepit,0.9247170793501106,10,44,279,0.8279569892473119
bi,0.7397010617191537,1058,54,4041,0.8277654046028211
composition,0.7051445190270306,193,1596,4137,0.8276528885665941
keys,0.7400422864277192,73,1019,4029,0.8275006205013651
floods,0.7686654427470518,20,713,3364,0.8272889417360285
mystery,0.7093410370045123,45,1617,4180,0.8272727272727273
excellent,0.5821257486950713,104,3896,1528,0.8272251308900523
blows,0.7379571601963474,24,1123,4051,0.827203159713651
up,0.5059794371048473,613,3387,133,0.8270676691729323
park,0.755501875318104,115,741,3676,0.8269858541893362
torture,0.744866466550445,31,986,3935,0.8269377382465057
tu,0.7593342534123931,596,220,3588,0.8269230769230769
protestants,0.718181450527222,22,1440,4209,0.82679971489665
dirt,0.7759525011477608,84,567,3140,0.8267515923566879
tad,0.8942455535009849,83,13,502,0.8266932270916335
damp,0.752800640323499,32,863,3751,0.8264462809917356
snuff,0.6949716557528869,521,1522,4032,0.8263888888888888
refined,0.6999861987870701,285,1598,4106,0.8263516804676084
fl,0.694389827256756,1824,247,4032,0.826140873015873
fountain,0.6909886041397519,45,2151,3974,0.8261197785606442
mournful,0.7255241790473987,17,1302,4175,0.8261077844311377
truth,0.5526088504866944,223,3777,477,0.8259958071278826
sister,0.593623967244122,100,3900,2057,0.825960136120564
frenzy,0.813994939825262,11,387,2073,0.8258562469850458
repented,0.7819577690917445,4,568,2830,0.8257950530035336
tr,0.7129657278446457,1426,147,4200,0.8257142857142857
vice,0.6527759420811633,36,3273,3355,0.8256333830104322
precept,0.7013506864008794,426,1392,4126,0.825496849248667
glide,0.8148225376074398,3,384,2021,0.8253339930727362
farming,0.7584305433762044,119,688,3562,0.8250982594048287
paine,0.6988909174678868,829,1039,4114,0.8249878463782208
mangled,0.8050641204568979,5,425,2228,0.8249551166965888
weed,0.7921024972835589,25,475,2538,0.8246650906225375
luxuriant,0.7996993780010068,6,457,2378,0.8246425567703953
ascent,0.8007610615988197,6,450,2349,0.8246062154108131
rise,0.5770942748050335,374,3626,1448,0.824585635359116
fools,0.7114972062489243,18,1539,4205,0.8244946492271106
looks,0.6244053433869788,57,3943,2876,0.8244089012517385
presbyterians,0.7692467641741821,3,707,3308,0.8243651753325272
charity,0.6162247689950038,130,3870,2612,0.8242725880551302
trifles,0.7639075702757497,29,729,3440,0.8241279069767442
ties,0.689665441015408,785,1414,3972,0.823766364551863
asleep,0.7191144004705882,14,1409,4187,0.8237401480773824
spreads,0.7457395033114318,7,941,3862,0.8236664940445365
dock,0.7522671887505082,149,718,3703,0.8236564947339995
tare,0.8104824402127686,202,200,2098,0.8236415633937083
roots,0.6892944849260936,52,2167,3956,0.8235591506572295
sow,0.7228807394821167,74,1290,4180,0.823444976076555
persecute,0.7766488480787553,5,610,3011,0.8233145134506809
noted,0.6918188496642909,344,1736,4028,0.8232373386295928
praises,0.697413870792326,30,1830,4111,0.823157382631963
plague,0.6626062829866053,38,2803,3596,0.8231368186874305
gust,0.8300116874564583,16,281,1566,0.8231162196679438
lighted,0.7512819248996626,65,808,3713,0.8230541341233504
sensation,0.7335215930778219,17,1107,4044,0.8229475766567754
bend,0.7218257872864448,75,1317,4184,0.8228967495219885
bearing,0.6068704139007272,703,3297,2525,0.8225742574257425
doth,0.5826434631370846,592,3408,1679,0.8225134008338296
gently,0.6918595190931026,17,2049,4037,0.8223928659895963
thief,0.6434781336111369,55,3497,3243,0.8223866790009251
steps,0.6180619107166306,371,3629,2650,0.8222641509433962
uch,0.7528993974639895,779,69,3661,0.8219065829008467
wilson,0.6260984385258255,1675,2325,2969,0.8218255304816436
pickle,0.7960532486634837,15,455,2407,0.82176983797258
awful,0.6331127596083942,114,3842,3049,0.8215808461790751
public,0.5490908055162178,170,3830,622,0.8215434083601286
ta,0.7004602962146511,1530,253,4141,0.8215406906544312
vineyard,0.7562876881394066,64,735,3541,0.821519344817848
garden,0.6056170669333095,79,3921,2523,0.8212445501387238
excess,0.6761676215892298,311,2155,3796,0.821127502634352
vile,0.6745723118891696,59,2432,3778,0.8210693488618317
perdition,0.7731099547803632,3,628,3073,0.8210218027985682
handkerchief,0.7330296228733273,9,1111,4045,0.8210135970333745
endue,0.9127615839579063,8,54,324,0.8209876543209876
instructed,0.6525678842814895,933,2254,3420,0.8207602339181287
infants,0.6969046048267346,215,1627,4115,0.8206561360874848
unruly,0.8187284039568602,64,286,1834,0.8206106870229007
lovers,0.7046706623893805,24,1620,4179,0.8205312275664034
teeth,0.6767685065714668,22,2410,3826,0.8204391008886566
round,0.5678772491804424,114,3886,1008,0.8204365079365079
lisbon,0.6523359532674334,144,3041,3419,0.8204153261187481
involuntary,0.7713580805026891,57,588,3123,0.8203650336215178
anchorage,0.8753676397751076,13,132,762,0.8202099737532809
coldness,0.7679967183921117,9,672,3214,0.8201617921593031
profusion,0.7674806419530098,19,667,3236,0.8201483312731768
heated,0.7670372627001877,22,685,3297,0.8198362147406734
ease,0.6016969998781257,408,3592,2392,0.8198160535117057
journals,0.5821026814585559,3717,283,1774,0.8196166854565953
stirring,0.7789083022910607,8,559,2805,0.8196078431372549
london,0.5535702728123809,292,3708,776,0.8195876288659794
fi,0.6408522770356003,3281,281,3237,0.8195860364535064
cords,0.7667106704307353,93,621,3325,0.8195488721804511
ordinances,0.6624653706404251,525,2283,3618,0.8195135433941404
lovell,0.7350336950534786,935,137,3993,0.8194340095166541
rail,0.7804709526442222,86,466,2751,0.8193384223918575
ei,0.725638351071294,1196,30,4146,0.8191027496382055
cha,0.7308768620084114,970,164,4052,0.819101678183613
mare,0.60518648726221,238,3762,2563,0.8189621537261023
highlanders,0.8555315690079588,3,177,949,0.8187565858798735
es,0.6044125154247851,3334,666,2524,0.8185419968304279
arms,0.5494678002694895,886,3114,766,0.8185378590078329
return,0.549121382607619,1071,2929,584,0.8184931506849316
plot,0.7247767710007869,294,964,4164,0.8184438040345822
straw,0.7227031355235706,47,1252,4167,0.8183345332373411
relations,0.6215853800393258,851,3149,2905,0.8182444061962134
deceit,0.7217168961504772,144,1179,4173,0.818116462976276
kingdom,0.5656535469413679,166,3834,1011,0.8180019782393669
mark,0.5786182022357065,612,3388,1741,0.8179207352096496
ss,0.7211119969688361,357,970,4174,0.8179204599904168
brain,0.7037829526869251,14,1617,4179,0.817899018904044
ho,0.6886328095372245,1373,719,4019,0.8178651405822344
impure,0.7987752371657235,10,432,2289,0.817824377457405
co,0.5895402877448659,2799,1201,2080,0.8177884615384615
dent,0.7523650130442391,719,110,3615,0.8177040110650069
big,0.7026988593999721,109,1536,4178,0.8176160842508378
professors,0.6913562698057801,73,1893,4079,0.8176023535180191
issue,0.5771601192970501,2533,1467,1501,0.8174550299800133
bone,0.7095785435982761,45,1436,4204,0.8173168411037107
bounded,0.5990435563500267,509,3491,2348,0.8172913117546848
praised,0.7520271643276419,29,792,3599,0.8171714365101417
christians,0.5878573296321625,26,3974,1974,0.8171225937183384
natures,0.761697445590892,17,714,3360,0.8169642857142857
hand,0.5414712466543957,538,3462,398,0.8165829145728644
watts,0.7247804944911561,191,1025,4137,0.8165337200870196
acr,0.9063104596375773,59,4,327,0.8165137614678899
close,0.5783475644450864,363,3637,1568,0.8163265306122449
library,0.6681620360817389,1016,1538,3734,0.8162828066416711
fa,0.6598882624217759,2150,655,3617,0.8161459773292784
treasures,0.7145659722767328,35,1389,4193,0.8161221082756976
cabot,0.7916494430913544,331,142,2420,0.8161157024793388
forests,0.7304317804685786,23,1068,4025,0.8159006211180124
finall,0.8452796779432122,212,17,1205,0.8157676348547718
squeeze,0.819358290011381,5,329,1752,0.8156392694063926
burn,0.665206982184695,253,2340,3715,0.8156123822341858
prime,0.7137683651260712,137,1309,4203,0.8156078991196765
indi,0.7796656980460207,502,37,2705,0.8155268022181146
learned,0.5874698278660377,321,3679,1994,0.8154463390170511
wine,0.5797067846022129,307,3693,1658,0.8154402895054282
township,0.5629203312795052,410,3590,930,0.8150537634408602
nil,0.8484597444940774,149,49,1048,0.8148854961832062
doctrine,0.569165504768538,360,3640,1372,0.814868804664723
cups,0.79129861086699,4,468,2417,0.8146462556888705
cho,0.8453853803265003,84,129,1122,0.8146167557932263
circle,0.664170150807957,70,2529,3711,0.8146052277014282
tone,0.6821651809169931,129,2132,3947,0.8145426906511274
neighbour,0.6472352484924138,68,3173,3379,0.8144421426457532
rt,0.7042576902207767,1281,256,4203,0.814418272662384
touch,0.6537856416548505,182,2729,3559,0.814273672379882
sophia,0.7219102409982888,44,1224,4162,0.8142719846227775
dan,0.7641654154615629,201,498,3273,0.8142377024136878
entered,0.5647904727721819,1484,2516,985,0.8142131979695432
ann,0.6453407961481523,588,2634,3395,0.8141384388807069
recorded,0.6208685929104825,2047,1953,2942,0.8140720598232495
indias,0.9234553882653374,9,38,242,0.8140495867768595
quarter,0.5650582750050647,1470,2530,1296,0.8140432098765432
stayed,0.7604205695779864,151,573,3342,0.8138839018551766
breast,0.5832220336548268,57,3943,1837,0.813826891671203
wills,0.685247533230614,879,1200,4028,0.8138033763654419
midnight,0.6979761851163568,27,1666,4161,0.813746695505888
eyes,0.546976249820043,70,3930,773,0.8137128072445019
christmas,0.7933944525011497,9,448,2351,0.8136962994470438
books,0.5694225304923731,999,3001,1396,0.8130372492836676
afflicted,0.664001881879028,20,2559,3721,0.8129535071217414
ina,0.8171724614019277,317,14,1736,0.8127880184331797
scandal,0.7508302940371057,22,787,3568,0.8127802690582959
speck,0.875659325794295,6,116,646,0.8126934984520123
rebel,0.7241006587332216,56,1129,4100,0.8126829268292682
pleasant,0.6304909625531507,49,3697,3146,0.8124602670057216
relish,0.7209420889915434,9,1250,4162,0.812349831811629
contrast,0.731256538494047,156,889,3974,0.8122798188223452
diversion,0.7600065551107972,38,679,3327,0.8121430718364894
sits,0.7300546862248486,41,1033,3996,0.8120620620620621
wheel,0.6694723604489703,310,2117,3831,0.8120595144870791
sacrifices,0.6972078570307482,154,1521,4171,0.8120354830975786
flattery,0.7378369001794668,18,930,3862,0.8120145002589332
tra,0.7508844997284259,747,56,3552,0.8119369369369369
agreeable,0.5639131827851764,982,3018,1196,0.8118729096989966
blind,0.6255847673888759,140,3771,3061,0.8118262005880431
bare,0.6617950357534372,417,2223,3697,0.8117392480389505
44s,0.9666501318247411,15,5,69,0.8115942028985508
turn,0.5620199071087716,325,3675,1162,0.8115318416523236
marks,0.604604001668037,699,3301,2629,0.8113351084062381
sheath,0.8470357703044971,5,190,1028,0.811284046692607
repose,0.6668902978418221,107,2415,3759,0.8111199787177441
transport,0.681289885631335,354,1821,3986,0.8110888108379327
abode,0.6545224657775258,690,2140,3604,0.8110432852386238
plant,0.6592943180466105,77,2628,3666,0.8109656301145662
vanity,0.6183021076446908,47,3953,2964,0.8107287449392713
train,0.6215909518494895,328,3672,3011,0.8106941215543009
refinement,0.7643894263608509,27,636,3174,0.8106490233144298
double,0.5891978376797828,998,3002,2163,0.8104484512251503
oue,0.9005074028396863,63,7,364,0.8104395604395604
littleton,0.8258539531102893,72,198,1423,0.8102600140548137
stranger,0.609107804846163,108,3892,2708,0.810192023633678
mint,0.7105523301279061,1026,397,4187,0.810126582278481
corn,0.5929107373047381,845,3155,2275,0.8101098901098901
pleasure,0.5555072686329515,287,3713,804,0.8097014925373134
angry,0.6738090060003926,29,2304,3903,0.8096336151678196
cane,0.7494489503158088,81,710,3522,0.8091993185689949
abiding,0.791254560072714,64,395,2358,0.8091603053435115
orchard,0.6253431189658801,60,3775,3101,0.8090938406965495
ip,0.7651630592284603,592,43,3090,0.8090614886731392
shone,0.7185809808757896,8,1236,4163,0.8090319481143406
stick,0.7058080354879668,67,1388,4204,0.8087535680304472
mighty,0.5936020721777248,62,3938,2447,0.8087454025337147
stocking,0.830715202759023,6,251,1353,0.8085735402808574
inferior,0.5903594078432701,1476,2524,2230,0.8085201793721973
likeness,0.7408841284117588,51,855,3771,0.8080084858127817
deceitful,0.7409730197482846,65,839,3771,0.8080084858127817
comb,0.8219410616627729,61,228,1526,0.8079947575360419
preface,0.718123137592637,35,1225,4165,0.8079231692677071
mortar,0.7538332158569021,38,706,3394,0.8078962875662935
tide,0.6483701802785358,355,2569,3555,0.8078762306610408
evil,0.5616959200973608,288,3712,994,0.8078470824949698
slaughter,0.7025842317455363,64,1422,4210,0.8076009501187649
rr,0.7596035207940344,656,19,3206,0.8075483468496569
fingers,0.7177568604118677,12,1249,4162,0.8075444497837578
begotten,0.7544465597975769,77,662,3377,0.8075214687592538
vit,0.8764717871369447,107,12,628,0.8073248407643312
older,0.7640760438098213,62,592,3150,0.8073015873015873
faculty,0.6975340174765027,102,1495,4190,0.8071599045346062
diet,0.6767920891462096,147,2060,3966,0.8071104387291982
advances,0.6929495815358889,465,1248,4162,0.8070639115809707
loves,0.6674257424486827,15,2405,3836,0.806830031282586
check,0.6012070314625392,773,3227,2622,0.8066361556064073
straight,0.7030484798941143,93,1377,4209,0.8066048942741744
maternal,0.7890074637858416,16,451,2392,0.806438127090301
emotion,0.7107120902962377,9,1385,4185,0.8062126642771804
profane,0.7165262963080149,87,1198,4164,0.8061959654178674
bold,0.6181393564476916,186,3814,3007,0.8061190555370802
legs,0.6600932476465791,41,2518,3728,0.8060622317596566
contrary,0.5396720811556371,1407,2593,747,0.8058902275769746
wicked,0.5723101076274412,92,3908,1756,0.8058086560364465
lay,0.5375248691581452,980,3020,726,0.8057851239669421
ut,0.7121369888499164,898,469,4174,0.8057019645424054
disguise,0.7137934630283361,31,1304,4177,0.8056021067751975
fancy,0.6115891181900764,67,3933,2911,0.8055650979045001
weary,0.6857751670366193,17,1875,4102,0.8054607508532423
lettres,0.8515053868703004,25,144,889,0.8053993250843644
thread,0.6550233374325565,41,2657,3669,0.8053965658217498
craft,0.7220252157926391,200,956,4070,0.8051597051597051
beloved,0.5951052396027295,131,3869,2565,0.8050682261208577
gate,0.6544130007913211,302,2411,3662,0.8050245767340252
sifted,0.868391233289203,5,139,759,0.8050065876152833
victim,0.6967017825882473,16,1545,4205,0.8049940546967895
madness,0.6941211089050366,40,1618,4184,0.8049713193116634
carberry,0.8985767561595023,5,65,364,0.804945054945055
nether,0.8593104950289085,11,143,815,0.8049079754601227
temptations,0.6908886640065345,47,1691,4156,0.8048604427333975
saluted,0.7710077011070927,8,537,2721,0.804851157662624
preached,0.609042428291615,35,3965,2864,0.80481843575419
barry,0.7610003853764262,318,318,3094,0.8047834518422754
nature,0.5243302554780519,474,3526,302,0.804635761589404
judah,0.7038619134505099,36,1415,4201,0.804570340395144
pure,0.5860511706197291,176,3824,2122,0.8044297832233742
ripe,0.7198240481828458,54,1120,4088,0.8043052837573386
met,0.5595102737369015,739,3261,1062,0.8041431261770244
familiarity,0.7719331768830341,9,529,2700,0.804074074074074
ford,0.7156594469553799,611,665,4168,0.8039827255278311
bett,0.901156958788478,9,52,316,0.8037974683544303
stretch,0.7111839598378602,33,1325,4177,0.8036868565956428
pleasantly,0.7455410295588447,8,813,3599,0.8035565434843012
itself,0.5375414351562879,819,3181,763,0.8034076015727392
cloak,0.7314887281813579,20,921,3845,0.8033810143042913
montgomery,0.609343088084565,1239,2761,2918,0.8032899246058944
messenger,0.679165640816583,308,1696,4056,0.8032544378698225
symptom,0.7454202524709356,9,813,3603,0.8032195392728282
entertainment,0.6625627483976869,234,2232,3796,0.803213909378293
reformation,0.6448560795818824,49,2866,3557,0.8032049479898791
wretch,0.6646610274446249,14,2399,3841,0.8031762561832856
talks,0.7391912799310965,35,859,3750,0.8029333333333334
drank,0.6888634413120085,56,1732,4140,0.8028985507246377
run,0.5584821092600641,477,3523,1045,0.8028708133971292
deliv,0.8858548587725908,45,35,421,0.8028503562945368
forge,0.7006996954175196,252,1214,4208,0.8027566539923955
fires,0.6950589952661754,199,1364,4205,0.8026159334126041
ight,0.7881910227220369,172,281,2332,0.8023156089193825
lib,0.6890725772771347,1098,644,4160,0.8021634615384615
har,0.8052788392817022,192,175,1920,0.8020833333333334
witness,0.5781933043147683,939,3061,1839,0.8020663404023926
tortured,0.7755818321526349,15,509,2641,0.8019689511548656
strong,0.5584667337233518,467,3533,939,0.8019169329073482
thrice,0.7284406566127624,29,968,3916,0.8018386108273748
ordinance,0.625859542082945,1542,2091,3209,0.801807416640698
knoweth,0.7293886681836702,11,954,3880,0.8018041237113402
purse,0.6948433887994351,199,1373,4202,0.8017610661589719
walnut,0.6770108933949648,80,1980,4034,0.8016856717897868
stuff,0.7151174587728567,30,1203,4146,0.8014954172696575
care,0.5374818540404264,666,3334,670,0.8014925373134328
jargon,0.8328475050570807,10,229,1258,0.8012718600953895
levity,0.7585128669230671,13,629,3114,0.8012202954399487
fome,0.8875509656642028,70,7,402,0.8009950248756219
gold,0.5700787209885737,762,3238,1628,0.800982800982801
persecuted,0.7142753741652006,23,1238,4162,0.8008169149447381
region,0.7144333980477025,18,1223,4156,0.8007699711260827
wall,0.633495629693143,304,3023,3344,0.8005382775119617
exalted,0.627388648843241,66,3488,3241,0.8000617093489664
amy,0.8393332060864457,125,80,1084,0.7998154981549815
tion,0.6307168327399139,3089,317,3306,0.7997580157289776
intervening,0.8156887316605502,70,234,1603,0.7997504678727386
ment,0.6632516876096856,2193,196,3861,0.7995337995337995
awakened,0.6848754439252059,28,1780,4130,0.7995157384987893
accomplishments,0.7178775841914413,6,1151,4068,0.799410029498525
nailing,0.8999240980477533,10,54,334,0.7994011976047904
shells,0.7267468483670096,102,902,3922,0.7993370729219785
surprize,0.693630855271106,23,1543,4204,0.7992388201712655
stamp,0.6279810348239988,730,2725,3282,0.7992078001218769
returns,0.5942146113879581,1560,2440,2594,0.7991518889745567
ornaments,0.7087302206502988,35,1302,4176,0.7990900383141762
burke,0.6817337460972901,1099,781,4106,0.7990745250852411
eating,0.6886844015479475,22,1688,4163,0.7989430699015133
sail,0.5792837607462464,185,3815,1984,0.7988911290322581
together,0.5336218170190378,877,3123,537,0.7988826815642458
aged,0.6368066082960604,190,3044,3390,0.7988200589970501
behold,0.5727089351556774,34,3966,1814,0.798787210584344
proud,0.6180357094762075,53,3825,3081,0.7987666342096722
prof,0.8223694295039178,83,180,1386,0.7987012987012987
endued,0.7792354819984818,6,494,2538,0.7986603624901497
bibles,0.7901382003569235,10,424,2249,0.7981325033348154
name,0.5329793616439167,868,3132,401,0.7980049875311721
distinguishing,0.6953296320146368,207,1294,4208,0.7980038022813688
spoons,0.7904114111174746,4,427,2230,0.7977578475336323
beginning,0.5685902165476813,633,3367,1557,0.7976878612716763
dropt,0.7642735853611369,11,566,2845,0.7975395430579965
faithfulness,0.7274922160854576,13,933,3859,0.7973568281938326
beds,0.6798533372732977,89,1793,4105,0.797320341047503
chains,0.641524249205611,199,2679,3580,0.7972067039106145
writings,0.6044774406145957,758,3242,2888,0.7970914127423823
frize,0.8779192167752414,8,97,547,0.7970749542961609
plough,0.7094722342219938,46,1252,4170,0.7968824940047962
ic,0.7056066813168326,1284,59,4173,0.7967888809010304
draught,0.6735511146210948,696,1353,4030,0.7965260545905707
engaging,0.6901235870180565,148,1480,4183,0.7963184317475496
choice,0.565832097207947,866,3134,1605,0.7962616822429907
confounded,0.7145642673751523,50,1142,4113,0.7962557743739364
hull,0.7581421660636709,158,460,3023,0.7962289116771419
hearing,0.583786990664671,747,3253,2186,0.7959743824336688
del,0.7226587103129439,621,415,3963,0.7956093868281605
bellows,0.8017288222721566,32,321,1849,0.7955651703623581
correspondent,0.6907267874894588,133,1472,4186,0.7955088389870999
nic,0.885653811404459,42,42,440,0.7954545454545454
otter,0.8230812187068981,35,224,1363,0.7953044754218636
ue,0.7408725118602134,748,63,3578,0.7951369480156512
reviling,0.8536420509765005,20,134,815,0.7950920245398773
villain,0.7095896081297336,8,1259,4162,0.7950504565112927
atmosphere,0.6784231974552085,6,1845,4109,0.7948405938184473
tempers,0.7376639625411952,10,848,3680,0.7948369565217391
lump,0.7516956310050754,30,652,3220,0.7947204968944099
related,0.6120599921446096,592,3336,3057,0.7945698397121361
figures,0.689257105551643,140,1482,4186,0.7945532728141423
lust,0.69856262176804,46,1388,4195,0.7945172824791419
hist,0.7761215256641287,30,462,2505,0.7944111776447106
136,0.6745737588948587,1602,358,4084,0.7943192948090108
reigns,0.6982638748810321,29,1406,4194,0.7942298521697664
dint,0.8429713565763919,12,167,942,0.7940552016985138
throne,0.5862564196053548,66,3934,2286,0.7939632545931758
buck,0.7266811272207934,171,768,3839,0.7939567595728054
nev,0.8651413495168256,77,46,650,0.7938461538461539
affections,0.586820311891959,94,3906,2478,0.7937853107344632
canon,0.7894092235122223,18,407,2201,0.793730122671513
blotted,0.8116583195989943,8,291,1575,0.7936507936507936
levy,0.60460986698638,3282,718,2964,0.7935222672064778
others,0.5236048695663335,749,3251,309,0.7928802588996764
night,0.5296103447823164,101,3899,637,0.792778649921507
health,0.5574814189051536,306,3694,1356,0.7927728613569321
dure,0.9250455339512993,16,22,193,0.7927461139896373
chinese,0.7276358157006372,25,894,3799,0.7925769939457752
unkind,0.7600736074388851,11,553,2796,0.7925608011444921
min,0.764557917758795,179,367,2727,0.7924459112577924
reluctant,0.7949679775322561,17,368,2013,0.7923497267759563
sermon,0.6036486607030865,30,3970,2941,0.7922475348520911
marshy,0.8144825432894479,12,272,1501,0.7921385742838108
sc,0.7724915992421402,345,162,2569,0.7921370182950564
attendants,0.6944416073390727,67,1399,4208,0.7920627376425855
devout,0.7245016997550362,9,943,3866,0.7920331091567512
dissipated,0.7539419978252052,15,632,3127,0.7918132395267029
said,0.5507522197251483,2098,1902,48,0.7916666666666666
day,0.49156672815463065,1161,2839,96,0.7916666666666666
warn,0.6887134912657181,548,1029,4195,0.7916567342073898
breakfast,0.7053498148749651,17,1279,4171,0.791656677055862
canvas,0.7907375822130387,15,394,2131,0.7916471140309713
piper,0.8271268592350406,25,216,1267,0.7916337805840569
hey,0.7880670753101855,191,231,2188,0.7915904936014625
color,0.7350160805650946,168,681,3660,0.7915300546448087
passion,0.5735398678638592,94,3906,1926,0.7912772585669782
custom,0.5684835494529331,577,3423,1805,0.7911357340720222
wharton,0.7067423066513662,490,757,4165,0.7911164465786314
lean,0.7236255623018013,73,872,3855,0.7909208819714656
crowd,0.7067210227729162,24,1222,4163,0.7907758827768436
immersed,0.8098669972114785,3,305,1624,0.7906403940886699
draughts,0.7288041318692113,307,596,3766,0.790493892724376
eden,0.7682227591825614,56,470,2649,0.7904869762174406
abraham,0.5730721552992183,1239,2761,1922,0.7903225806451613
filled,0.5790062608297635,529,3471,2097,0.7901764425369575
piscataqua,0.7486945248409868,12,678,3245,0.7901386748844376
mingling,0.801201520856894,13,326,1777,0.7900956668542487
hands,0.5324605296873514,896,3104,462,0.79004329004329
tenderness,0.6076428313640871,37,3960,3038,0.7899934167215273
guides,0.7229021461741306,45,918,3880,0.7899484536082474
hear,0.5315841512489596,405,3595,761,0.7897503285151117
une,0.741952938392593,617,145,3453,0.789748045178106
persuasive,0.7967694861566184,10,362,1945,0.7897172236503857
gang,0.76952250910373,8,504,2596,0.7896764252696457
moses,0.5851064627389782,416,3584,2272,0.789612676056338
dryden,0.8318420395231508,4,222,1193,0.7896060352053647
common,0.5280461298226568,1122,2878,404,0.7896039603960396
foes,0.6668849750822484,77,2000,4030,0.7895781637717122
venus,0.6991200495341584,5,1380,4182,0.7895743663318986
memoire,0.9490949129784861,13,8,76,0.7894736842105263
triumph,0.6204001896964041,83,3462,3244,0.7894574599260172
hinds,0.8459592136816164,62,98,845,0.7893491124260354
pope,0.6100030553419227,286,3560,3099,0.7892868667312036
birds,0.6426308077938432,24,2731,3644,0.7892425905598244
delaware,0.5517808496324748,2143,1857,1233,0.7891321978913219
torn,0.6711681810617383,197,1748,4087,0.789087350134573
habitation,0.6741822320311945,95,1784,4104,0.7889863547758285
bay,0.5550736086165046,974,3026,1345,0.7888475836431227
noisome,0.8706608572213268,4,114,625,0.7888
pra,0.7831649205089437,424,17,2281,0.7886891714160456
bounty,0.629684511286788,1387,1778,3429,0.7885680956547099
crippled,0.8845982027789138,5,72,402,0.7885572139303483
bruised,0.7543541328783738,3,614,3016,0.7884615384615384
domestic,0.6861407180871721,42,1540,4197,0.7884203002144389
slow,0.6366591560711564,79,2831,3563,0.7883805781644682
walking,0.6539576398049738,55,2388,3812,0.7883001049317944
fowl,0.747168056605955,20,698,3330,0.7882882882882883
united,0.620358026475374,167,3353,3252,0.7881303813038131
rd,0.7178490150625417,845,199,3973,0.7880694689151775
funeral,0.689864081290793,218,1287,4211,0.7879363571598195
contaminating,0.923148343409955,4,32,179,0.7877094972067039
wood,0.563513863116709,562,3438,1676,0.7875894988066826
dela,0.8479454554029763,141,14,819,0.7875457875457875
murmurs,0.7581240461923476,20,543,2791,0.7875313507703332
job,0.6793396088399544,154,1569,4157,0.7871060861197979
expired,0.637835545606486,1306,1550,3588,0.7870680044593088
packet,0.6239022053030973,409,2919,3344,0.7867822966507177
deities,0.7956285713415732,5,365,1936,0.7866735537190083
slip,0.7225208459254763,44,896,3846,0.7865314612584503
revived,0.6758214849079314,590,1218,4130,0.7864406779661017
pestilence,0.6950610098598029,12,1401,4189,0.7863451897827644
chamber,0.5831095591853062,475,3525,2382,0.7863140218303947
passing,0.5730993574509491,1312,2688,1992,0.786144578313253
savery,0.8529891112218914,9,137,771,0.7859922178988327
bolt,0.8133049904046202,14,260,1443,0.7858627858627859
fiction,0.7853044585559298,19,400,2175,0.7857471264367816
silk,0.5821394956633021,80,3920,2266,0.7855251544571933
cour,0.7784581297477854,396,60,2349,0.7854406130268199
ned,0.7554488336156856,243,339,2871,0.7854406130268199
praying,0.5653211015262296,2923,1077,1812,0.7853200883002207
working,0.6520644824361389,287,2165,3810,0.7853018372703412
condemnation,0.6444009329029804,451,2133,3721,0.7852727761354474
li,0.6306659766938061,2586,475,3474,0.7852619458837076
se,0.6239246959731058,1669,1621,3362,0.7852468768590125
hateful,0.7524296903576684,13,600,3003,0.7852147852147852
fitting,0.6699518390386616,1209,678,4106,0.7851924013638578
trouble,0.5722911220725186,750,3250,1927,0.785158277114686
minute,0.6274317529948954,343,2786,3449,0.7851551174253407
bullock,0.7916136839299037,183,212,2060,0.7849514563106796
dumb,0.7475936727987839,15,654,3193,0.7848418415283432
sutton,0.7257842241035817,134,763,3756,0.7846112886048988
cats,0.8073875179215712,30,275,1606,0.7845579078455791
111,0.7073999003856578,752,418,4089,0.7845438982636341
crow,0.7692553986339069,57,444,2542,0.7844217151848938
amusement,0.6704609600601523,18,1831,4109,0.7843757605256754
treasure,0.6391172338995629,152,2640,3622,0.7843732744340144
bowls,0.7993334813002214,19,318,1766,0.7842582106455266
la,0.5614525318141214,1428,2572,1608,0.7842039800995025
jewish,0.6568458321640679,6,2306,3915,0.7841634738186463
patience,0.5916245337526871,183,3817,2752,0.784156976744186
mounting,0.7503132503581574,60,569,3064,0.7839425587467362
friends,0.527138024881683,203,3797,560,0.7839285714285714
spurious,0.8266980020380809,9,219,1203,0.7838736492103076
forgive,0.6341669526436049,17,2844,3584,0.7834821428571429
edwards,0.6646098583123298,359,1644,4055,0.7832305795314427
dialogue,0.7488574112123482,7,645,3146,0.7832167832167832
vs,0.6643143642417322,1939,83,4053,0.7831236121391562
fence,0.6415927724837283,1207,1392,3711,0.7830773376448397
scotch,0.6764447693503006,36,1705,4157,0.7830165985085398
watching,0.7254966742487029,34,861,3751,0.782991202346041
negroe,0.6240604672187825,125,3083,3405,0.7829662261380324
cow,0.6536035039718392,200,2179,3870,0.7829457364341085
wantonness,0.7989793679392285,7,326,1746,0.7829324169530355
intemperance,0.729402200617241,29,818,3661,0.7828462168806337
pardon,0.5819688819782926,340,3660,2455,0.7824847250509165
rival,0.6757408029807045,138,1602,4156,0.782483156881617
captive,0.6888193668420856,56,1415,4206,0.782453637660485
retiring,0.7317647647124482,129,687,3588,0.782329988851728
teachers,0.6769586954184426,67,1642,4162,0.7823161941374339
ordered,0.5267977790544982,2421,1579,560,0.7821428571428571
trials,0.6483693817709387,493,1986,3784,0.7819767441860465
ribbons,0.7387475872642322,3,750,3429,0.7818606007582386
degeneracy,0.793499098677075,9,353,1897,0.7817606747496046
journal,0.5892878989152186,2965,1035,2693,0.7816561455625696
clean,0.6228085167498663,135,3089,3393,0.7816091954022989
cured,0.6745522020000126,154,1594,4157,0.7815732499398604
daring,0.6688410599715054,87,1758,4111,0.7815616638287521
start,0.7188975616697348,23,925,3862,0.781460383221129
fathers,0.5855003121994613,127,3873,2584,0.7813467492260062
tea,0.5814116050370007,429,3571,2277,0.7812911725955204
lights,0.6818809419922885,202,1376,4198,0.7810862315388281
bowsprit,0.8366411939778907,6,166,909,0.7810781078107811
audience,0.674132621387259,172,1582,4155,0.7809867629362214
monsters,0.7461920873888821,10,657,3186,0.7809165097300691
ears,0.5943446406782584,260,3740,2893,0.7808503283788455
tha,0.6793660032602463,1243,387,4182,0.780726924916308
blank,0.661037940340833,917,1224,3988,0.7805917753259779
precious,0.59180947717766,173,3827,2860,0.7804195804195804
fields,0.5944966815404862,289,3711,2914,0.7803706245710363
sacred,0.5582584596726426,244,3756,1484,0.7803234501347709
stain,0.7165095391690763,36,957,3916,0.7801327885597549
desires,0.6029040887949796,237,3681,3059,0.7799934619156587
en,0.5844898953957839,2612,1388,2577,0.779976717112922
venditioni,0.6898176626162401,47,1396,4202,0.7798667301285103
roebuck,0.8597609756260349,3,114,617,0.779578606158833
pissed,0.9179743409505529,34,3,186,0.7795698924731183
concurrence,0.5893768433090942,2544,1456,2817,0.7795527156549521
post,0.5590700415422435,1810,2190,1565,0.7795527156549521
metal,0.659455811783605,76,2086,3986,0.7794781736076267
poles,0.7237623339736546,194,688,3731,0.7794157062449746
terrified,0.715013337428148,15,1004,3934,0.7788510421962379
limbs,0.6625250575969579,58,1948,4054,0.778737049827331
manlius,0.8487008623667667,12,129,741,0.7786774628879892
yellow,0.588543173897301,45,3955,2719,0.7785950717175432
misery,0.5757274020444293,47,3953,2195,0.7785876993166287
iniquities,0.7333755217174056,3,763,3464,0.7785796766743649
fashionable,0.6988681662974123,24,1251,4166,0.7784445511281806
putrid,0.6943984849720337,23,1331,4176,0.7782567049808429
mountain,0.5968239455343914,282,3718,2997,0.7781114447781114
peasant,0.7292758414872299,7,805,3582,0.7780569514237856
shew,0.5469220371197359,244,3756,1212,0.778052805280528
lines,0.5804699264003064,1259,2741,2487,0.7780458383594693
confession,0.6388950578707293,304,2330,3700,0.7778378378378379
being,0.4987437899847409,1050,2950,90,0.7777777777777778
anna,0.7231626547544807,208,673,3726,0.7777777777777778
traces,0.7419222176427734,12,676,3239,0.7777091694967583
ct,0.6661023807567893,1673,189,4110,0.7776155717761557
recover,0.5806313865014152,2123,1877,2509,0.7776006377042647
bag,0.7115795586747234,67,996,3983,0.7773035400451921
com,0.6297046152911024,2327,526,3592,0.77728285077951
gentlemen,0.5251001543272366,1549,2451,637,0.7770800627943485
officious,0.8008210655761341,17,286,1596,0.7769423558897243
eves,0.8752308242281999,19,67,452,0.7765486725663717
virg,0.8368624739118916,65,98,859,0.7764842840512224
grass,0.6206269725839748,125,3120,3373,0.776460124518233
age,0.5255146631136662,598,3402,662,0.7764350453172205
caution,0.6141753653484066,686,2736,3303,0.7762640024220405
harper,0.6841583522627217,1100,387,4210,0.7762470308788598
flanders,0.7335156263872818,10,739,3410,0.7759530791788857
affected,0.5717345016414016,291,3709,2079,0.7758537758537759
abatement,0.7142035497267409,597,424,3938,0.7757745048247842
advice,0.5572707632778007,1150,2850,1476,0.7757452574525745
pepper,0.6679390396614269,50,1751,4132,0.7756534365924492
whoever,0.5576387273633251,80,3920,1511,0.7756452680344142
guide,0.6004026981650441,330,3582,3062,0.7756368386675375
coat,0.5787456866619013,108,3892,2271,0.7754293262879789
ferment,0.7786188475930523,26,402,2221,0.775326429536245
egan,0.9299025429413557,3,26,129,0.7751937984496124
subtle,0.7422521720497032,27,643,3198,0.7751719824890556
peaceful,0.6776309914436415,43,1535,4198,0.7748928060981419
persecution,0.647983138607358,35,2373,3846,0.7748309932397296
stat,0.7551192059749315,326,211,2695,0.7747680890538033
1875,0.9295348421288732,24,7,142,0.7746478873239436
rode,0.6779872864990392,67,1504,4201,0.7745774815520114
favoured,0.6305220954146088,95,2722,3612,0.7743632336655593
terminations,0.8967418033478968,3,53,288,0.7743055555555556
blue,0.5580772292383516,59,3941,1767,0.7741935483870968
mount,0.5960148898646178,295,3705,3020,0.7741721854304636
coward,0.7485514288248989,8,595,2957,0.7740953669259385
manes,0.8567749165095206,3,110,593,0.7740303541315345
counsel,0.5882374093373068,818,3182,2836,0.7736248236953456
wrought,0.6087716380116284,132,3423,3240,0.7734567901234568
mended,0.7851459179041089,45,347,2046,0.7732160312805474
town,0.5157160106239237,2044,1956,238,0.773109243697479
drain,0.7274915208999133,185,619,3557,0.7728422828226034
murmur,0.7233578487486941,23,835,3680,0.7728260869565218
caught,0.6474890537426994,61,2298,3886,0.7727740607308287
dungeon,0.7265565524952295,16,796,3582,0.7727526521496371
account,0.5234972666361962,1357,2643,374,0.7727272727272727
sandy,0.6686654478124625,110,1614,4157,0.7726726004330046
temperature,0.7475894463820585,8,600,2982,0.772635814889336
flowing,0.6805009985577899,99,1411,4214,0.7724252491694352
carr,0.7707806735231636,66,385,2323,0.7722772277227723
ben,0.7347538311756197,291,438,3354,0.7722122838401908
leaning,0.7593623524373957,24,485,2583,0.7719705768486256
tumult,0.6972429232155479,35,1185,4142,0.7718493481409947
middle,0.562932519944116,597,3403,1911,0.771847200418629
indulgent,0.7264906981546284,24,790,3585,0.7718270571827057
doctrines,0.5888967367477339,110,3890,2903,0.7716155700998967
poison,0.6587361273118169,86,1901,4067,0.771576100319646
top,0.5823589819130729,199,3801,2610,0.771264367816092
alas,0.5763797701895309,17,3983,2346,0.7710997442455243
barn,0.5859450367137068,256,3744,2728,0.7708944281524927
arp,0.8947829407263933,24,32,288,0.7708333333333334
shippen,0.7061193533028056,419,655,3996,0.7707707707707707
embracing,0.7249790199139493,65,755,3599,0.7707696582383996
intreating,0.8486539196445902,3,120,650,0.7707692307692308
lucy,0.7197955027049308,75,810,3738,0.770733012306046
fresh,0.569846121879697,191,3809,2127,0.770568876351669
convulsions,0.7068649837186022,47,1005,3982,0.7704671019588146
ungrateful,0.6988968500247977,17,1163,4095,0.7704517704517705
painted,0.6622066665163401,97,1776,4111,0.7703721722208708
resolves,0.5981413875712379,2276,1574,3095,0.7702746365105008
stolen,0.5874581040341359,177,3823,2858,0.7701189643107068
talking,0.6881553078583268,33,1349,4183,0.7700215156586182
healthy,0.6320316155955418,62,2588,3694,0.7698971304818625
endless,0.6279802619958011,81,2702,3628,0.7695700110253583
wreck,0.7087373600422509,100,935,3959,0.7693862086385451
curing,0.7431494769998593,89,542,3073,0.7692808330621542
composure,0.7292629721091904,5,756,3450,0.7692753623188405
empty,0.6463212591336613,169,2167,3900,0.7692307692307693
feat,0.7550728315139873,357,171,2660,0.7691729323308271
recovery,0.5865698015573717,1731,2269,2833,0.7691493116837275
fisher,0.683484979488423,422,1015,4196,0.7690657769304099
supplication,0.7475017350402917,17,573,2909,0.768992781024407
main,0.5673295266292995,744,3256,2082,0.7689721421709894
calc,0.9133603794900117,25,12,186,0.7688172043010753
raised,0.5397824941115664,1224,2776,1224,0.7687908496732027
bids,0.6933498359762773,25,1241,4164,0.7687319884726225
beaten,0.7004956002776861,35,1104,4051,0.7686990866452728
rn,0.7319708401561258,660,72,3363,0.7686589354742789
void,0.5739164105753191,2283,1717,2353,0.768380790480238
liquor,0.6209990784039473,229,2689,3558,0.7681281618887015
williamson,0.6396753293879386,1946,524,3793,0.7679936725547061
ts,0.6543068265728422,1632,412,4034,0.7679722359940506
clark,0.5988885166132585,2152,1610,3137,0.7679311444054829
rolled,0.7171260953172017,98,807,3769,0.767842929158928
hungry,0.7161279640427662,10,902,3786,0.7678288431061807
lic,0.7852341261411976,368,11,1981,0.767794043412418
im,0.6719894149159582,1364,233,4190,0.7677804295942721
worship,0.5538903614916075,145,3855,1520,0.7677631578947368
hung,0.644072297225863,75,2326,3853,0.7677134700233584
judge,0.5251241397417896,1540,2460,680,0.7676470588235295
dine,0.7333307925471,35,688,3339,0.7675950883498053
innocence,0.602294458385708,87,3536,3213,0.7675070028011205
rebellious,0.7220888475725331,30,810,3643,0.7674993137524019
spectator,0.7193356252582728,14,855,3703,0.7674858223062382
inheritance,0.6438785987148388,299,2107,3848,0.7674116424116424
gorham,0.6960240275959324,898,302,4114,0.767379679144385
sinks,0.7233406365870724,5,807,3582,0.7671691792294807
saying,0.553853530257692,307,3693,1712,0.7669392523364486
walls,0.6010706975292766,233,3443,3177,0.7667610953729934
midst,0.5880188580786387,63,3937,2941,0.7667460047602856
state,0.48673289246541523,1834,2166,90,0.7666666666666667
dog,0.6399462612094379,235,2203,3818,0.7666317443687795
si,0.6851732823017908,882,516,4185,0.7663082437275985
chastisement,0.786520304676599,16,357,1950,0.7661538461538462
johnson,0.5887978340798521,1317,2683,2975,0.7660504201680672
collins,0.6904431055166195,537,764,4170,0.765947242206235
meadow,0.5616061515590933,236,3764,1990,0.7658291457286432
guilt,0.5779879617157356,116,3884,2565,0.765692007797271
rouse,0.7001059164333776,125,990,4040,0.7655940594059406
distracted,0.7036550628272566,60,1013,3993,0.7655897821187078
modesty,0.6521287874691182,30,2045,4032,0.7653769841269841
ami,0.8211869339222286,98,106,1081,0.7650323774283071
drop,0.6262641108413057,70,2618,3676,0.764961915125136
lt,0.6951279664842561,945,239,4100,0.7648780487804878
twice,0.5853392703480165,1107,2893,2859,0.7646030080447709
blasphemy,0.7446766873937928,32,567,2940,0.7642857142857142
neck,0.5873218272436469,370,3630,2935,0.7642248722316866
humour,0.6434091390926842,24,2305,3906,0.7642089093701997
supper,0.6187888392322918,14,2884,3575,0.7641958041958042
pa,0.627853843019464,2218,446,3681,0.7641945123607715
suitor,0.845673233160653,15,115,687,0.7641921397379913
turkey,0.7032995697370918,45,1011,3984,0.7640562248995983
jamaica,0.5767862357582466,121,3879,2564,0.7640405616224649
nice,0.6849041141370767,79,1285,4180,0.7638755980861244
tutor,0.7319517394576637,16,671,3237,0.7636700648748842
preacher,0.667780473341043,70,1554,4184,0.763623326959847
last,0.503721701777347,864,3136,207,0.7632850241545893
spontaneously,0.7864242658907183,12,346,1879,0.7631718999467803
traveller,0.6840377357063551,89,1300,4178,0.7630445189085687
multitude,0.592184810987368,106,3818,3059,0.76299444262831
blush,0.6598064909759085,36,1790,4116,0.7628765792031098
consecrated,0.7199488228010682,22,812,3627,0.7626137303556658
directed,0.5283240708512915,1598,2402,813,0.7626076260762608
ci,0.6822120385199336,1239,168,4189,0.7624731439484363
sorted,0.8101419073710032,56,189,1284,0.7624610591900312
sea,0.5302882156809504,644,3356,867,0.76239907727797
heads,0.5676621806986539,506,3494,2171,0.7623215108245048
renews,0.8266271519707997,3,176,942,0.7622080679405521
attendance,0.5724694675425454,1497,2503,2455,0.7621181262729124
shun,0.6914352260226162,15,1199,4137,0.7619047619047619
thet,0.823467559735327,184,8,1015,0.761576354679803
mind,0.5233743579208737,172,3828,394,0.7614213197969543
nigh,0.6686263063187294,39,1518,4205,0.7612366230677765
fear,0.5286568833584161,234,3766,846,0.7612293144208038
deceased,0.5508047379958566,1373,2627,1524,0.7611548556430446
professing,0.7079923857794757,29,935,3881,0.7611440350425148
lyon,0.6848420221269489,845,487,4178,0.7611297271421733
set,0.5250548862203231,745,3255,473,0.7610993657505285
born,0.5448103274257985,259,3741,1397,0.7609162491052255
oyster,0.7841050604101787,30,338,1928,0.7608921161825726
wife,0.5302217296050583,698,3302,874,0.7608695652173914
branded,0.6531680052476646,345,1597,4093,0.7608111409723919
balls,0.6846731868361227,161,1170,4174,0.7606612362242453
steel,0.614589475448093,185,2855,3487,0.7605391453971896
disorder,0.5852931067678535,180,3820,2933,0.7603136720081828
condition,0.5366826389822682,897,3103,1263,0.7600950118764845
own,0.49020296740755,523,3477,150,0.76
pleas,0.5701944071597199,2617,1383,2303,0.7598784194528876
sublime,0.6448304555219813,19,2176,3974,0.7596879718168092
inspiration,0.6876801157819543,15,1256,4165,0.7596638655462185
scenes,0.5824046968156331,82,3918,2870,0.759581881533101
tain,0.773370089570612,366,42,2128,0.7593984962406015
fee,0.5715270066320817,3231,769,2344,0.7593856655290102
superstition,0.6553117240488385,11,1835,4112,0.7592412451361867
brethren,0.5505562761848166,114,3886,1588,0.7588161209068011
heels,0.7271880200242241,16,720,3370,0.7584569732937686
portraits,0.833895316616433,10,147,828,0.7584541062801933
churches,0.5568975634326468,131,3869,1922,0.7580645161290323
maker,0.6213033888596909,165,2543,3665,0.7579809004092769
promise,0.5495527066847242,436,3564,1731,0.7579433853264009
drinking,0.6409807096975766,84,2198,3937,0.7579375158750318
palace,0.6341402650843798,25,2416,3813,0.7579333857854708
corrupt,0.5896775554744055,493,3411,3060,0.7578431372549019
phalanx,0.8410512669516382,8,132,739,0.7577807848443843
pas,0.7408394611689962,371,229,2947,0.7577197149643705
sec,0.5608615309937256,3358,642,2076,0.7577071290944123
bore,0.5970736774268961,227,3377,3219,0.7576887232059646
sacrifice,0.5701882904296328,312,3688,2360,0.7576271186440678
meridian,0.686930309319125,88,1166,4167,0.7576193904487641
holes,0.7050783316660085,45,937,3917,0.7574674495787592
unhappiness,0.782649958878253,7,353,1888,0.7574152542372882
ws,0.7371744335086301,552,74,3053,0.7572879135276777
awhile,0.7514685852062548,5,509,2605,0.7570057581573897
primo,0.8821567137189231,52,17,358,0.7569832402234636
tobacco,0.5580608767924939,2353,1647,1995,0.7568922305764411
father,0.5247870504690657,152,3848,473,0.7568710359408034
789,0.835486497691663,130,23,806,0.7568238213399504
sake,0.5587704290890051,196,3804,2052,0.7563352826510721
spreading,0.6544707389818789,153,1682,4115,0.7562575941676792
large,0.5241202203283701,548,3452,443,0.7562076749435666
hartly,0.887237637220763,3,59,324,0.7561728395061729
pur,0.7310546778494493,577,86,3174,0.7561436672967864
dominion,0.5818016508350219,556,3444,2876,0.7559109874826148
companions,0.6175881421461136,29,2796,3608,0.7558203991130821
pompous,0.7490250728756435,22,507,2661,0.7557309282224728
extremities,0.703111284258921,60,938,3917,0.7556803676282869
missionaries,0.7133223766162248,12,868,3724,0.7556390977443609
utter,0.6254085534948095,306,2250,3731,0.7555615116590726
ministers,0.5339744731007718,787,3213,1276,0.7554858934169278
credentials,0.6703755104216964,1304,169,4204,0.7554709800190295
almonds,0.7841083433678956,4,341,1807,0.7553956834532374
intoxicated,0.7575090602849475,22,454,2432,0.7553453947368421
bands,0.6579735837756787,195,1559,4155,0.7552346570397112
you,0.5325174935032808,172,3828,49,0.7551020408163265
ult,0.6312242453558196,142,2306,3813,0.7550485182271177
wounds,0.622751290745928,195,2438,3700,0.7548648648648648
falmouth,0.6694297172431654,411,1079,4212,0.7547483380816714
velocity,0.7064283759996476,4,922,3824,0.7547071129707112
sickly,0.7149993588720711,26,828,3672,0.7540849673202614
saddle,0.6452463119003736,78,1931,4050,0.7538271604938271
darkest,0.807420621969253,4,231,1238,0.7536348949919225
dap,0.9459328724903355,15,5,69,0.7536231884057971
loud,0.6088531926232179,104,3010,3458,0.7536148062463852
drew,0.5829142722190029,296,3704,2954,0.7535545023696683
ii,0.5213791117069675,2229,1771,706,0.7535410764872521
errors,0.5815399131441559,749,3251,2905,0.7535283993115318
gross,0.6228817541787182,372,2206,3722,0.753358409457281
calf,0.7213034645858429,87,680,3466,0.7533179457587997
nose,0.6389596891219175,48,2233,3936,0.7533028455284553
printing,0.6072863653675254,1039,2110,3445,0.7532656023222061
compound,0.7173527292048603,108,707,3585,0.7531380753138075
stole,0.6630419963166062,8,1576,4196,0.7530981887511916
seasoned,0.7703928842450731,46,360,2118,0.7530689329556185
doctor,0.553559487505972,250,3750,1879,0.7530601383714742
leeward,0.7601227544147898,11,440,2323,0.7529057253551442
dares,0.7271858269782442,13,679,3253,0.7528435290501075
ing,0.551203549064549,3391,609,1820,0.7527472527472527
brands,0.8036555578285272,98,146,1282,0.7527301092043682
essay,0.6513859856913957,32,1820,4110,0.7525547445255475
seeming,0.6788936743538581,53,1314,4174,0.7525155725922377
cotton,0.5656772266228871,351,3649,2237,0.7523468931604828
powders,0.7793944644420547,17,349,1918,0.7523461939520334
courtiers,0.7475840659487588,4,524,2660,0.7522556390977444
notwithstanding,0.5328569030001978,1027,2973,1247,0.7522052927024859
curiosity,0.6092913381040519,49,3011,3473,0.7520875323927441
shift,0.7143649749071448,33,820,3670,0.7520435967302452
historians,0.7145416344806185,9,838,3661,0.7519803332422835
dyer,0.7020075994374513,692,288,3913,0.7518527983644263
gauze,0.7305049779276562,7,646,3146,0.7517482517482518
slender,0.6855970112651056,31,1172,4115,0.7516403402187121
mantua,0.7945186905929649,7,265,1433,0.7515701325889742
grandeur,0.6573796594109417,36,1676,4165,0.751500600240096
mingled,0.6824746499759748,36,1248,4167,0.7513798896088313
person,0.4929891510593004,2019,1981,197,0.751269035532995
ground,0.5200226653505805,562,3438,607,0.7512355848434926
folks,0.7147455551000991,4,833,3630,0.7509641873278237
mo,0.6716622871001002,681,757,4199,0.7508930697785187
pease,0.7811362276891566,33,315,1825,0.7506849315068493
compleat,0.6114455528116014,597,2286,3576,0.7505592841163311
veal,0.7255044553166814,25,683,3301,0.7503786731293547
tenement,0.6540319000766751,111,1672,4141,0.7503018594542381
leather,0.6021960588181605,445,2841,3362,0.7501487209994051
elder,0.6438344593578265,137,1890,4049,0.750061743640405
again,0.5185472747983486,389,3611,356,0.75
enraged,0.7155142411418494,14,804,3595,0.7499304589707928
running,0.5643966323859756,1195,2805,2359,0.7498940228910556
cut,0.5326180432256168,430,3570,1267,0.749802683504341
retribution,0.7460962519797797,44,487,2669,0.7497189958786062
back,0.5251583827291206,463,3537,859,0.7497089639115251
cabin,0.7017234644196245,38,910,3862,0.7496116002071466
dearest,0.6450900202964351,98,1845,4089,0.7495720224993886
penn,0.5969822547021923,1257,2201,3281,0.7494666260286498
nt,0.6393655885977011,1675,483,3986,0.749372804816859
myself,0.5205767239935982,212,3788,721,0.7489597780859917
destiny,0.7170191715177737,26,766,3525,0.7486524822695035
trinity,0.7185684093160402,27,744,3473,0.7486323063633746
acceptance,0.6306857654346312,786,1584,3877,0.7485168945060614
drunk,0.6946660503957323,58,998,3984,0.7484939759036144
displays,0.7251294516346023,13,671,3229,0.7482192629296996
pipe,0.6556681502322442,145,1522,4177,0.7481446013885564
seeds,0.6407554530427807,52,2042,4017,0.7480706995270102
setting,0.5598379797576435,1753,2247,2195,0.7480637813211846
cargoe,0.6965819246701164,11,1017,3951,0.747658820551759
usage,0.6158186478302125,1365,1366,3656,0.7475382932166302
assassins,0.7846637159242538,6,322,1723,0.7475333720255368
11,0.5267821222028689,1631,2369,906,0.7472406181015453
plate,0.638460570306304,426,1753,3984,0.7472389558232931
scriptures,0.5628280578853391,22,3978,2290,0.7471615720524017
ramsay,0.7277831501769431,434,223,3156,0.747148288973384
prepare,0.5631754262401348,1128,2872,2440,0.7471311475409836
infinitude,0.8740709494057414,5,68,379,0.7467018469656992
indisputable,0.6520640352082977,51,1728,4142,0.7464992757122163
peregrine,0.7925732770899988,3,268,1426,0.7461430575035063
bo,0.6832811246405301,992,205,4111,0.7460471904646071
widow,0.5745275075791993,1146,2854,2752,0.7460029069767442
thei,0.7227986034132561,663,63,3350,0.7459701492537314
disobedience,0.6648727640944132,157,1331,4212,0.7459639126305793
ments,0.7328483788105428,531,69,2947,0.7458432304038005
vain,0.5305130672035209,145,3855,1243,0.7457763475462591
ashes,0.6391619157015072,111,1967,4030,0.7456575682382134
conquer,0.6542173585302697,45,1625,4174,0.7455678006708194
corrective,0.891349458560863,10,44,279,0.7455197132616488
persians,0.6984394994218548,6,968,3909,0.7454591967255052
eights,0.7763347073777138,20,342,1897,0.7453874538745388
original,0.5333929913162447,1614,2386,1347,0.7453600593912398
ign,0.8525564028652083,56,46,534,0.7453183520599251
hulk,0.8746892748520524,8,63,369,0.7452574525745257
el,0.6603598121417991,1159,386,4200,0.7452380952380953
stupendous,0.7452185826074169,4,523,2652,0.7450980392156863
victorious,0.6925682826338493,23,1031,3985,0.7450439146800502
pretty,0.5574935968093945,189,3811,2166,0.7446906740535549
merciful,0.6391643165430423,17,2046,4034,0.7446703024293505
ro,0.6594467596148664,1379,180,4205,0.744589774078478
peters,0.6570583876087632,852,756,4188,0.7445081184336199
shines,0.684310327854112,8,1158,4082,0.7444879960803528
serving,0.6175276649613854,1261,1340,3710,0.7444743935309973
sale,0.5199849662075999,1638,2362,735,0.7442176870748299
martial,0.5879383539939924,1922,1807,3147,0.744200826183667
blessing,0.5611503409032078,85,3915,2241,0.7438643462739848
unassisted,0.8217010903484688,10,152,855,0.743859649122807
throat,0.6570200606675367,12,1580,4192,0.7437977099236641
beasts,0.6193767856215534,153,2395,3735,0.7437751004016064
evi,0.8199617876112689,153,11,866,0.74364896073903
prayed,0.6391762074396781,655,1353,4052,0.7433366238894373
israelites,0.680020096055157,6,1218,4144,0.7430019305019305
tri,0.7880344152080632,194,96,1533,0.7429876060013046
foot,0.5455284952611354,441,3559,1774,0.7429537767756482
amazement,0.7237371489616491,6,672,3211,0.7427592650264715
cherry,0.6998305516426065,49,886,3831,0.7426259462281388
ain,0.7441414785690679,395,132,2652,0.7424585218702866
behavior,0.5570324118493304,655,3345,2178,0.7424242424242424
hairs,0.711743805410091,8,810,3595,0.7424200278164117
hunter,0.6589134699739564,342,1200,4203,0.742326909350464
careless,0.6588926914913533,43,1502,4200,0.7421428571428571
hanging,0.6791082119440183,53,1182,4149,0.7421065316943842
tents,0.6874396640891843,236,857,4028,0.7420556107249255
birth,0.5587406296792273,232,3768,2232,0.7419354838709677
mountains,0.56421427087209,134,3866,2530,0.7418972332015811
votaries,0.7390077715713378,11,535,2727,0.7418408507517419
delicate,0.6164849247112475,260,2313,3725,0.7417449664429531
favours,0.6356414073774483,46,2063,4014,0.7414050822122571
rumour,0.7860173933282726,3,312,1655,0.7413897280966767
jo,0.7034776841937898,699,191,3745,0.7412550066755674
cover,0.5772577649909308,433,3567,2941,0.7412444746684801
scudder,0.7578838090726314,383,52,2253,0.7412339103417666
shoot,0.7039748836755747,42,842,3739,0.7411072479272532
nourished,0.754928805047999,9,449,2356,0.7410865874363328
wealth,0.5494019211744012,704,3296,1879,0.7408195848855774
corruptions,0.7157397154074466,23,741,3457,0.7408157361874458
truly,0.5425081254186677,625,3375,1543,0.7407647440051847
girls,0.6450069553727866,9,1813,4120,0.7405339805825243
sir,0.5231875837589013,546,3454,474,0.740506329113924
sultan,0.7827718907817629,3,318,1683,0.7403446226975638
pious,0.580757966231175,80,3920,3026,0.7402511566424322
cool,0.611268394693439,119,2649,3638,0.740241891148983
iam,0.8347747487467958,116,22,731,0.7400820793433652
vital,0.6743287219660493,56,1249,4169,0.7399856080594867
thing,0.5099905133608622,620,3380,323,0.739938080495356
conversation,0.5426284902319574,280,3720,1751,0.739577384351799
minded,0.6749106702529049,68,1222,4170,0.739568345323741
pass,0.5248485906402106,1056,2944,901,0.7391786903440621
powder,0.5613990424287695,952,3048,2515,0.7391650099403578
marriage,0.5587486614391707,643,3357,2254,0.7391304347826086
war,0.5025049027414485,1695,2305,253,0.7391304347826086
eternally,0.6981897107040727,9,925,3833,0.7391077484998696
tacitus,0.7964263640853844,11,234,1284,0.7390965732087228
erasmus,0.8276781911375795,3,144,774,0.7390180878552972
wanton,0.6625422601657625,112,1353,4207,0.7387687188019967
vest,0.6682677689227182,571,831,4186,0.7386526516961299
storm,0.5735220193206554,68,3932,2908,0.7386519944979367
quiet,0.5839912506450838,340,3487,3103,0.7386400257815018
withall,0.8588581190232581,14,70,440,0.7386363636363636
chief,0.5235680622598987,1293,2707,849,0.7385159010600707
785,0.8015878845096911,166,53,1154,0.7383015597920277
thence,0.5268408403637548,1542,2458,1215,0.7382716049382716
gathered,0.6200277120814384,59,2409,3794,0.7382709541381128
chariot,0.6979402662473022,107,823,3826,0.7378463146889702
thern,0.8308063371211191,133,11,759,0.7378129117259552
authority,0.5146254065195466,2039,1961,347,0.7377521613832853
affairs,0.5251823402407645,1451,2549,1036,0.7374517374517374
favor,0.5179658485144344,1360,2640,651,0.7373271889400922
startled,0.7734549146845533,5,351,1869,0.7372926698769395
resolved,0.5184430715010797,2764,1236,529,0.7372400756143668
generated,0.7461367703805738,13,487,2538,0.7371946414499606
lengthening,0.8336268553635565,14,118,699,0.7367668097281831
storms,0.665480963187874,32,1382,4190,0.7367541766109785
tice,0.7669251208924303,347,42,2031,0.7365829640571148
schoonmaker,0.8575191718180057,78,3,425,0.7364705882352941
redeemed,0.6459114097088683,297,1434,4160,0.7362980769230769
beating,0.6872848988103111,141,921,3985,0.7362609786700125
folly,0.5636649035231664,134,3866,2578,0.7362296353762606
ware,0.6349589920830131,654,1374,4049,0.7359841936280563
goodness,0.5422266584384463,85,3915,1730,0.7358381502890173
understanding,0.5474894814730529,213,3787,1904,0.7358193277310925
study,0.5725207729428167,71,3929,2914,0.7357584076870282
spacious,0.68656277341159,9,1054,3983,0.7356264122520713
grating,0.8402331988720627,12,103,605,0.7355371900826446
ruins,0.6375267087407421,76,1865,4093,0.735401905692646
conscience,0.5412868054763772,189,3811,1625,0.7353846153846154
deed,0.5497791140039696,2493,1507,1995,0.7353383458646616
call,0.5147286103186551,683,3317,763,0.7352555701179554
lives,0.5311857573826149,380,3620,1363,0.7351430667644901
barber,0.7288363273896662,107,482,2902,0.7350103376981392
sam,0.6861715064028083,356,697,3980,0.7349246231155779
seemingly,0.7172685107639989,9,720,3354,0.7346451997614788
ter,0.6494654047026783,1292,343,4175,0.7346107784431137
wales,0.661432802311228,178,1279,4204,0.7345385347288297
ghent,0.8434794151091661,5,105,576,0.734375
fruition,0.78706294930908,10,269,1471,0.7341944255608429
submissive,0.7512483378387582,13,452,2385,0.7341719077568134
riches,0.571788780707872,95,3905,2870,0.7341463414634146
non,0.5566750539049804,2837,1163,2238,0.7341376228775692
grasp,0.7152944701024438,41,704,3396,0.7340989399293286
beings,0.5959750187142979,57,3176,3388,0.7337662337662337
steal,0.672677849785794,75,1187,4164,0.733669548511047
heretics,0.7339358142171721,12,525,2695,0.7335807050092764
norwood,0.7922190249792684,29,233,1381,0.7335264301230991
sensibility,0.6049542054494367,123,2699,3613,0.7334624965402713
yours,0.6078680476434988,113,2636,3643,0.7334614328849849
standing,0.5501042047117515,711,3289,2096,0.7333015267175572
princess,0.6727360041072601,55,1186,4156,0.7331568816169394
abaft,0.8779588065494258,3,57,311,0.7331189710610932
deck,0.6240437866489588,75,2220,3929,0.7330109442606261
balcony,0.8206133226073444,9,149,835,0.732934131736527
entangled,0.7501708754174913,15,452,2392,0.7328595317725752
glorious,0.538312717183626,67,3933,1549,0.7327307940606843
serve,0.5254037423786923,1075,2925,1186,0.7327150084317032
window,0.6005782360663701,94,2858,3550,0.7323943661971831
continued,0.5203827037650867,742,3258,837,0.7323775388291517
pitied,0.7318820802076617,7,536,2716,0.7323269513991163
castle,0.5495397308944968,353,3647,2006,0.7323030907278165
isles,0.7142127677254069,51,699,3417,0.7322212467076383
fruits,0.5704069736722215,140,3860,2878,0.7321056289089646
relate,0.5977563364615119,746,2356,3460,0.7320809248554914
sickness,0.5791327837327529,690,3241,3053,0.7320668195217819
disease,0.5395920058666388,63,3937,1575,0.7320634920634921
obscurity,0.6845033337987118,50,1005,3982,0.7320441988950276
pause,0.6598436291951456,66,1391,4204,0.7319219790675547
curious,0.5990523419989866,89,2945,3491,0.7318819822400459
harvest,0.649034522158285,43,1545,4193,0.731457190555688
presen,0.894528454190116,9,38,242,0.731404958677686
kings,0.5516093324742415,183,3817,2178,0.731404958677686
messengers,0.6875794555295422,84,919,3921,0.7311910226982913
physician,0.585145995255628,386,3204,3230,0.7309597523219814
bigotry,0.7333092987086455,6,529,2686,0.7308265078183172
my,0.527335186800914,158,3842,52,0.7307692307692307
ruling,0.6801870494295716,56,1062,4044,0.7307121661721068
heroes,0.6391121344602507,20,1812,4115,0.730498177399757
touched,0.6363813065959324,117,1771,4107,0.7304601899196493
gown,0.6766320444207707,11,1168,4092,0.7304496578690127
sally,0.605938015739694,65,2703,3638,0.7303463441451347
plead,0.5790806383923047,1420,2478,3063,0.7303297420829252
game,0.6483795909318746,178,1404,4197,0.7302835358589469
nursery,0.7395954123147969,36,483,2615,0.7300191204588911
surface,0.597774038101316,47,2940,3518,0.7299602046617396
lain,0.7192217781092687,99,561,3165,0.7298578199052133
load,0.6146304562635551,275,2209,3781,0.7297011372652737
relation,0.5511318107502468,941,3059,2193,0.729594163246694
shock,0.654594772995685,55,1425,4204,0.7295432921027593
confines,0.7284851086720501,54,509,2791,0.7294876388391257
debased,0.7827589667732793,18,271,1526,0.7293577981651376
feigned,0.7524941466087227,46,384,2228,0.7293536804308797
advance,0.567352606020526,1023,2977,2781,0.7292340884573895
spoil,0.6780457434887418,54,1088,4055,0.7292231812577066
beatty,0.7164982433176901,609,98,3297,0.7291477100394298
exile,0.7397386887988066,26,485,2590,0.728957528957529
shirt,0.5898296866301646,28,3298,3346,0.7289300657501494
people,0.48522747934215893,621,3379,129,0.7286821705426356
davenport,0.7302524752221377,117,426,2716,0.7286450662739322
confused,0.6778329695009478,42,1088,4049,0.7285749567794517
wear,0.5961659825118397,301,2809,3459,0.7285342584562012
aim,0.6206597693571541,221,2091,3915,0.7284802043422733
yourselves,0.5555696728558972,103,3897,2494,0.7281475541299118
legions,0.7362274530900917,59,465,2641,0.7281332828474063
mild,0.5976087301880437,109,2916,3497,0.728052616528453
disown,0.7961901467515518,9,215,1180,0.7279661016949153
manifest,0.5552636465301943,832,3168,2499,0.7278911564625851
apartment,0.5999402472682344,44,2850,3574,0.7277560156687185
bar,0.556383891865887,1221,2779,2527,0.7277404036406806
bread,0.5440108434513545,324,3676,1840,0.7277173913043479
wou,0.6684503960497812,47,1227,4168,0.7276871401151631
survey,0.5925424784532478,1478,1761,3382,0.7276759314015375
child,0.5227205985473737,432,3568,1009,0.7274529236868187
soil,0.5539090816143522,292,3708,2387,0.7272727272727273
fast,0.5531355127985408,233,3767,2302,0.7271937445699392
bodily,0.6575307943428087,68,1373,4198,0.727012863268223
forbearance,0.7029657716403233,172,651,3603,0.7268942547876769
inside,0.6694416907697487,23,1200,4141,0.726877565805361
bereft,0.7953558829975614,3,219,1171,0.726729291204099
alden,0.7766454088091156,257,62,1672,0.7266746411483254
mixture,0.6274012492350955,106,1983,4019,0.7265488927593929
interrupting,0.7737705763560232,19,310,1726,0.7265353418308227
tar,0.6432612865385781,532,1128,4183,0.7265120726751135
broken,0.5531428988041595,306,3694,2368,0.7263513513513513
sparing,0.74725096400381,17,451,2397,0.7263245723821443
false,0.5356232374511035,476,3524,1600,0.72625
leave,0.5039352047810046,1041,2959,599,0.7262103505843072
toils,0.6669591836698497,37,1246,4167,0.7259419246460284
secrets,0.6697293983267343,73,1140,4130,0.7259079903147699
det,0.8375434815796723,106,6,587,0.7257240204429302
pointed,0.5609712115458173,1123,2877,2614,0.725707727620505
overspread,0.7478344187820801,10,449,2358,0.7256149279050043
unprofitable,0.7250512976907562,30,562,2919,0.7255909558067831
spot,0.5638337354388676,221,3779,2688,0.7254464285714286
content,0.5735691192593021,361,3602,3048,0.7253937007874016
process,0.5533970433313502,2351,1649,2413,0.7252382925818484
weakness,0.5659310682294032,228,3772,2834,0.7251235003528581
dwell,0.5718695551317671,398,3602,3011,0.7250083028894055
persuasions,0.7485529258137158,8,435,2292,0.724694589877836
wh,0.6466345943645275,868,661,4206,0.724679029957204
fit,0.5250660628756895,1153,2847,1293,0.7246713070378964
coffee,0.5524449905151769,340,3660,2440,0.7245901639344262
exalt,0.6992788196953215,25,821,3658,0.7244395844723893
finger,0.6667359450926119,39,1221,4165,0.7243697478991596
wretched,0.5724379336509515,77,3923,3032,0.7242744063324539
deaths,0.6770668318114577,101,1001,4038,0.7241208519068846
minerva,0.730258407956767,8,525,2677,0.7239447142323496
anise,0.8716090027057299,3,65,355,0.723943661971831
cometh,0.6325027491972666,29,1812,4114,0.723869713174526
eagle,0.679059906640821,65,1017,4008,0.7238023952095808
retort,0.7922439893254912,30,207,1249,0.7237790232185749
sett,0.7057774555628945,151,618,3471,0.7234226447709594
ns,0.6729172644385477,694,461,4066,0.7233152975897689
promises,0.5659175075143956,270,3730,2890,0.7231833910034602
tam,0.7943094704048053,106,118,1180,0.7228813559322034
temptation,0.6196921360775394,161,2115,3940,0.7228426395939086
lock,0.6642795748352566,233,1071,4169,0.7224754137682897
children,0.5121528226533795,383,3617,526,0.7224334600760456
planting,0.6843477117566201,41,929,3894,0.7221366204417052
religion,0.5023985162386765,131,3869,626,0.7220447284345048
alias,0.6909381392333689,237,663,3764,0.7218384697130712
mchenry,0.699802765797441,783,36,3595,0.721835883171071
manoeuvres,0.776969144901552,10,293,1596,0.7218045112781954
1556,0.8426124092118809,23,75,514,0.7217898832684825
hospital,0.5573515038125971,913,3087,2608,0.7216257668711656
brutal,0.7115940479759582,13,715,3355,0.7216095380029807
bad,0.5339202023419407,624,3376,1584,0.7215909090909091
impatient,0.649246885744167,31,1460,4212,0.7215099715099715
betaken,0.8858151746987915,25,26,262,0.7213740458015268
tru,0.7935706031093611,151,64,1133,0.7210944395410415
extermination,0.8735017102854618,4,61,337,0.7210682492581603
converse,0.6385261997848148,59,1659,4164,0.7209414024975984
all,0.5394844474257604,799,3201,43,0.7209302325581395
dread,0.5802369824180676,167,3505,3180,0.720754716981132
fy,0.791223525936598,195,49,1282,0.7207488299531981
hawkins,0.6774440867713043,720,359,4003,0.7207094678990756
do,0.4786226427193994,739,3261,93,0.7204301075268817
printers,0.611908940959118,283,2150,3823,0.7203766675385823
sitting,0.5624262682734957,879,3121,2781,0.7202445163610213
fatigue,0.631812085149703,73,1760,4113,0.7201556041818624
fu,0.6644128195276962,1195,64,4162,0.7200864968765017
antiquities,0.7885557507550031,5,249,1338,0.7197309417040358
level,0.6070699617037025,140,2387,3753,0.7196909139355182
carolina,0.575696645722967,1124,2656,3125,0.71968
labours,0.5902837481433163,74,3100,3427,0.7195798074117303
murderer,0.673724422695037,28,1076,4040,0.7195544554455445
engrossed,0.629555161618639,1057,831,4107,0.7195032870708546
witherspoon,0.7125941863538213,600,102,3281,0.7192928985065529
rocks,0.5911107112785726,81,3059,3450,0.7191304347826087
door,0.5207903750463625,227,3773,1196,0.7190635451505016
warrant,0.5245166318937666,3029,971,1345,0.7189591078066915
sets,0.6210160270028936,244,1902,3985,0.7189460476787954
burst,0.6176559990507521,22,2255,3940,0.7187817258883249
range,0.6617573164143196,231,1065,4171,0.718292975305682
distil,0.8006666790123296,41,132,912,0.7182017543859649
gregory,0.7247995418681749,33,522,2764,0.7181620839363242
forsake,0.6298162020300235,15,1825,4117,0.7179985426281272
soldier,0.5469453850654507,1458,2542,2159,0.7179249652616952
monthly,0.6033041649475013,637,1957,3715,0.7179004037685061
complaisant,0.8007683521568768,8,179,989,0.717896865520728
summons,0.6246121406078848,1042,934,4074,0.7177221404025528
buckles,0.6009477015523847,44,2642,3675,0.7175510204081633
dissemble,0.7917235803613613,8,219,1196,0.717391304347826
rites,0.6633562080410397,77,1156,4146,0.7173178967679691
indebted,0.5499791924531994,505,3495,2377,0.71729070256626
crowns,0.662446063420914,124,1144,4162,0.7172032676597789
primitive,0.6368306571313235,37,1672,4162,0.7172032676597789
dudley,0.6890731368821635,230,662,3748,0.7171824973319103
solemnities,0.7875956748719786,23,238,1375,0.7170909090909091
ions,0.6379745209673326,1586,83,4174,0.7170579779587926
egg,0.6633032999094601,99,1131,4145,0.7170084439083233
accounts,0.5077666242593958,2109,1891,788,0.7170050761421319
alternately,0.6813083506200978,182,807,3915,0.7169859514687101
nails,0.6248010148964467,416,1545,4081,0.7167360940945846
pensioners,0.7148490646767628,353,309,3170,0.7167192429022082
oxford,0.6497764233427107,188,1267,4204,0.716698382492864
approached,0.6336788642607821,27,1734,4150,0.7166265060240964
slight,0.6083365963180304,97,2363,3802,0.7162019989479221
bulk,0.6660985834062296,229,956,4100,0.7158536585365853
playing,0.6617895570435995,121,1132,4166,0.7157945271243399
interspersed,0.7458378903232481,8,431,2273,0.7157941047074351
strength,0.5201676538922027,211,3789,1188,0.7154882154882155
contrivance,0.7026861001799645,37,727,3457,0.7153601388487127
embrace,0.5868263200321435,304,2952,3368,0.7152612826603325
token,0.6631188158381245,44,1175,4141,0.7150446751992272
provoking,0.7279804998223344,39,489,2660,0.7150375939849624
begun,0.5717744900471393,1029,2852,3079,0.7148424813251055
hath,0.5049212261625635,639,3361,424,0.714622641509434
fancied,0.7013163451107965,18,760,3488,0.7144495412844036
store,0.5426099822147188,245,3755,1989,0.714429361488185
king,0.5020172330210552,661,3339,357,0.7142857142857143
principal,0.5190285208232012,1270,2730,1126,0.7140319715808171
regni,0.6631056246494773,1173,30,4115,0.7139732685297692
played,0.6834594956507577,40,880,3802,0.7138348237769595
herald,0.7736904010115286,46,261,1617,0.7136672850958565
late,0.5098818357588516,1079,2921,440,0.7136363636363636
seat,0.5350205093964079,1036,2964,1805,0.7135734072022161
clothes,0.5816353182797289,116,3310,3302,0.7135069654754694
thornton,0.7280324061099925,64,457,2625,0.7131428571428572
converted,0.6034049662733413,169,2374,3737,0.7131388814557131
struggling,0.6908089676992443,29,831,3684,0.7130836047774158
motto,0.7212987412930436,50,518,2812,0.7130156472261735
tongues,0.6561897816906788,26,1305,4174,0.7129851461427887
believing,0.6000680039211236,189,2434,3706,0.7128980032379925
alarms,0.6802492889632713,114,846,3878,0.7127385250128933
frankfort,0.7451014577937597,119,320,2273,0.7127144742630884
open,0.5123126623227995,663,3337,818,0.7127139364303179
fuel,0.6866650836130023,213,673,3738,0.7126805778491172
scattered,0.6301315967249108,68,1716,4143,0.7125271542360608
patriot,0.6246580689461099,45,1848,4101,0.7125091441111924
propensities,0.7452830863672122,7,426,2240,0.7125
shield,0.6613812369615719,45,1177,4145,0.7124246079613993
ered,0.7346034769652936,421,62,2461,0.712312068264933
below,0.5391520710362312,511,3489,1873,0.7122263747997865
elegant,0.5793665834824892,45,3461,3256,0.7122235872235873
savage,0.5729402171731913,203,3523,3148,0.7121982210927573
disputing,0.757790130767395,23,338,1890,0.7121693121693121
vendue,0.5480226841684152,380,3620,2267,0.7119541243934715
particulars,0.5478708995053753,393,3607,2298,0.7119234116623151
overwhelmed,0.7051879093246135,13,726,3377,0.7115783239561742
dis,0.6555944745300052,948,377,4174,0.7115476760900814
so,0.5271902438303506,775,3225,52,0.7115384615384616
confutation,0.807760620569808,5,153,835,0.7113772455089821
record,0.5440814258371722,2881,1119,2141,0.7113498365249883
gen,0.548087325254505,1051,2949,2353,0.7110072248193795
indolence,0.6786875249237876,18,964,3917,0.7110033188664795
edge,0.638115627912303,102,1503,4186,0.7109412326803631
799,0.7976875965787664,146,20,875,0.7108571428571429
amends,0.7450766730115286,57,380,2265,0.7108167770419426
complaint,0.5481637930251884,1499,2501,2398,0.7105921601334445
deity,0.5932290362931664,30,2814,3595,0.7104311543810848
fo,0.6491106472698678,1049,368,4189,0.7101933635712581
handful,0.6936412063218981,16,789,3558,0.7096683530073075
loose,0.5819076063365048,286,3058,3337,0.7096194186394965
partner,0.6659307506928087,221,917,4052,0.7095261599210266
degrees,0.5433762808253745,723,3277,2086,0.7094918504314478
fruitful,0.6574106027051952,31,1214,4160,0.7091346153846154
withdrew,0.6414825671144837,295,1210,4211,0.7090952267869864
winthrop,0.7045588678207355,311,419,3358,0.709053007742704
imaginations,0.7020380899899796,11,736,3406,0.7090428655314152
moors,0.7109702180814103,25,637,3170,0.7088328075709779
senses,0.5891271558097091,64,2901,3538,0.708592425098926
wisdom,0.5131411659531555,251,3749,933,0.7084673097534834
sands,0.6913031085862211,110,719,3615,0.7084370677731674
as,0.5387891310316872,1049,2951,24,0.7083333333333334
41,0.5705439420735533,2119,1648,3133,0.7082668368975423
defection,0.7719153643639236,10,291,1587,0.70825456836799
solomon,0.5967591773895525,310,2381,3672,0.7080610021786492
meat,0.5868395384649167,405,2699,3458,0.7079236552920763
proviso,0.6562937833500209,1100,173,4165,0.7078031212484994
gristmill,0.7963503804756602,3,175,937,0.7075773745997865
tyrant,0.5967740884009902,62,2611,3676,0.7075625680087051
elevated,0.6308955715125512,52,1651,4161,0.707522230233117
enjoyments,0.6360156430362616,28,1555,4196,0.7073403241182078
confusion,0.5488635827735691,276,3724,2525,0.7073267326732673
perplexity,0.7090480528256702,47,623,3198,0.7073170731707317
edges,0.7413779011801229,8,434,2289,0.7072957623416339
despising,0.7544620461930117,7,369,1967,0.7071682765632944
protested,0.7216474608061025,137,410,2727,0.707004033736707
conquering,0.7156641271662383,29,580,2986,0.7069658405894172
singularity,0.7464358647039918,14,398,2146,0.7068965517241379
stile,0.6419602502607055,176,1301,4203,0.7068760409231502
stanton,0.7616674113241215,145,186,1736,0.7067972350230415
sel,0.8196910048752247,112,27,733,0.7066848567530696
thames,0.7549754226563224,11,352,1901,0.7064702788006313
dig,0.710493205042012,172,482,3150,0.7063492063492064
peggy,0.6563884981531501,20,1209,4143,0.70625150856867
tention,0.8802356018335938,35,16,262,0.7061068702290076
issues,0.665533642695904,526,580,4038,0.7060425953442299
middling,0.6642291946820098,49,1087,4050,0.705925925925926
onward,0.7704836424294921,5,289,1554,0.7059202059202059
logan,0.7052983391032368,147,559,3294,0.7058287795992714
waters,0.546351581096308,764,3236,2250,0.7057777777777777
rate,0.529647918480471,2563,1437,1620,0.7055555555555556
benefactor,0.6653747418131931,10,1096,4038,0.7055473006438832
sheriff,0.5177699701624364,1931,2069,1297,0.7054741711642252
locks,0.6389856494137868,281,1234,4209,0.7053932050368259
decay,0.6399853456283188,107,1384,4212,0.7053656220322887
married,0.5533794221985697,304,3696,2676,0.7051569506726457
ounce,0.6217561276477417,145,1735,4106,0.7050657574281539
garret,0.7187321098358794,42,512,2763,0.7050307636626855
net,0.629701555510083,952,747,4158,0.7049062049062049
bailey,0.6797903137362771,418,502,3802,0.7048921620199895
greatness,0.5872882430302939,75,2928,3507,0.7048759623609923
description,0.5396989527971447,795,3205,2039,0.704757233938205
stage,0.5568770011904232,366,3634,2933,0.7047391749062394
school,0.545643411363809,622,3378,2294,0.7044463818657367
fortune,0.5299021604286581,105,3895,1651,0.7044215626892792
lays,0.6190992987721787,261,1663,4104,0.7041910331384016
dantzick,0.847813374486299,3,75,409,0.7041564792176039
gr,0.6929010199892873,353,436,3515,0.7041251778093883
preyed,0.8193689380308954,3,130,703,0.7041251778093883
frozen,0.6970176180424372,21,734,3435,0.7039301310043669
reported,0.5275530385399696,2783,1217,1546,0.703751617076326
his,0.5391294111856973,659,3341,27,0.7037037037037037
soever,0.6270840960575478,437,1308,4156,0.7035611164581328
follies,0.672640389955011,18,988,3925,0.7034394904458598
spheres,0.7497834887829701,20,367,2021,0.7031172686788718
revive,0.6441767744790814,366,1061,4190,0.7031026252983293
balancing,0.8370236069339604,10,85,495,0.703030303030303
picture,0.5931195134704131,96,2651,3641,0.7028288931612194
approved,0.5443484729037708,2021,1979,2231,0.7028238458090542
perishing,0.6924709999290521,29,759,3513,0.7028181041844578
prize,0.5461005920250979,1144,2856,2479,0.7027027027027027
resign,0.61344129134852,362,1796,3986,0.7024586051179127
turin,0.8175879598891911,7,125,699,0.7024320457796852
wri,0.8434362732707421,68,16,440,0.7022727272727273
imagination,0.5552353986607822,87,3913,2911,0.702164204740639
impiety,0.7007547399633723,6,719,3344,0.7021531100478469
ins,0.756375662615964,241,102,1796,0.7021158129175946
plates,0.6530501034337316,84,1185,4162,0.7020663142719846
howard,0.6507093688858983,464,851,4171,0.7019899304723088
equipage,0.7156957573481506,90,490,2862,0.7019566736547869
coats,0.6829627399962911,72,796,3704,0.7016738660907127
respite,0.7514792902853624,20,359,1981,0.701665825340737
rises,0.6219679336758478,43,1789,4115,0.7015795868772783
pleasing,0.5452126959741256,111,3889,2355,0.7014861995753715
admittance,0.7103692681879216,50,575,3048,0.7014435695538058
singular,0.5529208736190612,583,3417,2798,0.7012151536812009
scholastic,0.8366494967125248,3,93,502,0.701195219123506
gardens,0.6414949658756234,87,1361,4202,0.7010947168015231
sudden,0.5476943818321792,212,3788,2566,0.701091192517537
abington,0.7396589179871806,65,371,2260,0.7008849557522124
beholding,0.69427818717582,6,753,3443,0.7008422887017136
path,0.5796289828495398,117,3182,3359,0.700803810657934
piety,0.5575580557165576,117,3883,3008,0.7007978723404256
meeting,0.4993350408760234,813,3187,655,0.7007633587786259
undone,0.6553239457890385,50,1149,4113,0.700705081449064
axes,0.7437179318808846,91,322,2147,0.7005123428039124
gordon,0.6537903951323799,518,714,4147,0.7005063901615626
wise,0.513918089728211,249,3751,1272,0.7004716981132075
barbadoes,0.7164377499039095,7,553,2780,0.7003597122302159
royal,0.5278693668716171,453,3547,1674,0.7001194743130227
yo,0.7052258937504654,295,371,3187,0.7000313774709759
holten,0.6519984217441389,1254,16,4167,0.7000239980801536
little,0.4901299174056862,241,3759,250,0.7
obliging,0.6391205559909345,217,1250,4208,0.6998574144486692
opening,0.5473315861178486,801,3199,2562,0.6998438719750195
impious,0.6524876558658812,21,1218,4151,0.6998313659359191
profession,0.547792994830042,121,3879,2564,0.6996879875195008
isle,0.6316472379777951,118,1445,4205,0.6996432818073722
squirrel,0.7815622730142049,7,245,1328,0.6995481927710844
handsome,0.6047700252499607,52,2280,3906,0.699436763952893
dennis,0.6944165399958164,233,520,3429,0.6993292505103529
descended,0.6153239935933728,135,1841,4074,0.6993127147766323
elliot,0.6876506746149537,364,436,3545,0.6992947813822284
intruding,0.8255602613385561,11,107,625,0.6992
credible,0.6805625594571416,455,427,3731,0.6990083087644063
perish,0.5809796087772648,61,3154,3401,0.6989120846809762
magnificent,0.6467443065242312,23,1307,4174,0.6988500239578342
inf,0.7599428310935843,226,96,1690,0.6988165680473373
stroke,0.6080921571004257,62,2188,3951,0.6988104277398127
each,0.48732384126067746,1609,2391,209,0.6985645933014354
tant,0.7957083173342788,108,53,849,0.6984687868080094
merch,0.8995820359518268,10,17,116,0.6982758620689655
roof,0.6296947677182082,97,1512,4184,0.6981357552581262
eminence,0.6513746664626335,76,1177,4166,0.6980316850696111
compassion,0.5823386660562286,30,3110,3450,0.6979710144927537
wards,0.6861170637649784,386,420,3563,0.6977266348582655
diseased,0.7224595062287759,18,508,2649,0.6976217440543602
bells,0.6805795392733718,22,852,3720,0.6975806451612904
polly,0.6105878811368348,57,2100,3981,0.6975634262748053
bradford,0.6098254775109748,575,1599,3987,0.6975169300225733
combatants,0.7933213951332242,5,159,866,0.6974595842956121
proving,0.6050319437348903,445,1855,3925,0.6973248407643312
enty,0.8350583942030007,95,5,525,0.6971428571428572
captivity,0.6138034635448801,334,1681,4048,0.6971343873517787
organ,0.6825408368512127,104,747,3664,0.6970524017467249
extinguished,0.6493905244976801,162,1104,4164,0.696926032660903
consummation,0.7651207805928824,11,290,1587,0.6969124133585382
fasting,0.6893779532209243,40,742,3500,0.6968571428571428
certain,0.4930897739821675,1381,2619,409,0.6968215158924206
foretold,0.6818887224919218,22,841,3690,0.6967479674796748
agitation,0.6452420845586319,57,1284,4174,0.6966938188787734
boys,0.5732170688932052,84,3338,3303,0.6966394187102634
novelty,0.6737842286126353,81,846,3823,0.6965733716976197
execution,0.49921704322424376,1939,2061,761,0.6964520367936925
ug,0.8668598488195686,54,5,303,0.6963696369636964
engag,0.8164031841770599,10,121,691,0.6960926193921853
naught,0.7925988277643079,12,154,875,0.696
violent,0.5364493355796147,172,3828,1993,0.6959357752132463
intitled,0.5618522607585783,2877,957,3101,0.6959045469203483
knocking,0.7583725923524103,4,318,1690,0.6958579881656805
feeding,0.6737138261080059,105,822,3823,0.6957886476589066
forever,0.5417040209525315,902,3098,2195,0.6956719817767654
wilderness,0.5898574895233056,98,2615,3662,0.6955215729109776
christianity,0.549397273432131,22,3978,2666,0.695423855963991
prison,0.5367559178717004,931,3069,2057,0.6951871657754011
rk,0.757365129565504,304,23,1715,0.6950437317784257
bushes,0.7158876406562845,10,538,2734,0.6949524506217996
waste,0.582263348265952,504,2575,3461,0.6948858711355099
ec,0.7220716556915727,489,28,2612,0.6948698315467075
lot,0.5118768502316623,864,3136,1232,0.6948051948051948
foor,0.91401927177178,19,5,95,0.6947368421052632
cheerfulness,0.6698582907071107,29,937,3884,0.6946446961894953
unmanly,0.7705443153074168,13,261,1443,0.6943866943866944
streams,0.6009317249375491,156,2217,3874,0.6943727413526071
tables,0.6210529909544057,190,1573,4147,0.6942367976850735
hides,0.6732228172903817,187,733,3802,0.6941083640189374
salt,0.5346977320279922,700,3300,1954,0.6939611054247697
dwelling,0.5320839876576189,622,3378,1875,0.6938666666666666
unwary,0.7623838544229476,8,294,1594,0.6938519447929736
foolish,0.6026083206150754,44,2280,3910,0.6936061381074169
helped,0.6852281114834906,20,771,3522,0.6933560477001703
circuit,0.6130534176566025,1212,774,4069,0.6932907348242812
themselves,0.4870773428679504,515,3485,303,0.693069306930693
broad,0.5504383314722899,298,3702,2860,0.693006993006993
omnipotent,0.7103734603748693,33,564,2934,0.6929107021131561
pocket,0.5893321080676769,72,2655,3660,0.692896174863388
linens,0.6267340845288614,29,1573,4187,0.6928588488177693
worth,0.5335317333615217,466,3534,1973,0.6928535225544855
mermaid,0.8110683569794009,10,123,703,0.6927453769559033
kind,0.49615938067209325,569,3431,563,0.6927175843694494
partaking,0.7491809626598855,22,349,1939,0.6926250644662197
smallpox,0.711870865434491,36,540,2842,0.6924700914848698
who,0.525980498847697,667,3333,52,0.6923076923076923
headed,0.6672979663738837,42,944,3916,0.692288049029622
just,0.4997502645116684,523,3477,432,0.6921296296296297
meal,0.6216567322762651,157,1574,4160,0.6920673076923077
martin,0.5694986935769967,1165,2355,3252,0.6918819188191881
tired,0.6617711444741028,55,1006,3981,0.691785983421251
humble,0.5244471942017286,187,3813,1748,0.6916475972540046
grammar,0.6692125745445513,111,842,3871,0.6915525703952468
ourselves,0.5096680001443353,364,3636,1112,0.6915467625899281
reports,0.5718737764518351,1600,1808,3306,0.691470054446461
sat,0.5440225296163361,255,3745,2560,0.69140625
servants,0.5242306092830142,604,3396,1617,0.6914038342609771
bourne,0.7027429644924041,460,179,3104,0.6913659793814433
half,0.49997505005531334,922,3078,473,0.6913319238900634
hearer,0.781831236236087,11,231,1273,0.6912804399057345
delighted,0.6257797967689087,17,1586,4187,0.6911870074038691
provoked,0.6690611569698505,40,909,3862,0.6910926980838944
countless,0.7726470088713698,3,263,1404,0.6908831908831908
illiterate,0.7411877664311638,14,394,2128,0.6907894736842105
steam,0.7513047407609579,26,320,1814,0.6907386990077178
weather,0.5422882791488144,141,3859,2286,0.6907261592300963
select,0.5845861769668825,1405,1463,3582,0.690675600223339
italian,0.6480242579718358,22,1196,4141,0.6906544312967882
remorse,0.6461052135569639,7,1243,4170,0.6906474820143885
columns,0.6874795893609871,116,641,3436,0.690628637951106
landed,0.5505600570139746,931,3069,2936,0.6903950953678474
acuteness,0.7903194237366814,5,170,920,0.6902173913043478
form,0.49166209863805643,1024,2976,597,0.6901172529313233
sheeting,0.6986597329049058,7,664,3197,0.6900218955270566
intellectual,0.6613052075799442,8,1046,3985,0.6898368883312421
vouchsafed,0.7897432552719689,3,185,996,0.6897590361445783
wilder,0.7901327709634672,100,87,989,0.6895854398382204
extra,0.6244428360024626,847,744,4191,0.6893342877594846
rooms,0.5860890556815578,109,2699,3618,0.6890547263681592
hospitality,0.6672476004978444,38,922,3878,0.6890149561629706
true,0.48814002996560174,633,3367,373,0.6890080428954424
slander,0.6701405353078101,132,786,3800,0.6889473684210526
appearing,0.5728871792637492,1178,2139,3353,0.6889352818371608
overcome,0.6011632227395719,64,2237,3922,0.688934217236104
infection,0.644780118862511,17,1269,4166,0.6886701872299568
drowned,0.6440153013501828,24,1280,4169,0.6886543535620053
suitors,0.7884260064583597,67,106,912,0.6885964912280702
languishing,0.7208301765624675,39,468,2569,0.6885947839626314
absorbed,0.705736878782828,31,570,2950,0.6884745762711865
habit,0.567589580625208,254,3241,3256,0.6882678132678133
appeased,0.7835663280090298,5,207,1119,0.6881143878462913
margin,0.6840544977904714,290,493,3498,0.6881074899942824
seated,0.6072502516962889,113,1982,4014,0.6880916791230692
lee,0.5378427799235262,2627,1373,2196,0.6880692167577414
copious,0.6606455697215768,42,997,3966,0.6878466969238527
thrones,0.7298123617968592,6,439,2300,0.6878260869565217
absconding,0.7658173611412166,230,48,1467,0.6877982276755283
pasture,0.6204276705729868,77,1624,4157,0.6877555929757037
nutriment,0.8025785680523644,4,140,759,0.6877470355731226
meetings,0.5382496070010939,788,3212,2200,0.6877272727272727
narrow,0.5544620562699004,188,3803,3039,0.6877262257321487
ur,0.6663357216278537,792,174,3884,0.6876930998970134
slaves,0.5230835574970581,1344,2656,1540,0.6876623376623376
warning,0.6110866071759204,309,1601,4098,0.6874084919472914
offended,0.5977039844449568,160,2232,3861,0.6873866873866874
lethargy,0.7683189250922381,5,264,1417,0.6873676781933663
off,0.49146019916753436,402,3598,419,0.6873508353221957
poll,0.6407678565621342,747,593,4175,0.687185628742515
ordained,0.5732034869648337,598,2677,3366,0.6871657754010695
approach,0.5492135430963484,130,3870,2867,0.6871294035577259
cochran,0.7225130341721353,189,305,2512,0.6871019108280255
application,0.5200199805253384,1648,2352,1486,0.6870794078061911
indifferent,0.6029579234483228,352,1896,3953,0.6870731090311156
diversified,0.744027440261223,18,372,2038,0.6869479882237488
flee,0.6661448773326323,83,879,3881,0.6869363566091213
woman,0.5049599401063039,184,3816,1009,0.686818632309217
sowing,0.7015898665217803,19,611,3071,0.6867469879518072
tremble,0.6159115406681739,30,1768,4136,0.6866537717601547
hearts,0.5091390802545511,53,3947,1193,0.6865046102263203
rank,0.5257246510384116,1007,2993,1805,0.686426592797784
seals,0.6097426189966106,833,1117,4087,0.6863224859310008
moral,0.5177468321411984,127,3873,1428,0.6862745098039216
patients,0.6136173186539076,31,1838,4112,0.6860408560311284
base,0.5760361659627449,148,3029,3423,0.6859479988314344
yard,0.5508113101455182,386,3614,3005,0.6858569051580699
cheated,0.7611069296410603,17,269,1511,0.685638649900728
here,0.4862182695947221,429,3571,248,0.6854838709677419
almighty,0.5401005374498624,128,3872,2343,0.6854460093896714
shadow,0.6036299725865881,116,2062,3986,0.6853988961364776
5s,0.7002614977939937,68,560,3063,0.6852758733268038
pitch,0.6073257367879954,301,1701,4057,0.6852353956125216
saracens,0.7873149258515552,3,171,918,0.6851851851851852
searching,0.6574127777721083,100,960,3984,0.6849899598393574
mi,0.6431411372561362,1000,280,4170,0.6848920863309352
sen,0.7101731873654573,114,447,2783,0.6848724398131513
alive,0.5615585589965059,200,3455,3195,0.6848200312989046
terrible,0.56870948058882,72,3334,3306,0.6848154869933454
riding,0.6285709756151672,242,1247,4212,0.6847103513770181
pro,0.550221222347715,3268,732,2994,0.6847027388109552
toll,0.6377367437409341,1084,313,4185,0.6845878136200717
countess,0.6449418964236558,10,1202,4129,0.6844272220876726
addition,0.5331669525056476,2362,1638,2085,0.6844124700239809
silver,0.5209133151709066,834,3166,1730,0.684393063583815
courage,0.5434482122537114,93,3907,2584,0.6842105263157895
relentless,0.7759442095160879,8,239,1297,0.6838858905165767
tors,0.7103808121595829,536,17,2755,0.6838475499092559
trying,0.6164591767872248,310,1453,4147,0.6836267181094767
bars,0.6823600817878624,136,648,3502,0.6836093660765277
memoirs,0.6810769179779621,33,762,3530,0.6835694050991501
tread,0.6432724969979005,31,1214,4160,0.6834134615384615
subsistence,0.5933259692112098,932,1496,3831,0.6833724876011485
supports,0.6797734719111261,53,756,3568,0.6832959641255605
bloody,0.5782721266622569,88,2960,3482,0.683228029867892
pension,0.6163720468527717,1209,538,4156,0.6828681424446583
coarse,0.5867850464188165,46,2609,3686,0.6828540423223006
dogs,0.618473283331746,245,1439,4166,0.6826692270763323
unknown,0.5421756071080758,284,3716,2546,0.6826394344069128
thers,0.8556537603639401,48,16,334,0.6826347305389222
drove,0.5873716196525178,104,2498,3711,0.6825653462678524
griffin,0.6651039275153184,789,161,3865,0.682535575679172
slave,0.5395058895350819,1505,2495,2271,0.6825187142228093
detail,0.6043201752215333,875,1219,4017,0.6823500124470998
elders,0.6001609899919911,79,2195,3941,0.6823141334686628
force,0.49239796462302743,1274,2726,645,0.6821705426356589
bridges,0.6184094407494546,1078,594,4175,0.6821556886227544
shoe,0.6381110269384976,51,1296,4177,0.682068470193919
chair,0.5464491694475353,1212,2788,2796,0.6820457796852647
private,0.5007726282050192,1141,2859,852,0.681924882629108
excellence,0.6145632478790781,47,1738,4143,0.6818730388607289
family,0.5009183850990246,308,3692,886,0.6817155756207675
direct,0.511964871592929,1397,2603,1376,0.6816860465116279
gauge,0.8052304847845818,93,42,713,0.6816269284712483
sewing,0.6824755889512832,5,759,3457,0.6815157651142609
detested,0.703389331809639,23,573,2931,0.681337427499147
noah,0.6474189617708637,222,927,4053,0.6812237848507279
clear,0.5082622153101802,624,3376,1289,0.6811481768813034
rule,0.5066226822717884,1312,2688,1229,0.6810414971521562
coming,0.506905446479747,517,3483,1272,0.6808176100628931
grown,0.5905042258331122,112,2369,3783,0.6806767116045467
heavy,0.53822628458004,310,3690,2276,0.6805799648506151
obscure,0.6313343395948571,77,1362,4198,0.6805621724630777
lying,0.5233458383456446,1189,2811,1802,0.6803551609322974
concealed,0.5775270259481443,400,2565,3538,0.680327868852459
sherif,0.8039156986546262,121,4,660,0.6803030303030303
utes,0.8931028367912014,29,6,172,0.6802325581395349
troubles,0.6169700358391352,64,1618,4167,0.6801055915526758
substance,0.5443668126202978,498,3502,2660,0.6800751879699248
rid,0.6128739525720206,441,1365,4132,0.6798160696999032
sober,0.58525907585816,98,2535,3700,0.6797297297297298
center,0.6343790417412186,73,1317,4180,0.679665071770335
expresly,0.7129645692832243,3,528,2669,0.6796553016110903
divi,0.8247325316746087,88,16,543,0.6795580110497238
changes,0.5874503005439313,344,2211,3731,0.6794425087108014
ceremony,0.6046873719371048,148,1855,4055,0.6794081381011098
disappointment,0.6010463316907321,101,2075,3986,0.6793778223783241
mend,0.6960366163442243,59,578,3097,0.6793671294801421
garment,0.6922477733690793,16,650,3187,0.6793222466269219
minutes,0.5335338273982396,424,3576,2195,0.6792710706150342
generality,0.6613543188831363,63,906,3891,0.6792598303777949
vol,0.5365704747577623,1868,2132,2237,0.679034421099687
un,0.6065341339203575,1267,656,4102,0.6789371038517796
luce,0.8168227710663054,26,88,601,0.6788685524126455
performance,0.5536926861257362,1086,2749,3101,0.6788132860367624
bounding,0.729723106128204,142,286,2221,0.6785231877532643
turning,0.5661142431396063,217,3131,3335,0.6782608695652174
appeal,0.5269229728933623,2001,1999,1876,0.6780383795309168
deeper,0.6574029012839937,22,992,3932,0.6780264496439471
these,0.47731201977841303,522,3478,90,0.6777777777777778
gather,0.6086796538936015,84,1779,4111,0.6776939917295062
hereof,0.5815879876365397,862,1944,3617,0.6776333978435167
lodged,0.5543926845328955,1575,2195,3132,0.677522349936143
ascend,0.6342994980507187,18,1354,4177,0.6775197510174766
then,0.473923103437416,729,3271,93,0.6774193548387096
sions,0.8266769202871306,52,44,502,0.6772908366533864
butter,0.5747550210820344,188,2819,3502,0.6770416904625928
punishment,0.5156315290485135,661,3339,1483,0.677006068779501
shoemakers,0.7592213713534293,6,272,1467,0.6768916155419223
middleton,0.6863395394474066,314,389,3283,0.6768199817240329
gratification,0.6408795219003496,70,1135,4120,0.6766990291262136
both,0.48214740136527123,616,3384,300,0.6766666666666666
hay,0.5843832022760655,502,2117,3708,0.6766450916936354
springs,0.5763702353359303,128,2810,3552,0.6765202702702703
horse,0.501300271152197,605,3395,949,0.6765015806111696
fellow,0.5015447651036089,213,3787,1038,0.6763005780346821
hog,0.6670542103143962,353,536,3741,0.6762897620956964
potts,0.6700559003280248,283,579,3691,0.676239501490111
secy,0.7533111628708996,294,9,1596,0.6760651629072681
nard,0.8946194086600487,25,6,142,0.676056338028169
survive,0.682344440286708,73,677,3417,0.6760316066725197
joined,0.5335276164109818,633,3367,2210,0.6760180995475114
servant,0.4989314054497848,398,3602,907,0.6758544652701213
education,0.5301198010813235,216,3784,2057,0.6757413709285367
elevation,0.6686436587924648,34,841,3718,0.6756320602474448
travel,0.582070599281107,827,1881,3665,0.6755798090040928
allowance,0.5327542416125264,2665,1335,2182,0.6755270394133822
visit,0.5307659948814434,155,3845,2092,0.6754302103250478
aims,0.7056910557292682,72,480,2751,0.6753907669938204
advis,0.8687848441759685,4,48,268,0.6753731343283582
travellers,0.6108986634112114,258,1537,4136,0.6752901353965184
antigua,0.5983551489040673,17,2187,3969,0.6752330561854372
schism,0.7781358640176088,10,205,1133,0.675198587819947
letter,0.4841261849261716,1642,2358,317,0.6750788643533123
peru,0.6802254513872675,31,731,3453,0.6750651607298002
pe,0.6146770206522665,1416,270,4165,0.6749099639855942
giles,0.6229863017516771,972,527,4208,0.6749049429657795
ity,0.7057101735422867,427,122,2734,0.674835405998537
revenge,0.5613712476416464,116,3345,3277,0.674702471772963
outside,0.6426078871160753,73,1092,4076,0.6746810598626104
external,0.545931929815006,243,3757,2947,0.674244994910078
civil,0.49774529025594627,914,3086,905,0.6740331491712708
comforts,0.6232586782399829,40,1442,4204,0.6738820171265462
esqr,0.6138954073075734,1598,118,4160,0.6737980769230769
lodging,0.6313892700570036,256,1123,4183,0.673679177623715
manchester,0.7004217517840559,80,509,2902,0.6736733287388008
comfortable,0.5963427547503487,122,2150,3945,0.673510773130545
hamilton,0.5497995281553515,1426,2493,3059,0.6734226871526643
deepening,0.8545716532803311,10,49,303,0.6732673267326733
writes,0.6331384798093552,210,1118,4177,0.6732104381134786
lix,0.7267315100913752,327,111,2270,0.6731277533039648
hurtful,0.622320317437158,36,1456,4215,0.6730723606168446
nuisance,0.7475226871889843,124,208,1743,0.6729776247848537
vagrant,0.7561061804084406,108,175,1492,0.6729222520107239
attested,0.6060208064181518,765,1119,4109,0.6729131175468483
fend,0.6721318596363327,804,28,3622,0.672832689122032
russia,0.5816627500791848,228,2446,3677,0.672831112319826
et,0.5442230831621453,2418,1582,2839,0.6727721028531173
huntington,0.6161424570781976,1311,311,4186,0.672718585762064
supreme,0.5025573702480008,1732,2268,1179,0.6726039016115352
gracious,0.543938319889841,57,3943,2810,0.6725978647686833
negative,0.5437793591949903,2579,1421,2815,0.67246891651865
thro,0.5177009769091723,108,3892,1769,0.6721311475409836
disordered,0.6894457456699591,29,629,3159,0.6720481164925609
retirement,0.6318383810626624,57,1282,4174,0.6720172496406325
surprized,0.6438814795391985,12,1116,4051,0.6719328560849173
discovery,0.5436853448094193,386,3614,2773,0.6718355571583123
suits,0.5645096740171738,2040,1255,3359,0.6716284608514439
worthy,0.5041066770342968,211,3789,1297,0.6715497301464919
tranquil,0.6824247793602966,37,696,3364,0.6715219976218787
happy,0.49062010711384696,146,3854,764,0.6714659685863874
ke,0.678765644557556,559,201,3448,0.6708236658932715
ther,0.6137824721867968,1321,346,4177,0.6708163753890352
ub,0.8230477863709995,88,13,528,0.6704545454545454
mounted,0.6138372631578192,150,1502,4184,0.6704110898661568
thereon,0.5097128333667175,2577,1423,1413,0.670205237084218
ra,0.6516933099291619,853,181,3960,0.6702020202020202
native,0.5307940630975667,219,3781,2176,0.6700367647058824
generation,0.5740808634587459,70,2805,3582,0.6700167504187605
resigned,0.6150115786734397,295,1320,4182,0.6700143472022956
catholic,0.5814710557710425,518,2134,3691,0.6700081278786236
endowments,0.7344154049083788,7,388,2060,0.6699029126213593
offense,0.514005946314774,2213,1787,1535,0.6697068403908795
cordial,0.6170965013260715,88,1445,4204,0.6693625118934349
final,0.53308098658273,1688,2312,2431,0.6692719045660223
justifying,0.7177510577099985,42,435,2437,0.6692654903569963
healed,0.6845880845999734,9,667,3208,0.6692643391521197
suffering,0.5434924460674699,364,3636,2859,0.6691150752011192
ee,0.6563240807882857,803,147,3865,0.6690815006468306
partition,0.6246859980589965,932,495,4190,0.6689737470167064
multitudes,0.6151155724466352,28,1544,4202,0.6689671584959543
kindled,0.6517435614731815,21,1003,3945,0.6689480354879594
way,0.4791242247009923,499,3501,302,0.6688741721854304
falling,0.5593651436424215,270,3134,3309,0.6687821093986098
russel,0.7136873999039448,39,463,2548,0.6687598116169545
ca,0.5910474991061031,1683,646,3906,0.6687147977470558
ton,0.6002524206968906,1199,786,4068,0.6686332350049164
improved,0.5474178279400929,755,3245,3038,0.6685319289005925
delicacy,0.5957937899158299,161,2046,3966,0.6684316691880988
reid,0.7473345225863314,118,208,1710,0.6684210526315789
strangers,0.5497332783012205,166,3649,3106,0.6683837733419189
declining,0.6488667059694684,119,931,3983,0.6683404468993221
devour,0.6683006148611433,15,823,3636,0.6683168316831684
retired,0.5471749813956192,135,3865,3033,0.6683151994724695
homage,0.6457704187012192,21,1060,4005,0.6681647940074906
nursed,0.7491469621478156,7,309,1663,0.6680697534576068
attachments,0.6647388117127788,380,498,3720,0.668010752688172
childish,0.7328420814426098,16,381,2069,0.6679555340744321
whereupon,0.5329067542377154,2796,1204,2349,0.6679438058748404
ni,0.6437397127539702,1002,105,4035,0.667905824039653
captives,0.6362618860627057,60,1160,4142,0.6677933365523901
sails,0.5987028566813161,80,1966,4033,0.6677411356310439
passages,0.5775124666978544,170,2633,3617,0.6676803981199889
preparation,0.6144555697442156,123,1495,4182,0.6676231468197035
ge,0.614501238016317,1383,224,4187,0.6675423931215667
inch,0.5802623483724648,533,2089,3705,0.6674763832658569
plenty,0.5484620114307676,94,3767,3091,0.6674215464251051
extinct,0.7412497582864895,11,343,1855,0.6673854447439354
deficient,0.6158014324250459,622,929,4199,0.6673017385091689
depressed,0.6991351717370875,28,546,2836,0.6671368124118476
steward,0.6361852576544953,174,1041,4134,0.6669085631349783
galling,0.7503846573685335,6,292,1573,0.6668785759694851
upright,0.6001775845457925,115,1836,4085,0.6668298653610771
miserable,0.5424728820469468,83,3917,2821,0.6667848280751506
minister,0.4979716461263836,1214,2786,1053,0.6666666666666666
orator,0.6774534474016063,24,727,3419,0.6665691722725944
square,0.5429499982141273,628,3372,2834,0.6665490472829922
dropped,0.6443093837649616,69,1018,4018,0.6665007466401195
feeling,0.550011041649857,209,3532,3148,0.6664548919949174
forcible,0.6602427129860156,285,614,3761,0.6663121510236639
pennsylvanian,0.7975651679018395,6,129,713,0.6661991584852734
crown,0.5060529379455388,368,3632,1381,0.666183924692252
burnt,0.5433968322180452,410,3590,2908,0.6660935350756534
parental,0.6689488985488109,15,809,3605,0.6660194174757281
capital,0.5300449442896089,1016,2984,2200,0.6659090909090909
tenure,0.6108684667902146,290,1389,4166,0.6658665386461834
pr,0.5788961862991383,2167,508,3675,0.6658503401360544
luxurious,0.7053752097293176,16,516,2675,0.6657943925233645
sewall,0.6769383367798374,616,136,3426,0.6657910099241098
penalty,0.5219118421714812,3215,785,1897,0.6657880864522931
fondness,0.6392409963382802,16,1131,4051,0.6657615403604048
arundel,0.7023304655742195,211,337,2734,0.6656912948061449
genoese,0.8023143475215677,4,118,646,0.6656346749226006
alone,0.49530823053344053,473,3527,930,0.6655913978494624
remembrance,0.5547340177094343,74,3468,3244,0.6655363748458692
defeats,0.7443997096774227,23,311,1752,0.6655251141552512
carnage,0.7177203386488326,10,458,2397,0.6654151022110972
wound,0.5505324823435934,328,3372,3156,0.6653992395437263
inhabit,0.6464661579068737,205,848,3980,0.6653266331658292
orthodox,0.7027348705234534,29,512,2709,0.6651901070505721
spouse,0.6963835916117407,3,582,2883,0.6649323621227887
potent,0.6918421699686417,26,585,2996,0.664886515353805
brings,0.5355744468732224,136,3864,2584,0.6648606811145511
escaping,0.6807235739401463,124,588,3316,0.6646562123039808
ust,0.8544362767505421,24,33,292,0.6643835616438356
ministry,0.5295927639793974,238,3762,2163,0.6643550624133149
untimely,0.69245555479936,14,590,2963,0.6641916976037799
bred,0.6041372122410598,44,1785,4112,0.6641536964980544
raw,0.6236016823717029,368,1042,4191,0.6640419947506562
reed,0.5971496383953829,955,1094,4030,0.6640198511166253
act,0.4842554125120502,1890,2110,226,0.6637168141592921
remedy,0.5313521579207753,1444,2556,2251,0.6637050199911151
sit,0.5310173082774916,892,3108,2271,0.6635843240863056
dummer,0.7751769537089426,54,150,1081,0.6632747456059205
moravian,0.7543095807122844,9,267,1455,0.6632302405498282
pushed,0.6696355357313062,31,763,3530,0.6631728045325779
cruel,0.5295648931600656,177,3823,2194,0.6631722880583409
insupportable,0.6817277552409953,28,656,3229,0.6630535769588107
than,0.47449774903733516,738,3262,89,0.6629213483146067
namely,0.5783746666615309,908,1720,3702,0.6628849270664505
replied,0.5230053486458881,326,3674,1931,0.6628689798032108
bodied,0.6842188870956057,286,369,3153,0.6628607675229939
save,0.5126913302108081,271,3729,1714,0.662777129521587
down,0.4835108663921309,321,3679,415,0.6626506024096386
every,0.4858248028229808,1068,2932,83,0.6626506024096386
abound,0.6182199205997473,28,1449,4203,0.6626219367118724
entering,0.5370441592711082,1587,2413,2610,0.6624521072796935
banks,0.5364540253908441,846,3154,2624,0.6623475609756098
warmth,0.6035466913948075,136,1695,4115,0.6622114216281896
review,0.5865207661731561,810,1602,3842,0.6621551275377408
perfection,0.5414035893309828,109,3891,2835,0.6620811287477955
egyptians,0.6737597095111046,5,747,3426,0.6619964973730298
fearing,0.6543060609307949,44,892,3834,0.6619718309859155
summer,0.5319242276317302,141,3859,2472,0.6618122977346278
ashley,0.7789025202340398,60,118,937,0.6616862326574173
cotemporary,0.7765841192448237,9,188,1040,0.6615384615384615
observing,0.5430804025570679,946,3054,2978,0.661517797179315
deadly,0.6540823627628882,25,915,3846,0.6614664586583463
whispered,0.7179665737836848,9,437,2304,0.6614583333333334
scales,0.673159265308955,114,641,3435,0.6614264919941776
imperceptible,0.7576484584526055,12,252,1394,0.6614060258249641
display,0.5752541369460898,100,2648,3642,0.6611751784733663
streets,0.5183804877395234,211,3789,1871,0.6611437733832175
disappeared,0.66609897609278,6,823,3615,0.661134163208852
rush,0.5907223848832094,114,2129,3954,0.6611026808295397
allotment,0.780084960718297,71,99,897,0.6610925306577481
offspring,0.5957245355116044,56,2028,4027,0.6610379935435808
embraced,0.6057989301322546,167,1594,4150,0.6609638554216868
stocks,0.6358058361025126,335,829,4073,0.6609378836238645
sick,0.5274609935962097,547,3453,2147,0.6609222170470423
pillar,0.6832733474761739,41,615,3154,0.6607482561826252
allowing,0.5442827269030319,2632,1368,3029,0.6606140640475404
knave,0.7107992884687802,8,488,2522,0.6605868358445678
notable,0.7287178629082361,12,387,2079,0.6604136604136605
frenchman,0.6540357964344349,93,843,3834,0.6604068857589984
assassinated,0.7830183198580587,5,155,845,0.6603550295857988
laboured,0.6175040017287214,30,1443,4204,0.6603235014272122
stanley,0.762532433706065,25,224,1310,0.6603053435114504
improvement,0.531226486306105,538,3462,2490,0.6602409638554216
relaxation,0.6922211359242156,69,523,2919,0.6601575882151421
visited,0.5536481407116909,114,3361,3269,0.660140715815234
routs,0.7812485409964748,38,125,859,0.660069848661234
may,0.5206148296175107,1248,2752,50,0.66
rebecca,0.610709578199144,139,1450,4191,0.6599856836077308
visiting,0.6285082712815866,49,1228,4167,0.6599472042236622
environs,0.760874775845793,10,246,1349,0.6597479614529281
pack,0.6595374297297882,213,664,3717,0.6596717783158461
shewing,0.5876837133398382,182,2133,3913,0.6595962177357526
ble,0.6541515512827764,707,214,3804,0.6595688748685594
pathetic,0.6699916726640935,12,758,3474,0.6594703511801957
meuse,0.8172254777610621,3,101,543,0.6593001841620626
mercer,0.6272686972746497,984,308,4173,0.6589983225497245
lustre,0.5920852723921866,41,2118,3983,0.6587998995731861
offending,0.5807680302599816,1650,867,3763,0.6587828859952166
combat,0.6359105134378723,46,1104,4058,0.6584524396254312
contempt,0.5309481396023142,406,3594,2505,0.6582834331337325
along,0.510979301506849,436,3564,1589,0.658275645059786
counted,0.6433101637128346,236,818,3985,0.6582183186951066
unguarded,0.7203943463534822,25,405,2228,0.6579892280071813
baseness,0.7135210492574185,15,458,2420,0.6578512396694215
above,0.48223441345923895,830,3170,339,0.6578171091445427
surrounding,0.6321478200186846,40,1127,4079,0.657759254719294
instrument,0.5410717017103621,926,3074,2939,0.6577067029601905
ew,0.7230415687613438,313,102,2156,0.6576994434137291
brass,0.5449326898062535,204,3693,3061,0.6576282260699118
ace,0.7309465882452478,259,125,2009,0.6575410652065704
aside,0.5317435795099529,508,3492,2543,0.6574911521824617
returning,0.5371877464589514,982,3018,2686,0.6574832464631423
matter,0.4874686662918663,923,3077,686,0.6574344023323615
lances,0.7672631819590445,64,168,1222,0.6571194762684124
richly,0.6829177922321238,8,630,3103,0.6571060264260393
liveth,0.7091896875861419,9,489,2531,0.657052548399842
demerit,0.7632168040704477,8,238,1294,0.6568778979907264
adversary,0.6651352073571847,56,749,3558,0.65654862282181
renewed,0.565760199687462,751,2209,3546,0.6565143824027073
stock,0.5230055956304405,1117,2883,2064,0.6564922480620154
rounds,0.7271128970140766,89,311,2087,0.6564446574029708
mayhew,0.7456850630903424,42,266,1624,0.6564039408866995
shores,0.5946503196764905,538,1450,4067,0.6562576837964101
numbers,0.5107010673666783,779,3221,1748,0.6561784897025171
marine,0.5720666654235208,1725,1060,3626,0.6560948703805847
na,0.6235845231706229,1078,257,4177,0.6559731864974863
ave,0.7191367718359016,272,155,2213,0.6556710347943967
mor,0.7665522633751553,110,123,1225,0.6555102040816326
coit,0.705326534317437,426,81,2569,0.6555079797586609
anno,0.5718220158930611,2199,614,3613,0.6554110157763632
harrison,0.5931236339436368,1115,926,4030,0.6553349875930521
arouse,0.8160147660714346,5,102,557,0.6552962298025135
tories,0.6382509857295107,77,1012,4020,0.655223880597015
dissenters,0.6464115845703746,37,947,3918,0.655181214905564
manly,0.5944654679794444,125,1851,4074,0.6551300932744232
mask,0.6754212267549711,16,704,3337,0.6550794126460893
elegance,0.6201839439965979,16,1379,4182,0.6549497847919655
went,0.47951018409373547,273,3727,594,0.6548821548821548
chicanery,0.8165901005125524,12,91,536,0.6548507462686567
spark,0.6561450835798888,14,869,3733,0.654701312617198
sabbath,0.5885447411596376,94,2149,3954,0.6545270612038442
picked,0.6758807882183667,43,670,3317,0.654507084715104
ornamented,0.6954470306278848,5,545,2741,0.6545056548704852
piece,0.5094811613175535,327,3673,1600,0.654375
vengeance,0.5424720370526922,106,3894,3020,0.6543046357615894
dana,0.6319017938645215,921,233,4068,0.6541297935103245
loam,0.8267650848743984,6,75,425,0.6541176470588236
plato,0.718985477549684,3,420,2191,0.654039251483341
enclosed,0.5890437503728752,1490,704,3974,0.6540010065425265
avenue,0.6981628122405311,22,517,2705,0.6539741219963031
branches,0.5241567676174289,742,3258,2153,0.6539712029725964
contemplation,0.5957069752119944,337,1579,4095,0.653968253968254
butler,0.5990869816282152,923,907,4115,0.6539489671931956
forgiveness,0.6111391522045712,18,1499,4209,0.6538370159182704
concurred,0.5948309393509749,1331,599,4098,0.6537335285505125
borne,0.5787919889045057,547,1972,3760,0.6537234042553192
plea,0.5556041970944345,1983,1275,3367,0.6536976536976536
hanover,0.6277572064927358,264,940,4118,0.6534725594949005
unfinished,0.6825640257461588,322,300,3038,0.6533903884134299
elect,0.5793635130933714,383,2100,3781,0.6530018513620736
humiliation,0.6499271541055038,65,861,3824,0.6529811715481172
lightning,0.6065353200233714,10,1624,4178,0.6529439923408329
paths,0.6043196744162536,40,1640,4166,0.6529044647143543
insensible,0.6037356267971956,52,1657,4162,0.6528111484863046
lloyd,0.6457687225211591,279,696,3909,0.6525965720133027
unarmed,0.7307312513442663,44,331,1960,0.6525510204081633
portion,0.5328380127013257,716,3284,2610,0.6524904214559387
snatch,0.6816649328550882,9,623,3080,0.6522727272727272
union,0.4931958529231761,1532,2468,949,0.6522655426765016
print,0.6283830978058323,327,854,4094,0.6521739130434783
village,0.5458900428153795,444,3281,3147,0.6517318080711789
shewed,0.55084225975389,63,3341,3309,0.651556361438501
slain,0.5795216844549529,89,2368,3802,0.6514992109416097
chapman,0.6706956886263198,246,492,3374,0.6514522821576764
fail,0.5182454979909603,947,3053,2037,0.6514482081492391
stifle,0.7416941855348368,17,300,1664,0.6514423076923077
species,0.5164471818334224,491,3509,1973,0.6507856056766346
carriage,0.538077819898677,894,3106,2942,0.6505778382053025
malice,0.564556075793401,209,2668,3579,0.6504610226320201
breaketh,0.8379039364324806,5,62,349,0.6504297994269341
dr,0.49306042789552906,496,3504,1001,0.6503496503496503
search,0.5344746441823847,649,3351,2773,0.6501983411467724
physicians,0.5630277226108129,231,2743,3535,0.65007072135785
league,0.6151190444297904,139,1298,4196,0.649904671115348
mouths,0.6241909389740636,74,1180,4167,0.6498680105591552
constancy,0.6423460858236408,27,990,3935,0.6498094027954257
creeds,0.7749689865863766,7,184,1008,0.6498015873015873
splendor,0.6193488666469095,66,1287,4174,0.6497364638236703
yoke,0.5931550888998743,75,1833,4096,0.649658203125
adorned,0.6228028101445244,9,1271,4170,0.6496402877697842
unsullied,0.7632767547304141,11,220,1215,0.6493827160493827
despatch,0.7112230700832425,448,22,2407,0.6493560448691317
commands,0.538233763513128,275,3725,2971,0.6492763379333558
williams,0.5377722318247021,1575,2425,2951,0.6492714334124026
wa,0.6196380017559682,894,439,4177,0.6487909983241561
offend,0.6136604668581687,221,1240,4206,0.6483594864479315
fallen,0.5258233813342208,389,3611,2420,0.6483471074380165
solemnity,0.6143855633094508,88,1355,4202,0.6482627320323655
famous,0.5695134493518468,72,2685,3644,0.6481888035126235
farther,0.5072307087516008,969,3031,1600,0.648125
innocent,0.5251991617248659,254,3746,2353,0.6476838079048024
famine,0.6227869936849516,32,1229,4162,0.6475252282556463
brother,0.49437857893340087,125,3875,1228,0.6473941368078175
perverseness,0.7427197965762149,6,290,1565,0.6472843450479233
denial,0.6099940646587666,186,1309,4209,0.647184604419102
translation,0.6242236300106686,254,960,4137,0.6470872613004592
tacking,0.868945032706331,11,35,238,0.6470588235294118
uses,0.5659764244406783,989,1827,3612,0.6470099667774086
sentences,0.6542388303125698,144,717,3685,0.6469470827679783
collects,0.7752687888032329,15,152,878,0.6469248291571754
reformed,0.6173797653396401,83,1296,4183,0.6469041357877122
rhea,0.7760495824517918,8,154,855,0.6467836257309941
short,0.48164779549809084,270,3730,719,0.6467315716272601
reasonable,0.4914686975156026,915,3085,968,0.6466942148760331
danvers,0.7397528693682621,168,149,1664,0.6466346153846154
loaves,0.7417228027794335,16,290,1613,0.6466212027278363
perseverence,0.8671636539161928,5,43,249,0.6465863453815262
stamped,0.6388899169268153,327,714,3967,0.6465843206453239
roger,0.5913791009884627,1138,785,4102,0.6465138956606533
marah,0.909958428516695,8,14,82,0.6463414634146342
reveal,0.631615511164398,24,1084,4037,0.6462719841466436
infinite,0.524412350396464,93,3907,2298,0.6462140992167101
parents,0.5124610725067072,277,3723,1837,0.6461622210125204
antiquity,0.6126457917531359,41,1419,4208,0.6461501901140685
labor,0.49507929288177205,641,3359,1297,0.646106399383192
fuller,0.6512697870339046,221,664,3738,0.6460674157303371
exercise,0.4936246548662336,908,3092,1181,0.6460626587637596
sedition,0.6009753889267985,405,1272,4167,0.6460283177345812
disinterested,0.6040522556725144,221,1383,4190,0.6458233890214797
rent,0.5280607790572103,1399,2601,2541,0.6458087367178277
shooting,0.7121927083215789,35,417,2329,0.6457707170459425
sold,0.47671240076415694,313,3687,635,0.6456692913385826
otherwise,0.48965991313615187,1401,2599,920,0.6456521739130435
catch,0.5977977480348573,133,1626,4148,0.6456123432979749
hunting,0.5893324393292255,282,1754,4037,0.645528858062918
parted,0.5895631121163478,114,1903,4048,0.6455039525691699
allowed,0.47798020664260316,2393,1607,770,0.6454545454545455
freeman,0.5890530673762615,725,1321,4033,0.645425241755517
wasteful,0.83590612538687,6,66,375,0.6453333333333333
politeness,0.6060960099997124,40,1484,4212,0.6452991452991453
women,0.49378658042159645,116,3884,1229,0.645240032546786
idle,0.5658862439707216,396,2408,3619,0.6452058579718154
brilliant,0.6250947155002452,61,1119,4095,0.6451770451770452
friendship,0.503259792534364,311,3689,1485,0.6451178451178451
cloathed,0.6595590715390204,68,730,3539,0.645097485165301
scarlet,0.6060202191890682,7,1518,4209,0.6450463292943692
smith,0.4920718495454381,1793,2207,1093,0.6450137236962489
destruction,0.5094086054406424,250,3750,1805,0.6448753462603878
reform,0.6011469443553286,189,1464,4181,0.6448218129634059
linen,0.5264384139322204,128,3872,2486,0.6448109412711183
invention,0.6078995867754741,95,1407,4209,0.644808743169399
lavish,0.7171277227225104,26,391,2165,0.6448036951501155
inspired,0.5656200169577107,65,2746,3614,0.6447149972329829
irrational,0.7421613437743091,7,283,1533,0.644487932159165
rogues,0.7228717645962806,80,311,2039,0.6444335458558117
invincible,0.6630123286562979,32,730,3453,0.6443672169128294
studied,0.631881435767759,35,1053,4023,0.6442953020134228
tempt,0.6516368089321561,78,788,3702,0.6439762290653701
impotency,0.7538666794694587,19,236,1342,0.6438152011922503
deliver,0.5051909492851161,1911,2089,1616,0.6435643564356436
feeble,0.560887466828175,181,2706,3575,0.6433566433566433
weak,0.5159370590661922,211,3789,2080,0.6432692307692308
calicoes,0.652595814402891,12,842,3672,0.6429738562091504
govern,0.5438731457864783,1164,2536,3156,0.6429024081115335
ridicule,0.6075799824413636,63,1430,4211,0.6426027071954405
incidents,0.6600535167123525,54,726,3494,0.6425300515168861
proclaim,0.6184939764040438,60,1245,4169,0.6423602782441833
continuing,0.5556967653764026,1029,2056,3461,0.6422999133198497
murray,0.600279232878307,686,955,4179,0.6422589136156975
unfurl,0.7843268473802137,3,143,771,0.642023346303502
further,0.4759897397433292,2235,1765,321,0.6417445482866043
infected,0.6222543344488114,39,1161,4114,0.6417112299465241
advancing,0.5996694983264036,167,1483,4183,0.6416447525699259
genius,0.5237404689240286,193,3807,2383,0.6416281997482165
former,0.4786929423704067,938,3062,678,0.6415929203539823
armstrong,0.6341991542349956,519,543,3985,0.6414052697616061
190,0.5995587914645517,1259,395,4182,0.6413199426111909
qualification,0.618220728658504,468,827,4170,0.6412470023980815
counsels,0.6022697498170392,77,1485,4208,0.6411596958174905
reserve,0.589000171338086,295,1672,4077,0.6411577140053961
7s,0.7247345968043997,103,274,1971,0.6407914764079148
transports,0.5915045844054786,57,1818,4109,0.6407885130201996
pieces,0.5084034232449647,353,3647,1811,0.6405300938707896
nicholas,0.5457444449264682,1825,1705,3250,0.6403076923076924
dissipation,0.6355024292235137,35,996,3953,0.640273210220086
simplicity,0.5684132144042964,68,2540,3708,0.6402373247033442
discoveries,0.5911457731653145,95,1761,4110,0.6401459854014598
unconcerned,0.7365525506437888,11,307,1670,0.640119760479042
pistol,0.6245011491124985,30,1124,4068,0.640117994100295
rejoiced,0.6313492735870301,37,1040,3998,0.6400700350175088
sailor,0.6009728716191727,143,1447,4192,0.6400286259541985
chancellor,0.5845316697729748,830,1337,3986,0.6399899648770697
ru,0.718455639535677,318,81,2079,0.6392496392496393
descends,0.6837295460487488,31,530,2783,0.6392382321236076
progress,0.5114126540538126,667,3333,1876,0.6391257995735607
sword,0.5143966100168095,247,3753,2006,0.6390827517447657
ex,0.5459520757501097,2471,991,3277,0.6389990845285322
hold,0.4881889201846289,1077,2923,903,0.6389811738648948
fight,0.5332419064344098,378,3622,2941,0.638898333900034
cromwell,0.6663229749313181,30,690,3337,0.6388972130656279
reconciled,0.5967461502026346,92,1635,4157,0.6386817416406062
succession,0.5564909432956413,214,2699,3559,0.6386625456588929
valued,0.6145624327433115,438,925,4176,0.6386494252873564
crosses,0.6928722964786422,72,450,2631,0.6385404789053591
honoured,0.5976279725044407,35,1649,4166,0.6385021603456553
battle,0.524905893306747,237,3763,2525,0.6384158415841584
fearful,0.5976930199013994,28,1640,4178,0.638343705122068
temper,0.5157457904176939,195,3805,2126,0.6382878645343368
quarterly,0.5923758070756019,452,1351,4133,0.6380353254294702
assortment,0.5300020390866629,13,3987,2685,0.6379888268156425
heroic,0.6400738466353918,21,933,3872,0.6379132231404959
arrogant,0.7379634807434078,9,303,1640,0.6378048780487805
reverend,0.5848527683324727,226,1872,4014,0.637767812655705
escape,0.5125862296499467,521,3479,1971,0.6377473363774734
justified,0.5483521648656594,462,2819,3364,0.6376337693222355
hurry,0.6186300803125396,82,1158,4155,0.6375451263537906
troublesome,0.6121752539781432,72,1332,4189,0.6373836237765577
verily,0.6039285742729916,119,1390,4213,0.6373130785663422
continental,0.48599512462193784,3276,724,816,0.6372549019607843
applied,0.49224091127878694,1781,2219,1243,0.6371681415929203
york,0.5207737004854865,1113,2887,2282,0.6371603856266433
reprobate,0.7119969572098083,36,391,2213,0.6371441482150927
blow,0.5456368962493817,135,3318,3284,0.6370280146163215
kindly,0.5952411221536696,22,1722,4159,0.6369319547968262
finishing,0.6592166112464978,221,539,3448,0.6368909512761021
annals,0.6364697923344065,104,890,3920,0.636734693877551
numbered,0.621780540682793,492,676,4084,0.6366307541625857
habitual,0.6322724489801241,42,998,3972,0.6364551863041289
mather,0.6988500784476047,42,457,2533,0.6363995262534544
ithin,0.7637542703366039,195,4,1053,0.6362773029439696
forms,0.5187823289094654,614,3386,2268,0.6362433862433863
renewing,0.6759629320076823,84,535,3026,0.6361533377395903
yards,0.5551156764124987,265,2680,3553,0.6360821840698002
within,0.474899529598936,2175,1825,239,0.6359832635983264
immoveable,0.7191479259407063,33,353,2019,0.6359583952451708
perpetual,0.5338617745741465,903,3097,3002,0.6359093937375083
ally,0.5921553206038386,900,895,4136,0.6358800773694391
strove,0.6501066259025112,6,832,3636,0.6358635863586358
elector,0.6615473640485182,91,654,3396,0.6357479387514723
passions,0.5137083855526373,163,3837,2015,0.6357320099255583
goose,0.6819702705873038,35,529,2796,0.6355507868383404
harmony,0.5301222784979912,599,3401,2836,0.6354019746121298
coopers,0.7429136272969069,70,207,1459,0.6353666895133653
complaining,0.6259107440834318,362,740,4038,0.6352154531946508
philosopher,0.5928243213687079,27,1751,4144,0.6351351351351351
heights,0.6491933860853464,34,814,3661,0.6350723845943731
lead,0.5030743866452192,427,3573,1575,0.6349206349206349
stretched,0.6280949877958764,19,1059,4001,0.6348412896775806
bedford,0.5917907755466931,697,1093,4137,0.6347594875513657
preach,0.5371464029949877,49,3849,3063,0.6346718903036239
benevolence,0.5297019306295643,93,3907,2742,0.6345733041575492
limb,0.6485339362205018,154,702,3676,0.6343852013057671
indian,0.4915425724690756,1293,2707,1280,0.634375
impetuosity,0.7061594780596944,12,433,2300,0.6343478260869565
morrow,0.5150980232552647,2136,1864,2119,0.634261444077395
petitioner,0.5544009669266218,2592,373,3538,0.6342566421707179
boast,0.5606508618514792,74,2707,3630,0.634159779614325
german,0.5404775534072693,316,3420,3148,0.6340533672172808
johnston,0.6162989307527563,477,772,4167,0.6340292776577874
recompence,0.6361383660821508,169,815,3918,0.6339969372128637
cardinal,0.6449123994026277,24,861,3738,0.6337613697164259
several,0.47277102076462024,1311,2689,243,0.6337448559670782
power,0.4754819645780076,1129,2871,161,0.6335403726708074
con,0.5230426898430329,3279,721,2524,0.6335182250396196
searle,0.7092642309562718,399,39,2270,0.6334801762114537
woods,0.5297387502054686,349,3651,2859,0.633438265127667
records,0.5283461970804639,2523,1477,2686,0.6332836932241251
daughters,0.5591343597961825,176,2631,3617,0.6331213713021842
acts,0.48923037888412313,1288,2712,992,0.6330645161290323
ture,0.7354729833664361,239,67,1613,0.6329820210787352
jewels,0.65229586178164,30,774,3557,0.6328366601068316
aforesaid,0.47083476246550704,2989,1011,256,0.6328125
tortola,0.7225058971488107,4,357,1890,0.6328042328042328
ce,0.586764670540882,1424,491,4095,0.6327228327228327
ars,0.7452048795977088,175,93,1413,0.6326963906581741
po,0.628162870340097,789,278,3988,0.6326479438314945
med,0.7347948972259594,146,162,1624,0.6323891625615764
welch,0.7270181028197119,38,308,1814,0.6323042998897465
crops,0.6194975476375635,78,1088,4082,0.6322880940715335
encreasing,0.6800390389613734,20,554,2836,0.6322284908321579
surveying,0.6695108951837264,216,432,3132,0.632183908045977
brick,0.5396018523839714,246,3492,3147,0.6320305052430887
shows,0.6060946657766686,549,901,4203,0.6319295741137283
warmed,0.7023744117015648,9,460,2400,0.6316666666666667
knight,0.6036144862429955,158,1329,4210,0.6315914489311164
eloquence,0.5849971002596058,67,1875,4093,0.6315660884436843
climates,0.628238358461912,18,1043,3981,0.6314996232102487
intrepid,0.6979747155473738,12,478,2495,0.6312625250501002
physical,0.6394864307915596,45,871,3793,0.6311626680727657
hearty,0.5973383933903632,54,1545,4186,0.6311514572384138
st,0.4721632076036524,452,3548,599,0.6310517529215359
corrupted,0.597040783876016,85,1530,4182,0.6310377809660449
standard,0.5523609682543904,658,2357,3498,0.6309319611206403
exasperated,0.6929964643405188,15,489,2557,0.630817364098553
queen,0.5134123686207807,300,3700,2098,0.6306005719733079
mc,0.7166096800506961,269,126,2060,0.6305825242718447
smothered,0.7784724001698544,8,141,785,0.6305732484076433
thomson,0.569234249966655,1314,1168,3784,0.6305496828752643
sto,0.7663955725343481,116,55,901,0.6304106548279689
theirs,0.5823916672397359,246,1813,4033,0.6303000247954377
paternal,0.6410909633865485,39,870,3776,0.6302966101694916
anny,0.8643705215259166,14,32,238,0.6302521008403361
apprized,0.6819592807408811,160,391,2745,0.6302367941712204
drawing,0.5278676455554182,1030,2970,2793,0.6301467955603294
2the,0.7659667288700154,102,78,949,0.6301369863013698
beach,0.6154959096411468,274,936,4128,0.6298449612403101
shot,0.5277586931365479,316,3684,2746,0.6296431172614713
regions,0.572001616174291,42,2369,3842,0.6296199895887559
meantime,0.7227756906254122,157,194,1838,0.6294885745375408
kindness,0.5327296535414021,69,3931,3017,0.6294332117998012
laborious,0.6181177283185666,45,1126,4085,0.6291309669522643
end,0.4765010682708683,745,3255,469,0.6289978678038379
same,0.4666993808643864,898,3102,97,0.6288659793814433
lincoln,0.5722009325612107,1507,861,3877,0.6288367294299716
accordingly,0.4906133664714635,1435,2565,1303,0.6285495011511896
allen,0.5490186543259374,1223,1913,3451,0.6282237032744132
executions,0.6065886933516509,1117,291,4191,0.6280124075399666
future,0.48167798130220385,965,3035,895,0.6279329608938548
fish,0.5157654696306183,809,3191,2254,0.6277728482697427
slowly,0.6138969280103967,25,1233,4164,0.6277617675312199
stories,0.5814448639993262,23,2064,4021,0.6277045511066899
honours,0.5679396052023518,131,2333,3797,0.6276007374242824
press,0.5171311416771552,679,3321,2457,0.6275946275946276
leader,0.613117920257883,41,1228,4162,0.6273426237385872
ward,0.5429271525269094,1577,1927,3256,0.6271498771498771
enquired,0.598614273566385,151,1363,4212,0.6270180436847104
enter,0.48850879358534605,1209,2791,1059,0.6270066100094429
shape,0.5729777456868603,230,2102,3906,0.626984126984127
over,0.46855614323134953,608,3392,268,0.6268656716417911
halifax,0.5695080944853942,387,2041,3831,0.626729313495171
subscribers,0.5354827243483716,508,3330,3099,0.6266537592771861
imp,0.7228893363951913,150,195,1807,0.6264526840066409
compliments,0.6301566843106537,26,970,3919,0.626435315131411
pine,0.581013203661882,279,1777,4034,0.6261774913237481
lighter,0.6711557092231767,45,566,2996,0.6261682242990654
knee,0.5950097208983857,22,1586,4188,0.6260744985673352
legislative,0.49919764722855625,2236,1764,1749,0.6260720411663808
gravelly,0.7862659285545499,9,127,722,0.6260387811634349
envy,0.5467933346358526,50,3153,3408,0.6258802816901409
pressed,0.562246529010446,230,2318,3735,0.62570281124498
perfect,0.4941189358757143,307,3693,1413,0.6256192498230715
varied,0.619061569007519,186,940,4050,0.6254320987654322
instruct,0.5831086074608256,215,1729,4089,0.6253362680361947
piously,0.7710728210641125,6,152,835,0.6251497005988024
listening,0.660574458600902,28,666,3259,0.625038355323719
by,0.5072980813861515,1263,2737,24,0.625
ala,0.7957195338526875,83,27,576,0.625
moore,0.5449016182579609,705,2572,3367,0.6248886248886248
extremes,0.6411144916502731,98,786,3739,0.624765980208612
marches,0.7115533414060016,31,372,2102,0.6246431969552807
wer,0.7380160559939161,193,89,1489,0.6245802552048355
pennsylvanians,0.7842326413419298,3,126,679,0.6244477172312224
herein,0.49823615776099567,2880,1120,1639,0.6241610738255033
irregular,0.5959345017249784,187,1364,4199,0.6239580852583948
irishman,0.6859873305944347,5,510,2606,0.6239447429009977
clothed,0.6146276093916234,126,1060,4105,0.6238733252131546
rains,0.6448167732088191,23,814,3630,0.6236914600550965
contents,0.5483212954519174,742,2353,3462,0.623627960716349
allow,0.5053291162786179,1099,2901,1897,0.6236162361623616
sense,0.4734119981836069,357,3643,701,0.62339514978602
building,0.5091814345314569,1537,2463,2002,0.6233766233766234
coal,0.623487252565194,148,922,3993,0.6233408464813424
steer,0.6390249050542464,51,843,3750,0.6232
put,0.47487766403864157,705,3295,345,0.6231884057971014
travelling,0.5695931159916529,610,1755,3877,0.6231622388444674
probate,0.5493802842205545,2780,188,3537,0.6231269437376308
butcher,0.6658159108714079,50,589,3104,0.6230670103092784
prey,0.5558750733456272,89,2608,3668,0.6229552889858233
ab,0.6123332821669506,800,437,4153,0.6229231880568263
rocky,0.657162597763482,60,658,3330,0.6228228228228229
box,0.5458115133163717,822,2383,3406,0.6227246036406342
vaults,0.7314955598266609,21,287,1624,0.6225369458128078
new york,0.47323358417411,1437,2563,641,0.6224648985959438
archbishop,0.6260862759736002,9,1018,3948,0.6223404255319149
evidences,0.5916864319944946,416,1225,4179,0.6221584111031347
bounties,0.6236486633925082,520,540,3984,0.6219879518072289
home,0.48159860853269654,305,3695,915,0.6218579234972678
obstinacy,0.6276646901411511,42,961,3921,0.6215251211425656
sue,0.5571630180379312,1953,685,3698,0.6211465657111952
looking,0.5178889489130233,136,3864,2592,0.621141975308642
anew,0.6560933613607938,205,515,3337,0.6209169913095595
discipline,0.5264080798158515,553,3447,2896,0.6208563535911602
overseer,0.6046708468597503,1069,331,4185,0.6207885304659498
reg,0.713155435152607,197,189,2019,0.620604259534423
chester,0.4979719839605171,103,3897,1584,0.6205808080808081
owner,0.48834409628971026,1828,2172,1244,0.6205787781350482
infallible,0.6188154916468525,39,1062,4035,0.6205700123915737
shoulders,0.5984316041691127,51,1424,4204,0.6203615604186489
impregnable,0.7402245698601922,13,256,1417,0.6203246294989414
farmer,0.5408124279733035,324,3148,3270,0.6201834862385321
scalps,0.7270686791783905,39,283,1690,0.6201183431952663
skilful,0.6371959282135028,101,796,3756,0.6200745473908413
upper,0.5147721186003019,683,3317,2450,0.62
merchant,0.5116286231719414,843,3157,2163,0.6199722607489597
recall,0.6320021957161719,336,599,3831,0.6199425737405377
cadwallader,0.6824529796937363,295,232,2652,0.6199095022624435
wearied,0.672309222599686,22,558,2862,0.6198462613556953
accommodations,0.6421518926103089,109,740,3660,0.6196721311475409
imitation,0.5941224516767303,83,1451,4204,0.6196479543292103
stockings,0.527479881182808,107,3893,2944,0.6195652173913043
proclaimed,0.6259997801592717,85,930,3932,0.6195320447609359
newtown,0.617542328925264,65,1046,4039,0.6194602624411983
safe,0.506292803588547,715,3285,1963,0.6194600101884871
firing,0.5917305817150978,152,1458,4185,0.6193548387096774
excuses,0.7001983127358543,37,417,2338,0.6193327630453379
latent,0.6903088040460297,36,456,2505,0.6191616766467066
trust,0.48675956988293584,794,3206,1121,0.6190900981266726
jailor,0.75488639598423,30,181,1113,0.6190476190476191
ted,0.5715143947770638,2041,255,3930,0.6188295165394402
ons,0.6447090140382483,709,99,3565,0.6187938288920056
heir,0.5664532951077422,971,1430,3853,0.6187386452115234
male,0.5663195523181566,875,1506,3868,0.6186659772492245
bribing,0.7824026263830365,12,117,679,0.6185567010309279
perty,0.7690525281120169,145,12,828,0.6183574879227053
personality,0.8736472631151224,13,27,207,0.6183574879227053
determined,0.4836543429504035,874,3126,1082,0.6182994454713494
polite,0.5861182378940483,65,1713,4144,0.6182432432432432
knock,0.6444437581590963,17,790,3562,0.618192026951151
vouchsafe,0.7555148306673403,6,202,1100,0.6181818181818182
bundle,0.6389300735661929,99,772,3708,0.6181229773462783
esteemed,0.5398700916253555,199,3280,3267,0.6179981634527089
grains,0.5845648740201933,393,1422,4126,0.6173048957828405
meets,0.6092994947837569,119,1130,4167,0.617230621550276
mitchell,0.591075748688695,714,879,4193,0.6172191748151682
elbow,0.7090932313292885,11,393,2108,0.6171726755218216
resent,0.6714601744889064,117,457,2836,0.6170662905500706
shall,0.5027788941545893,1687,2313,47,0.6170212765957447
counterpart,0.7822643830145956,34,100,710,0.6169014084507042
confirmation,0.5823823524524651,381,1484,4111,0.616881537338847
shoes,0.5136291165326472,202,3798,2398,0.6167639699749792
crowded,0.6276950105671706,44,929,3903,0.6167050986420702
order,0.47201230562708096,1557,2443,232,0.6163793103448276
lane,0.5836583099543379,356,1480,4120,0.6162621359223301
elated,0.7268936843784971,8,310,1670,0.6161676646706586
ual,0.7161584972655377,345,14,1882,0.6158342189160467
courses,0.6209993561285359,261,800,3981,0.6156744536548606
service,0.46765190467135515,1734,2266,614,0.6156351791530945
nelson,0.6549647438916556,256,444,3278,0.6156192800488103
guess,0.6425546051779107,17,802,3595,0.61557719054242
fixed,0.49533668307314105,906,3094,1547,0.6153846153846154
case,0.46744563923913607,1898,2102,260,0.6153846153846154
narrative,0.587001252934026,70,1664,4160,0.6153846153846154
this,0.5317798896173827,1031,2969,26,0.6153846153846154
adams,0.5125652262848444,1939,2061,2280,0.6153508771929824
luxury,0.5525842772969318,142,2619,3641,0.61521560010986
nobleman,0.6374419243132914,12,860,3711,0.6151980598221504
beveridge,0.8224656711060194,14,57,369,0.6151761517615176
anderson,0.6078332263193568,292,959,4167,0.6150707943364531
abundance,0.5651253220676303,97,2261,3889,0.6150681409102597
coach,0.578290577723323,173,1799,4077,0.6149129261712043
offering,0.5524889646480495,395,2343,3651,0.6149000273897562
usefulness,0.6032299805320637,65,1316,4182,0.6147776183644189
bounds,0.5137458295805095,1636,2364,2484,0.6147342995169082
murderers,0.6363121957081236,31,849,3724,0.6146616541353384
uncultivated,0.642462828947042,117,700,3589,0.6146558930064084
ages,0.5039079964097023,261,3739,1989,0.6143790849673203
distressful,0.7593106428723579,7,167,918,0.6143790849673203
malicious,0.6017279637620193,151,1246,4185,0.614336917562724
balance,0.5145115220646065,2024,1976,2546,0.6142969363707776
baptists,0.6369344691241458,21,851,3711,0.6141201832390192
blankets,0.6091276518968779,316,901,4138,0.6140647655872402
plymouth,0.562775295961652,916,1512,3831,0.6139389193422083
illness,0.6064635360901572,27,1274,4170,0.6139088729016786
ingratitude,0.60625261553741,34,1274,4170,0.6139088729016786
spun,0.715292558715996,17,346,1901,0.6138874276696475
peril,0.5899525225077299,156,1419,4197,0.6137717417202764
fears,0.5190451621607644,269,3731,2754,0.6136528685548294
meadows,0.5876355172924724,357,1314,4172,0.6133748801534037
models,0.7284229330664351,39,260,1575,0.6133333333333333
geo,0.5766324152250542,1283,705,4067,0.6132284238996804
corruption,0.5229747697405368,541,3459,2892,0.6130705394190872
laden,0.5733573084438648,485,1660,3985,0.6130489335006274
shore,0.4959472226920053,289,3711,1765,0.6130311614730878
swore,0.6137070495517738,22,1107,4047,0.6127996046454164
stream,0.5208749205642085,135,3865,2846,0.6127898805340829
bottom,0.5158493896812482,216,3784,2612,0.6125574272588055
obedience,0.500258593713456,362,3638,1857,0.6122778675282714
wasted,0.6319445648339084,38,864,3768,0.6122611464968153
tarpaulin,0.875600787086779,9,18,116,0.6120689655172413
indulging,0.6549986003639461,33,643,3208,0.6119077306733167
violence,0.5074902851992492,379,3621,2136,0.6118913857677902
swallow,0.6204691454621387,92,950,3970,0.6118387909319899
178,0.602325326186026,1069,296,4176,0.6118295019157088
heightened,0.6599372603216024,15,619,3088,0.6117227979274611
thanksgiving,0.6149775213931772,77,1020,4032,0.6116071428571429
served,0.5117452039316903,1225,2775,2273,0.6115266168059833
gallatin,0.5915074120591385,1210,310,4211,0.6112562336737117
liege,0.7160379184655289,46,309,1859,0.6110812264658418
whosoever,0.5848620476702124,252,1475,4157,0.611017560740919
younger,0.5903989300582839,135,1403,4205,0.6109393579072533
oppressors,0.6464631873780892,20,734,3433,0.610836003495485
bassett,0.7527070913534866,162,48,1110,0.6108108108108108
ours,0.5420606110618859,435,2822,3367,0.6106326106326107
parts,0.4666232631719449,757,3243,624,0.6105769230769231
line,0.47611113353592477,1684,2316,860,0.6104651162790697
gallery,0.6496772615899611,67,668,3367,0.6103356103356103
knowledge,0.469368501621485,463,3537,757,0.6103038309114928
ransack,0.8370190328661583,3,50,272,0.6102941176470589
assembled,0.49549519581624457,2048,1952,1689,0.6098283007696862
decree,0.5153746637916241,1702,2298,2643,0.6095346197502838
intreated,0.6781178259926437,10,520,2666,0.6095273818454614
appearances,0.5715709361222742,145,2028,3984,0.6094377510040161
protest,0.6067392296502846,340,874,4137,0.6093787768914672
succeeding,0.5421485108985233,869,2353,3395,0.6091310751104565
approaching,0.5453929514584219,123,2814,3552,0.6089527027027027
ethics,0.7907613431623163,4,104,565,0.6088495575221239
hurried,0.6095500542632171,45,1121,4082,0.6087702106810388
saunders,0.6910755354546828,50,417,2392,0.6086956521739131
quit,0.5323350487453781,547,3137,3174,0.6086956521739131
cloathing,0.5496420945492331,1514,1186,3667,0.6086719389146441
hereto,0.6804958579337488,242,270,2596,0.6086286594761171
vigour,0.5542229553738286,99,2438,3744,0.6084401709401709
notes,0.504520735981279,2062,1938,2071,0.6084017382906808
absence,0.5157166497751239,1172,2828,2655,0.608286252354049
hou,0.7103913236927109,339,40,1981,0.6082786471479051
report,0.4703414927484655,3169,831,388,0.6082474226804123
entitled,0.47705770700894135,3002,998,924,0.6082251082251082
series,0.5783882486477786,220,1667,4106,0.6081344374086702
away,0.4686015514321862,253,3747,398,0.6080402010050251
indulgence,0.5479224373160483,340,2474,3614,0.6079136690647482
discovers,0.6225807559646802,25,957,3917,0.6078631605820781
averaging,0.8818739751048563,3,22,102,0.6078431372549019
testimony,0.49591314018129934,580,3420,1803,0.6073211314475874
correction,0.6252353432963582,139,805,3855,0.6072632944228274
seeks,0.6273960994982787,22,899,3804,0.6072555205047319
talk,0.5150740923487622,175,3825,2648,0.6072507552870091
adversaries,0.6131949693586862,46,1061,4035,0.6071871127633209
abounded,0.7132252347054828,9,342,1838,0.6071817192600653
abigail,0.6484726393459328,224,503,3350,0.6071641791044776
moments,0.5493309125508122,56,2625,3673,0.6071331336781922
honourable,0.5053482293590121,776,3224,2133,0.6071261134552274
sensations,0.5839141051956507,48,1680,4159,0.6071170954556384
rhode island,0.5039590650849913,2151,1849,2080,0.6067307692307692
enti,0.7972099176051136,91,6,506,0.6067193675889329
shedding,0.6708227614985063,10,533,2716,0.6064064801178203
refuge,0.5797542932376425,125,1693,4126,0.6061560833737276
usurpation,0.6188547420457494,348,678,3950,0.6060759493670886
griswold,0.6550168887854159,561,89,3140,0.6060509554140128
parcel,0.5521122904921398,535,2016,3734,0.6057846813069094
shoemaker,0.6169019526438062,30,1018,3979,0.6056798190500126
around,0.5086756353754134,88,3912,2368,0.6055743243243243
condemned,0.5123850282623748,531,3469,2577,0.6049670159099728
diffusive,0.7520304835162265,23,180,1073,0.6048462255358807
inn,0.571033316857062,336,1762,4014,0.6046337817638266
paintings,0.7206046623447189,3,314,1664,0.6045673076923077
alarm,0.5238860260118937,758,3242,3021,0.6044356173452499
we,0.5010724182080744,422,3578,48,0.6041666666666666
ranks,0.5602626523893038,246,2104,3892,0.6040596094552929
planted,0.5538831188263761,67,2430,3775,0.6039735099337749
enthusiasm,0.588183249649157,77,1446,4209,0.603943929674507
renowned,0.6754564492936237,5,516,2625,0.6038095238095238
north carolina,0.49483587756183894,2896,1104,1769,0.6037309214245337
repaired,0.5731968507729012,464,1488,4088,0.6037181996086106
walton,0.6404858896051543,453,331,3502,0.6036550542547116
rejoice,0.516768811680295,91,3909,2903,0.6035136066138478
bond,0.49006579396172545,2753,1247,1430,0.6034965034965035
rev,0.5080640453671329,451,3549,2282,0.6034180543382998
horrors,0.5741697422338956,96,1806,4097,0.6031242372467659
commodious,0.5860133572636529,87,1485,4202,0.6030461684911946
varying,0.6627289278504769,88,491,2858,0.6028691392582225
block,0.6221434054123814,116,842,3877,0.602527727624452
conquests,0.6210191031983497,53,921,3909,0.602455871066769
southwark,0.6016691298516335,21,1263,4167,0.6023518118550516
practice,0.4816065712825062,432,3568,1189,0.6021867115222876
proprietary,0.5923302159909725,703,746,4202,0.6020942408376964
career,0.6073118695565649,53,1104,4068,0.6017699115044248
10s,0.6479965463476511,26,675,3277,0.6017699115044248
6d,0.5848901402114893,181,1423,4190,0.6016706443914082
sterility,0.8096401057025799,3,76,414,0.6014492753623188
ballance,0.6483434845976602,384,310,3259,0.6014114759128567
fowler,0.6587759033468552,303,292,2925,0.6013675213675214
sentence,0.5028435450950551,944,3056,2097,0.6013352408202194
philosophers,0.5832747225640623,26,1650,4171,0.6012946535602973
relief,0.49009059858466864,1492,2508,1464,0.6010928961748634
cash,0.5303203708900309,388,3206,3226,0.6010539367637941
bondage,0.5706005325886472,52,1974,4050,0.6009876543209877
brightest,0.6458877765047386,12,703,3322,0.600842865743528
avenge,0.6736954786826856,13,510,2635,0.6007590132827324
religious,0.4831893985872718,329,3671,1330,0.6007518796992481
neglect,0.49888857280353355,819,3181,1938,0.6006191950464397
hasty,0.5973263217110298,102,1263,4176,0.6005747126436781
affirm,0.5636213888334789,659,1609,3948,0.6005572441742655
obey,0.5095838458320406,414,3586,2564,0.6002340093603744
training,0.6666428984403925,284,265,2734,0.6002194586686174
guards,0.5480393412212152,501,2099,3713,0.6000538647993536
warrior,0.6202071818751588,12,956,3890,0.6
in,0.5204625629431685,1009,2991,5,0.6
convey,0.5290376709170793,1377,2329,3151,0.5998095842589654
compass,0.5751944082577226,112,1737,4109,0.5996592844974447
accepted,0.5142926980537815,1342,2658,2775,0.5996396396396396
tried,0.5030190756085816,1358,2642,2153,0.5996284254528564
speech,0.5014278411060038,1080,2920,2093,0.599617773530817
affection,0.49352768823215065,128,3872,1675,0.5994029850746269
i0,0.7565270649717237,167,4,901,0.5993340732519423
incident,0.5774421859981506,518,1286,4133,0.5993225260101621
parker,0.5441154086312058,1407,1432,3598,0.5992217898832685
conspirators,0.6901091121693951,55,389,2298,0.5992167101827677
nu,0.7496260092337093,176,30,1090,0.5990825688073395
philosophy,0.5405068440886447,66,3050,3456,0.5989583333333334
street,0.46703369529341493,74,3926,561,0.5989304812834224
criminal,0.507206499896372,1275,2725,2511,0.5985663082437276
machine,0.5901258364090702,141,1320,4206,0.5984308131241084
advertisement,0.5820038700686563,301,1389,4163,0.598366562575066
spoiled,0.6588836703492545,65,520,2883,0.5983350676378772
infirmities,0.6124521155469015,41,1035,4000,0.59825
colleague,0.6282592642802634,637,231,3704,0.5980021598272138
mingo,0.7650629664251217,12,136,781,0.5979513444302177
tedious,0.5495935929738499,119,2411,3753,0.5979216626698641
mitts,0.6544269009753605,5,611,3016,0.5978116710875332
agitated,0.5803224742875326,211,1512,4157,0.5977868655280251
servile,0.634071955135199,58,761,3595,0.5977746870653685
active,0.5125694765168396,302,3698,2680,0.5977611940298507
boasted,0.6063795557553922,58,1095,4062,0.5974889217134417
duche,0.7835192749160274,14,100,601,0.5973377703826955
counterfeit,0.6009631462887193,631,627,4164,0.5972622478386167
trusted,0.5627895235342338,854,1398,3952,0.597165991902834
iron,0.49593188435426866,453,3547,1875,0.5968
brilliancy,0.735401410065245,6,252,1359,0.5967623252391464
vinegar,0.5847402457909752,51,1489,4205,0.5966706302021403
dcc,0.6196243741155577,91,864,3872,0.5965909090909091
farm,0.5304331621927482,760,2724,3264,0.5965073529411765
diligent,0.5836294331485025,165,1432,4190,0.5964200477326969
spare,0.5430776068364107,210,2652,3585,0.5963737796373779
denominations,0.5887286279227913,264,1209,4204,0.596336822074215
pig,0.6370455988226262,83,696,3488,0.5963302752293578
mechanical,0.6453463914895585,42,655,3267,0.5962656871747781
gap,0.7091357540557975,50,309,1882,0.5961742826780021
dreadful,0.4995274689128433,81,3919,2060,0.596116504854369
loads,0.6736090117591355,26,484,2587,0.5960572091225358
147,0.5897421787962012,1110,343,4200,0.5959523809523809
accounted,0.5430372234748668,1024,1835,3585,0.59581589958159
expresses,0.5987650729710109,235,1035,4167,0.595632349412047
plimouth,0.672820322481046,46,467,2599,0.5956136975759908
animals,0.5297372960894702,81,3487,3237,0.5956132221192462
imlay,0.7319400302844018,174,92,1404,0.5954415954415955
quality,0.5035097495398425,817,3183,2237,0.5954403218596335
mur,0.8362173750622788,42,9,262,0.5954198473282443
wide,0.501985201587078,340,3660,2197,0.595357305416477
speaking,0.49908539203690816,314,3686,2057,0.5950413223140496
mortification,0.6046995185679386,47,1113,4072,0.5950392927308448
firm,0.5085029101382879,524,3476,2594,0.594834232845027
joins,0.6510204195746111,40,602,3114,0.5947334617854849
abounds,0.6244922666289516,19,872,3743,0.5944429601923591
signal,0.56264128138768,117,2065,3983,0.5942756716043184
charge,0.47628292848997245,1408,2592,1077,0.5942432683379758
gallant,0.5754225109317703,78,1707,4143,0.594013999517258
affair,0.50579466168582,415,3585,2544,0.5939465408805031
deluded,0.6029272742400391,52,1131,4097,0.5938491579204296
episcopal,0.5734498493425587,85,1749,4117,0.5936361428224435
syria,0.6418892907267155,3,729,3363,0.5935176925364258
stopped,0.537491842762407,268,2890,3439,0.593486478627508
tyrants,0.5640243754800416,78,2064,3990,0.593483709273183
precipice,0.6668455341574198,23,511,2683,0.5933656354826686
impassable,0.7531703100279531,20,163,966,0.593167701863354
society,0.46448570310411175,583,3417,688,0.5930232558139535
presumption,0.5692545713907948,309,1602,4095,0.5929181929181929
tolerable,0.5740469775194551,61,1733,4137,0.5924583031182016
thanks,0.5119848769394949,322,3678,2815,0.5921847246891652
chaplain,0.6110276188051565,540,524,3987,0.5921745673438675
extravagance,0.6237997389150663,60,825,3738,0.592027822364901
emphasis,0.685245166115439,18,429,2308,0.5918544194107452
intervals,0.6048144906092179,34,1106,4052,0.5918065153010859
indiscretion,0.711914633741298,17,318,1756,0.5916856492027335
inclinations,0.5968234859326988,41,1259,4170,0.5916067146282974
ingenious,0.5647671850970682,111,1921,4044,0.5914935707220573
system,0.47580294678123586,1183,2817,1040,0.5913461538461539
fenno,0.7531275693727326,20,169,998,0.591182364729459
happiness,0.46327177065729497,208,3792,746,0.5911528150134048
smithfield,0.7081147687779317,59,291,1834,0.5910577971646674
depending,0.5452433517758757,1297,1364,3682,0.5909831613253667
malignant,0.5641543152906175,63,1998,4033,0.5908752789486734
enemies,0.4758309365610611,518,3482,1073,0.5908667287977633
personal,0.491535616617908,1644,2356,1740,0.5908045977011495
recording,0.6100483586436541,856,209,3988,0.5907723169508525
bolts,0.6797444138061634,29,458,2480,0.5907258064516129
qualifications,0.5603362666995447,654,1555,3963,0.5907141054756497
temporal,0.5463412292915139,87,2465,3735,0.5906291834002677
credited,0.6235989693415586,525,359,3739,0.590532227868414
wretches,0.6019588471759836,15,1159,4088,0.5905088062622309
permits,0.6383370778002624,254,493,3406,0.5904286553141515
trained,0.6296831329503231,90,727,3589,0.5904151574254667
preeminence,0.656427926849282,22,542,2796,0.5901287553648069
petition,0.4632789396447972,3257,743,644,0.5900621118012422
ters,0.7388982299393071,193,48,1267,0.5895816890292028
despised,0.5701614891381328,67,1811,4107,0.589481373265157
chance,0.5219617828847085,418,3385,3115,0.589406099518459
duck,0.6016686522640803,203,967,4089,0.5893861579848374
retreat,0.5161204666765481,176,3824,3021,0.5892088712346905
excessive,0.5569428004474435,227,2040,3947,0.5890549784646567
taught,0.49340520111126895,97,3903,1820,0.589010989010989
sympathy,0.5735301525253406,73,1704,4141,0.5889881671093938
bribed,0.7177018435562024,35,268,1596,0.5889724310776943
pages,0.5795213675871238,180,1453,4177,0.5889394302130716
props,0.770866661147385,15,112,669,0.5889387144992526
barre,0.7326446712858761,98,154,1328,0.588855421686747
existence,0.49459930909992594,486,3514,1880,0.5888297872340426
jr,0.6167872933493924,887,59,3859,0.5887535630992485
marked,0.5012093543755628,1001,2999,2363,0.5886584849767245
upwards,0.504988075561391,742,3258,2584,0.5886222910216719
separation,0.5519168940145142,241,2147,3864,0.5885093167701864
friendly,0.5049145785875278,532,3468,2584,0.5882352941176471
hav,0.6903912919333094,328,90,2171,0.5882081989866421
south carolina,0.49018883595688395,2684,1316,1576,0.5881979695431472
growing,0.5385079054491105,357,2567,3555,0.5881856540084388
feet,0.46354575369850554,215,3785,534,0.5880149812734082
harry,0.6164973617551345,53,889,3848,0.5878378378378378
insert,0.537226000798939,2108,936,3484,0.5878300803673938
prince,0.47794687847980083,492,3508,1329,0.5876598946576373
whe,0.6836837291764366,328,122,2322,0.5874246339362619
hume,0.6678503606366386,18,498,2608,0.5874233128834356
morris,0.5001236555872863,2051,1949,2300,0.587391304347826
acquaintance,0.5091376443907991,93,3907,2775,0.5873873873873874
tradesman,0.6457911659993629,27,624,3140,0.5872611464968153
practical,0.5790724289222905,90,1511,4186,0.5871954132823698
dwellings,0.6794133506004285,43,439,2458,0.5870626525630595
truths,0.533851838077519,85,3100,3419,0.5870137467095642
bear,0.4754269139775764,503,3497,1133,0.5869373345101501
projected,0.6449864672483746,45,612,3156,0.5868187579214195
disorders,0.5500450041049949,247,2171,3838,0.5865033871808234
assistant,0.5547382850850443,1406,887,3929,0.5864087554085009
behind,0.49817275889916135,107,3893,2149,0.5863192182410424
confirmed,0.5015752589495207,1167,2833,2455,0.5861507128309572
disdain,0.5975480103452823,51,1161,4129,0.5860983288931945
style,0.5573805024576676,320,1877,3974,0.5860593860090589
processes,0.6460734551445199,439,198,3097,0.5860510171133355
ardent,0.550451860074399,171,2235,3848,0.5860187110187111
spent,0.5035625472952591,664,3336,2566,0.5857365549493375
growth,0.5353797616950908,611,2502,3458,0.5855986119144014
townsmen,0.7684601344827627,7,119,666,0.5855855855855856
land,0.45888578155684023,1268,2732,263,0.5855513307984791
printed,0.48905311494887677,1269,2731,1543,0.5852235904082955
emulation,0.6304820020682339,31,755,3509,0.5850669706469079
seats,0.5644365044210015,462,1456,4096,0.5849609375
stake,0.5897468173787221,232,1151,4180,0.5849282296650717
impart,0.6096547578927558,30,1005,3959,0.5847436221267996
instruments,0.5251530534466712,342,3262,3219,0.5846536191363778
grant,0.47347706290368363,1957,2043,1040,0.5846153846153846
divided,0.49065683423778544,1379,2621,1769,0.5845110231769362
knights,0.6747721453727934,32,456,2486,0.584473049074819
matron,0.7091943725009211,18,322,1785,0.5843137254901961
canoe,0.609616610332804,59,974,3957,0.5842810209754865
general,0.4627996914054843,1779,2221,101,0.5841584158415841
nies,0.7679320523542094,109,17,666,0.5840840840840841
adults,0.7050669761156343,9,343,1844,0.584056399132321
partook,0.6910544445826771,18,388,2118,0.5840415486307837
cox,0.5833521344994399,176,1317,4211,0.5839468059843268
accuser,0.6889112835710349,23,394,2165,0.5838337182448037
law,0.46650740210146446,1824,2176,197,0.583756345177665
bound,0.47104578859432933,960,3040,968,0.5836776859504132
viceroy,0.6971914877580521,4,384,2027,0.5836211149481993
stood,0.4900005501349637,277,3723,1657,0.5835847917923959
spinning,0.6704479856403763,14,485,2533,0.583497828661666
benefactors,0.6750384038238817,9,475,2467,0.5832995541143089
shoulder,0.5669898002618684,25,1823,4110,0.5832116788321168
parent,0.5073070324180649,331,3669,2753,0.5830003632401017
forgetting,0.652017245269898,15,558,2832,0.5829802259887006
shameful,0.6187322975814502,39,859,3761,0.5825578303642648
boldness,0.6265132880751859,29,788,3589,0.5823349122318194
created,0.511518949685584,786,3214,2911,0.5822741326004809
doors,0.5149153598643927,455,3545,3021,0.5822575306190003
annihilation,0.6548357280646032,60,495,2764,0.5821273516642547
brutality,0.7402484916108322,5,213,1151,0.5821025195482189
squares,0.6803963815558521,82,385,2392,0.5819397993311036
opposite,0.4928713102804304,355,3645,1868,0.5819057815845824
justice,0.4642162812337286,1090,2910,495,0.5818181818181818
cloves,0.6338478140184727,16,734,3417,0.5817968978636231
wonderful,0.5295290146877317,59,3271,3345,0.581763826606876
rob,0.5772261423088972,200,1388,4193,0.5816837586453614
est,0.5775400769250744,447,1120,4202,0.5816277962874822
departing,0.62880361399569,135,643,3488,0.5814220183486238
momentary,0.6289116003448204,41,731,3476,0.5814154200230149
having,0.4661738676605373,861,3139,215,0.5813953488372093
windows,0.58083662339413,78,1428,4213,0.5812959886066935
kill,0.5156586794182428,661,3299,3049,0.5811741554608069
effects,0.4733603857113007,417,3583,1134,0.5811287477954145
fastened,0.5967759397269399,16,1175,4111,0.5811238141571394
charges,0.4706782339269776,1081,2919,938,0.5810234541577826
marshall,0.5738412136062127,430,1231,4180,0.5808612440191387
royalty,0.6529015236121596,21,541,2789,0.580494801003944
taylor,0.5301562021892945,696,2544,3382,0.5804257835600236
nancy,0.5577633511348445,62,2009,4032,0.5803571428571429
yesterday,0.49347274140165476,923,3077,1906,0.5802728226652676
musquet,0.7413002158645471,9,196,1084,0.5802583025830258
spi,0.8155270543835952,21,49,364,0.5796703296703297
cloths,0.5726589883578694,64,1653,4161,0.5796683489545782
decrees,0.5776316718852452,358,1190,4200,0.5792857142857143
remainder,0.4984382721992379,1151,2849,2417,0.5792304509722797
par,0.5573343727447851,1135,940,4032,0.5791170634920635
culture,0.6021945221799517,37,1063,4036,0.5790386521308226
departed,0.5245769692461382,198,3322,3252,0.5790282902829028
artificial,0.5753118660952966,177,1402,4197,0.5789849892780558
breeches,0.5066021437037688,66,3934,2831,0.5789473684210527
miserably,0.6947978500770127,9,376,2013,0.5787382016890213
ceremonies,0.574860108010228,63,1558,4185,0.5787335722819594
porter,0.5686344340469088,409,1364,4142,0.5787059391598262
commended,0.6601190233617372,38,487,2643,0.5785092697692017
movement,0.6429082655086478,45,593,3103,0.5784724460199807
lies,0.492176199799794,595,3405,1921,0.5783446121811556
42,0.5286517360814718,1458,1835,3360,0.5779761904761904
wherefore,0.5329340098916875,399,2607,3504,0.5779109589041096
before,0.4529753045934936,1231,2769,90,0.5777777777777777
wonted,0.6681076330528134,11,487,2531,0.5776372975108652
credit,0.4708996004581257,1825,2175,987,0.5775075987841946
heighten,0.699663037241866,10,358,1928,0.5772821576763485
disaster,0.6801637034101027,17,444,2368,0.5772804054054054
villainous,0.7323513497929686,6,238,1282,0.5772230889235569
seeking,0.555884132399239,107,1993,4016,0.577191235059761
pressure,0.6037927430038352,88,988,4000,0.577
fatigued,0.6317015008823302,27,721,3410,0.57683284457478
administrator,0.5831587648043354,863,587,4203,0.5767309064953604
vacant,0.5737732069356833,578,1058,4176,0.5766283524904214
section,0.4897669673340268,2328,1672,1811,0.5764770844837107
pluck,0.6497906561801287,14,553,2805,0.5764705882352941
disposes,0.7125758359164135,13,297,1631,0.5763335377069283
nobility,0.5639739519948664,248,1596,4114,0.5763247447739427
philosophical,0.584559227586554,36,1392,4191,0.576234788833214
cellar,0.5718876364557345,53,1630,4166,0.5760921747479597
sink,0.5417896640365426,131,2430,3725,0.5758389261744966
go,0.45874886865863657,652,3348,410,0.5756097560975609
circumstantial,0.701541671101829,19,328,1819,0.5755909840571742
bility,0.8459534873932314,29,12,212,0.5754716981132075
tribe,0.5531220188102077,457,1774,3954,0.5753667172483561
faults,0.5578398470537009,102,1884,4069,0.57532563283362
consciences,0.5595276646187484,56,1867,4102,0.5748415407118479
forfeited,0.5312034124423937,1718,1283,3509,0.5748076375035622
shortened,0.7106473933912976,20,295,1655,0.5746223564954682
temperate,0.597949516272484,63,1063,4050,0.5745679012345679
those,0.4636942418887739,636,3364,94,0.574468085106383
either,0.46033672199216197,1175,2825,383,0.5744125326370757
learning,0.4973475463714074,211,3789,2413,0.5743887277248239
hosts,0.5887357565828539,12,1298,4168,0.5743761996161229
inexpressible,0.6182183351378401,10,855,3698,0.5743645213628988
accompanying,0.5907937735286202,672,572,4163,0.5743454239730963
settlement,0.48598567475083415,1882,2118,1715,0.5743440233236151
early,0.4773723855688596,296,3704,1409,0.57416607523066
convert,0.5949806879831921,123,1057,4095,0.5741147741147741
orchards,0.6104756236096728,63,899,3881,0.5740788456583354
plainness,0.6431718382784166,17,592,2986,0.5740120562625586
gaming,0.6109496261154709,243,710,3871,0.5740118832343064
north,0.49792798269477617,45,3955,2469,0.5739165654110976
duncan,0.6269180481177161,120,649,3471,0.5738980121002593
believed,0.4856105487593439,1639,2361,1600,0.57375
severn,0.771173325083973,11,106,617,0.5737439222042139
endure,0.5443877966318706,38,2397,3821,0.5736718136613452
pardoned,0.6367240820372728,94,584,3211,0.5736530675801931
carpenter,0.570472668825958,289,1392,4165,0.5735894357743098
times,0.45856580825669935,672,3328,640,0.5734375
whigs,0.648342741969456,19,551,2820,0.573049645390071
function,0.6545109828044515,22,513,2686,0.5729709605361132
levies,0.5928625943723621,877,319,4112,0.5729571984435797
problem,0.7055592896509402,15,314,1726,0.5724217844727694
suspended,0.5376233506107629,815,1935,3645,0.5722908093278464
joint,0.5229212596805062,1612,1846,3281,0.5720816824138982
gilbert,0.5946240729082343,427,740,4079,0.5719539102721255
jersey,0.54655488049938,522,1817,3893,0.5717955304392499
weighed,0.5898716514846248,198,1057,4166,0.57177148343735
branch,0.4869045479024623,1554,2446,1805,0.5717451523545707
auditor,0.5436174827521918,2307,154,3799,0.5717294024743353
acted,0.49979404407269296,976,3024,2621,0.5715375810759252
needs,0.554585185929949,61,2029,4019,0.5715352077631252
permission,0.5257437981637093,1207,2155,3321,0.5715146040349293
lower,0.49068137660901556,555,3445,1923,0.5715028601144045
sooner,0.4959016856513702,542,3458,2294,0.5714908456843941
enriched,0.6486253746305625,23,534,2770,0.5714801444043321
proceeded,0.4849909286365066,1387,2613,1584,0.5713383838383839
died,0.4792452827771725,401,3599,1465,0.5713310580204778
splendid,0.5677674616042281,57,1664,4159,0.5712911757634047
duplicate,0.6070036537502352,681,305,3916,0.5712461695607763
infancy,0.5553062516395969,140,1889,4046,0.5711814137419674
folded,0.6794665736770205,28,411,2273,0.5710514738231413
benson,0.6098082958942934,514,436,3865,0.5710219922380336
washington,0.47173220141315214,1573,2427,1291,0.570875290472502
situate,0.4843994553925618,182,3818,1638,0.5708180708180708
authors,0.5176034524290806,298,3369,3185,0.5708006279434851
described,0.49497529343948515,780,3220,2197,0.5707783340919436
towns,0.4711712079789011,2114,1886,1188,0.5707070707070707
rejected,0.5142503680740057,1008,2815,3105,0.5706924315619968
question,0.4544815223304181,2022,1978,624,0.5705128205128205
superiors,0.6202849501969695,35,791,3611,0.570479091664359
natives,0.5164132212984541,274,3415,3169,0.5702114231618807
names,0.4818584483042379,1404,2596,1503,0.5701929474384564
calls,0.49739745811697644,231,3769,2524,0.5701267828843106
ends,0.5006148561427294,344,3656,2731,0.570120834859026
conquest,0.532682229074401,175,2682,3584,0.5700334821428571
rapacious,0.6956976756180003,14,344,1879,0.5699840340606706
anabaptists,0.7458432363908967,3,169,909,0.5698569856985699
attached,0.5253464125099808,998,2312,3356,0.5697258641239571
jones,0.4959053030821762,1489,2511,2426,0.5696619950535862
dissolving,0.6772379057753936,43,401,2298,0.5696257615317668
hour,0.47133410463789993,204,3796,1185,0.569620253164557
inexplicable,0.7350763922581812,9,212,1164,0.5695876288659794
plaint,0.6121632080637822,831,86,3794,0.5695835529783869
jocular,0.8424776079410211,3,40,223,0.5695067264573991
reproach,0.5360318176756123,108,2668,3634,0.5690698954320308
write,0.4936098908960523,500,3500,2124,0.568738229755179
extraordinary,0.4840137183241171,614,3386,1724,0.568445475638051
tavern,0.5156534769530235,590,3128,3151,0.5683909869882577
conviction,0.4971960610710844,805,3195,2525,0.5683168316831683
sumpter,0.734735916328937,105,112,1144,0.5681818181818182
scruple,0.5889418163578218,82,1159,4156,0.5680943214629451
advocate,0.5554297602774257,465,1483,4086,0.5680372001957905
settling,0.5432846563449862,1012,1420,3826,0.567694720334553
grudge,0.7340541795718899,9,220,1205,0.5676348547717842
memory,0.4963509709556548,236,3764,2514,0.5676213206046141
histories,0.6345648563170174,18,647,3180,0.5676100628930818
discerned,0.6427190851856971,21,565,2890,0.5674740484429066
personage,0.6964109621058208,9,343,1844,0.5672451193058569
auspicious,0.6372229252360813,42,592,3088,0.5670336787564767
containing,0.4676337043062156,447,3553,981,0.5667686034658511
measure,0.469083628616515,1069,2931,1050,0.5666666666666667
immoderate,0.6681266580689346,29,450,2445,0.5664621676891616
furniture,0.527204032458837,485,2671,3441,0.5664051147922116
duration,0.5320962806067164,568,2268,3600,0.5663888888888889
strange,0.49523122155396565,206,3794,2426,0.5663643858202803
passenger,0.6066320613742987,130,832,3881,0.566348879154857
into,0.4717883268543195,950,3050,83,0.5662650602409639
hammers,0.6871965632474077,8,379,2021,0.566056407718951
warlike,0.5872996831154279,226,1038,4164,0.5660422670509125
confer,0.5491619667971123,1116,1100,3960,0.5659090909090909
patterson,0.5975859024849957,345,739,4015,0.5658779576587796
deserted,0.5582061017270599,141,1725,4114,0.565872630043753
long,0.4547297285420937,353,3647,281,0.5658362989323843
causes,0.4834212943236075,954,3046,1573,0.5657978385251112
regii,0.8834529603113122,15,6,76,0.5657894736842105
pitt,0.5572537658769889,426,1455,4105,0.5654080389768575
taxing,0.6130635172007541,328,565,3748,0.5653681963713981
brave,0.4976885426188157,155,3845,2613,0.5652506697282816
ministerial,0.5706845440270473,225,1327,4202,0.5652070442646359
apt,0.5081028949971199,260,3740,3011,0.5649285951511126
leonard,0.5839055377628994,470,888,4177,0.5645199904237491
burden,0.5309015282687665,689,2147,3600,0.5644444444444444
excusable,0.7283615746028447,19,222,1267,0.5643251775848461
situated,0.49504697506017814,316,3684,2444,0.5642389525368249
dividing,0.567988717159625,737,844,4195,0.5640047675804529
privately,0.59066039367472,121,1054,4088,0.5638454011741683
improve,0.5158727145114373,556,3029,3230,0.5637770897832818
spencer,0.6153393053444083,483,363,3658,0.5636960087479497
few,0.45524764534581275,372,3628,424,0.5636792452830188
takes,0.4724816866583943,268,3732,1384,0.5635838150289018
expire,0.584590840858169,428,889,4174,0.5634882606612363
forged,0.6067513703415188,501,437,3841,0.5633949492319709
draws,0.5794587648686617,89,1330,4189,0.5633802816901409
maple,0.6534976791826315,62,463,2643,0.5633749527052592
blackburn,0.8096815010244153,4,57,316,0.5632911392405063
franks,0.6807784956348181,87,327,2152,0.5631970260223048
submit,0.48999498139178743,1172,2828,1987,0.5631605435329643
calling,0.494024080111585,976,3024,2431,0.5631427396133278
dealings,0.6141140883084891,81,783,3696,0.5630411255411255
rum,0.5003692804160397,1479,2521,2885,0.5629116117850953
dependance,0.5960927661445145,49,1036,4013,0.5626713182157986
geometrical,0.8025895997577885,7,65,375,0.5626666666666666
copper,0.5329807232184851,677,2101,3633,0.5626204238921002
ob,0.631963140893607,497,167,3180,0.5625786163522013
entry,0.5000249946814632,2937,1063,2847,0.5619950825430278
tribes,0.5121734189799579,925,2874,3118,0.5618986529826812
dispatch,0.5498445610890934,228,1857,4024,0.5618787276341949
chargeable,0.5634090340166883,1057,651,4163,0.5618544319000721
consolation,0.534427885533113,107,2620,3660,0.5617486338797815
chest,0.5665604872847652,282,1335,4182,0.5616929698708751
sully,0.7298288203670075,16,217,1225,0.5616326530612245
poplar,0.7027356809624264,10,309,1672,0.5616028708133971
complaints,0.5002476552191456,723,3277,2878,0.561501042390549
drives,0.6765876680901775,10,421,2230,0.5614349775784754
witnesses,0.4933267026053533,1509,2491,2298,0.5613577023498695
pri,0.6540898633135457,412,102,2605,0.5612284069097888
emotions,0.5555052191265772,39,1840,4104,0.5611598440545809
trespass,0.5789470074879394,965,448,4189,0.5609930771067081
dagger,0.6285338997786802,16,669,3232,0.5609529702970297
forbid,0.5127629032647611,270,3459,3147,0.5608516047028916
shaken,0.6143415175393127,38,814,3668,0.5607960741548528
summit,0.6040029406514192,14,954,3890,0.5601542416452442
acknowledgment,0.5731740664994405,377,1110,4210,0.5600950118764846
leathern,0.7603611678769354,13,113,666,0.56006006006006
resumed,0.527650995578565,1747,1168,3557,0.5600224908630869
proceeding,0.49726153031254805,1410,2590,2672,0.5598802395209581
neighbourhood,0.5145420431410632,220,3447,3185,0.5598116169544741
production,0.5649524768138484,174,1411,4194,0.5596089651883643
ignorance,0.4955241955031613,217,3783,2584,0.5595975232198143
your,0.4708282923940482,263,3737,84,0.5595238095238095
appendage,0.7497573729168815,15,143,835,0.5592814371257485
accompanied,0.4939986825001554,529,3471,2473,0.559239789729074
swear,0.5159335801692779,1026,2429,3282,0.5591102985984155
objects,0.4780932666288439,956,3044,1549,0.5590703679793415
virginia,0.4610479353396905,2096,1904,857,0.558926487747958
affectionate,0.5274635597283523,86,2842,3556,0.5587739032620922
admired,0.5648078548019015,35,1573,4188,0.5587392550143266
beware,0.5766451424956911,28,1403,4194,0.5586552217453505
crimes,0.4926322184216062,1020,2980,2247,0.5585224744103249
ordinary,0.4958890761134141,1166,2834,2609,0.5584515139900345
size,0.5100512323878458,406,3401,3114,0.5584457289659602
burial,0.625038845483697,88,646,3367,0.5583605583605583
husband,0.4795622887434146,389,3611,1594,0.5583437892095358
loseth,0.8232811386405482,4,44,249,0.5582329317269076
draw,0.4806544729169976,997,3003,1659,0.5581675708257987
entrance,0.5271504647274923,266,2636,3571,0.5581069728367404
accompany,0.5471238138682364,312,1840,3982,0.5580110497237569
accession,0.6063062741028936,130,802,3830,0.5579634464751958
dickinson,0.5805107851815345,767,603,4178,0.5579224509334609
brig,0.46869053795471394,126,3874,1185,0.5578059071729958
boat,0.49176088908222526,632,3368,2308,0.5576256499133448
worsted,0.5297534671822227,12,2790,3616,0.5575221238938053
guilty,0.4776824013619917,864,3136,1530,0.5575163398692811
push,0.6037042983846697,41,917,3877,0.5571318029404179
sisters,0.5531861230917435,103,1797,4097,0.5569929216499878
employ,0.49188688364752897,1043,2957,2401,0.5568513119533528
backs,0.6271424155977349,33,658,3249,0.556786703601108
bridge,0.49247779361880534,2037,1963,2375,0.5566315789473684
fighting,0.5641399717277435,131,1451,4197,0.5565880390755301
harangued,0.8090134544813322,4,62,345,0.5565217391304348
season,0.4801296680230682,229,3771,1655,0.5564954682779456
left,0.45839792646782684,450,3550,487,0.5564681724845996
small,0.45655933373757884,410,3590,496,0.5564516129032258
exhibited,0.49797211651159023,1116,2884,2861,0.5564487941279272
borders,0.5836875448463927,70,1196,4164,0.5564361191162344
thereunto,0.5337600573196025,816,1794,3706,0.5563950350782515
symmetry,0.7273319998807989,10,224,1233,0.5563665855636658
treatment,0.5044437517143111,250,3750,3022,0.5562541363335539
conception,0.5939298758174917,55,1027,4008,0.5561377245508982
messrs,0.4967843182291532,2264,1736,2751,0.5557978916757542
injured,0.49998302350495144,1105,2895,2917,0.5557079190949605
freight,0.5637374215848138,357,1265,4186,0.5554228380315337
sa,0.5875791477603304,696,477,4086,0.5553108174253548
pursues,0.6514401144215813,25,488,2599,0.5548287803001154
about,0.4591798831330508,236,3764,146,0.5547945205479452
winter,0.48927912076635655,217,3783,2064,0.5547480620155039
res,0.655860039829786,321,175,2522,0.5547184773988898
poverty,0.5184608378525761,158,3141,3359,0.5546293539743972
hints,0.5922678005033356,33,1060,4028,0.554617676266137
clearness,0.6433244305666665,25,519,2720,0.5544117647058824
risen,0.5763046743060553,156,1253,4189,0.5543089042730962
chaise,0.5921642728853501,147,945,4029,0.5542318193100024
solemn,0.48627405365325704,300,3700,1992,0.5542168674698795
executor,0.5401363985839867,1575,792,3876,0.5541795665634675
trusting,0.593227223694683,88,993,4005,0.5540574282147316
invitations,0.6998234865821987,14,309,1693,0.5540460720614294
perverted,0.6267338700265804,49,634,3222,0.5540037243947858
greek,0.5455945013201042,39,2126,3986,0.5539387857501255
scheme,0.491761146549893,324,3676,2485,0.5537223340040242
jay,0.5150601876155845,1909,1543,3287,0.5536963796775175
seal,0.487982871245624,2037,1963,2005,0.5536159600997507
dutch,0.4944307723626455,382,3618,2607,0.5535097813578826
burges,0.7312720300979803,143,66,1104,0.5534420289855072
commit,0.496210206778871,1571,2429,2778,0.5532757379409647
worshipping,0.6465326098092553,7,524,2669,0.5530161109029599
obstruction,0.627251134670243,55,617,3203,0.5529191383078365
sheets,0.60905348884441,107,772,3720,0.5526881720430108
surround,0.6116721799046638,20,823,3650,0.5523287671232877
rested,0.5887531980351808,129,1015,4052,0.552319842053307
dwelt,0.5658498703125334,181,1333,4212,0.5522317188983855
stamps,0.6262573949413823,241,434,3206,0.5517779164067373
tracy,0.6224336533756817,644,84,3355,0.5517138599105812
oaths,0.5222142158672339,1512,1568,3461,0.5515746893961283
compliment,0.5871889509427175,84,1079,4069,0.5514868518063406
guardians,0.5375786900519276,1417,1013,3827,0.5510844003135615
municipality,0.7590063811958156,3,119,646,0.5510835913312694
genuine,0.5236206068532453,187,2736,3555,0.5510548523206751
alley,0.5238198064962841,162,2734,3574,0.550923335198657
historical,0.588327216211581,160,974,4052,0.5508390918065152
viz,0.459047256085769,1115,2885,846,0.5508274231678487
filling,0.5846376093034436,386,812,4113,0.550692924872356
reby,0.7630021209413914,113,3,612,0.5506535947712419
producing,0.5283907343988904,772,2015,3625,0.5506206896551724
character,0.45286861535117523,287,3713,725,0.5503448275862068
seconded,0.4935619184809943,3309,691,2610,0.550191570881226
brook,0.5741688366305728,340,1063,4184,0.5501912045889101
nights,0.580079615061308,24,1258,4169,0.550011993283761
provided,0.4498511079277324,2618,1382,660,0.55
wholesome,0.5608582391835994,108,1483,4191,0.5499880696731091
console,0.6614100036581824,9,457,2391,0.5499790882475951
wheels,0.5765855055143628,131,1250,4182,0.549976087996174
billy,0.7076021494947671,23,263,1511,0.5499669093315684
shoals,0.6343023886681722,47,540,2893,0.549948150708607
divisions,0.5431501025841572,488,1752,3955,0.549936788874842
concurring,0.6383447785565672,177,381,2775,0.54990990990991
auditors,0.5713562608201501,843,601,4203,0.549845348560552
uncommonly,0.6294870382099635,10,611,3032,0.549802110817942
mitigating,0.7551605612145919,57,82,733,0.5497953615279673
sujets,0.7883925884537811,82,3,444,0.5495495495495496
ambrose,0.6644518475412101,25,430,2342,0.549530315969257
inclosed,0.5479877565935336,209,1755,4081,0.5493751531487381
parties,0.4675856563454553,1708,2292,1280,0.54921875
presents,0.5003042233500651,1081,2919,3001,0.5491502832389203
distemper,0.5789219015210901,86,1223,4167,0.5490760739140869
camp,0.4914543177163481,1006,2994,2524,0.5487321711568938
mean,0.4596383857186244,494,3506,906,0.5485651214128036
cloaths,0.5603827484256239,169,1435,4190,0.5484486873508353
mandate,0.6833772621928605,54,314,1928,0.5477178423236515
prodigious,0.5816897015621163,30,1201,4145,0.5476477683956574
wages,0.5121778358967528,1890,1662,3243,0.547641073080481
plantations,0.49584130779285596,1212,2788,2834,0.547635850388144
pacific,0.5957759045006538,137,882,3934,0.5475343162175902
writers,0.502014640914813,248,3722,3049,0.5473925877336832
henry,0.4623349330715492,1250,2750,992,0.5473790322580645
thieves,0.5968619128014561,36,975,3930,0.5473282442748092
resembles,0.621482467466907,10,706,3328,0.5471754807692307
fishing,0.564583449574832,220,1283,4211,0.547138446924721
desperate,0.5480111898681347,83,1820,4097,0.5469855992189407
ship,0.4503528642025496,781,3219,543,0.5469613259668509
indicated,0.6346598474510166,96,481,2845,0.5469244288224956
total,0.4939450401484405,845,3155,2728,0.5465542521994134
brought,0.44867449688238575,963,3037,419,0.5465393794749404
strive,0.5599380103326346,19,1550,4200,0.5464285714285714
anxiety,0.5213831187914343,192,2769,3544,0.54627539503386
letters,0.4611307832270994,1333,2667,985,0.5461928934010152
sees,0.5326418621018606,78,2430,3767,0.5460578709848686
decreed,0.5900913642990947,212,865,3998,0.5460230115057528
artful,0.5646674160548457,59,1438,4209,0.5459729151817534
observers,0.7001367659108887,8,302,1631,0.545677498467198
pillars,0.5959210437013625,58,952,3930,0.5455470737913486
column,0.5994470338022699,144,808,3866,0.5455250905328505
always,0.4541202827757556,762,3238,495,0.5454545454545454
inland,0.5848631889782693,217,938,4066,0.5452533202164289
prejudice,0.4990482686060822,713,3287,2997,0.5452118785452119
variety,0.47566655803121355,296,3704,1682,0.5451843043995244
exclaimed,0.5366894566313527,49,2322,3876,0.5451496388028896
duty,0.44937355680853447,1561,2439,415,0.5445783132530121
females,0.5911626498491974,53,1006,3983,0.5445643986944514
screws,0.700896423494985,12,283,1558,0.5442875481386393
eulogy,0.7390609911591673,12,158,897,0.5440356744704571
eagerly,0.585361495101576,22,1117,4051,0.5438163416440385
qualities,0.5071385503496079,174,3534,3150,0.5438095238095239
miller,0.5189164676766236,496,2495,3516,0.5437997724687145
uniform,0.5181121792710943,1058,2034,3461,0.5437734758740248
repair,0.4869021966810147,1785,2215,2218,0.5437330928764653
ruin,0.4831500145668481,316,3684,1954,0.5435005117707267
unexpected,0.5555432713626054,67,1622,4161,0.54337899543379
accident,0.5124248308135921,548,2867,3304,0.5432808716707022
rther,0.737037827033473,155,23,937,0.5432230522945571
thought,0.4499104080927396,890,3110,394,0.5431472081218274
example,0.4740275660486657,341,3659,1532,0.5430809399477807
innumerable,0.5455388155620665,66,1880,4087,0.542941032542207
remains,0.4841552059161582,575,3425,2015,0.5429280397022332
mortified,0.6455698289860405,22,491,2599,0.5429011158137745
wounded,0.48464743826097134,359,3641,2076,0.5428709055876686
morton,0.5987424422520435,137,801,3841,0.5428273887008591
once,0.44702328297394106,412,3588,634,0.5425867507886435
propagated,0.603829725093557,18,868,3738,0.5425361155698234
assassin,0.6768456742994756,18,375,2050,0.5424390243902439
change,0.46492833074721646,645,3355,1315,0.5422053231939163
infamous,0.5487386822437501,152,1683,4115,0.5421628189550425
animated,0.5408974333488075,91,2099,3978,0.5419808949220714
christie,0.6901391089226492,165,171,1764,0.5419501133786848
notion,0.5386092917439591,85,2199,3936,0.541920731707317
nurses,0.6277905377627071,70,536,2973,0.5418768920282543
oswald,0.6586650062810046,100,362,2374,0.5417017691659646
surviving,0.6191037047755984,245,464,3303,0.5416288222827732
pointing,0.5732238480894685,123,1245,4177,0.5415369882690927
abide,0.5465599672141589,407,1481,4107,0.5412710007304602
virtues,0.4827653432563838,86,3914,2040,0.5411764705882353
bayard,0.5847753558404295,690,438,4051,0.541100962725253
latter,0.4606564646516993,656,3344,1067,0.5407685098406748
shelter,0.5436907181564894,115,1930,4032,0.5406746031746031
letting,0.5821705794543304,208,972,4095,0.5406593406593406
rash,0.5845377284185599,55,1094,4053,0.540587219343696
mrs,0.4603590052755037,64,3936,1062,0.5404896421845574
vicious,0.5486503699810205,69,1745,4128,0.5404554263565892
turned,0.4739942350594285,268,3732,1756,0.5404328018223234
expressive,0.5734862950392842,109,1222,4174,0.5402491614758026
distant,0.4780766870026261,296,3704,1851,0.5402485143165856
finely,0.6487766945661346,5,492,2525,0.5401980198019802
timothy,0.5183207608824113,928,2027,3547,0.5401747956019172
disgust,0.5886959453899784,71,1004,3997,0.540155116337253
habitations,0.5860768144308877,99,1003,4038,0.5401188707280832
risqued,0.7993421977873789,3,62,337,0.5400593471810089
idleness,0.5805509717588802,64,1128,4113,0.5399951373693168
enters,0.5603710449525284,365,1148,4209,0.5397956759325255
followed,0.48032862174751806,201,3799,1927,0.5396990140114167
rigour,0.6082413093288761,54,758,3582,0.53964265773311
circulation,0.5344363454662135,626,1779,3847,0.5396412789186379
least,0.44742106382592556,694,3306,593,0.5396290050590219
cost,0.4892878010248507,1451,2549,2584,0.5394736842105263
professed,0.5415600344050018,156,1980,3993,0.5394440270473329
drum,0.6154033125524704,160,583,3387,0.5394154118689105
shocking,0.570515514654738,26,1361,4179,0.539124192390524
stirred,0.6519629652935703,15,472,2480,0.5391129032258064
sure,0.4646837358611241,219,3781,1280,0.5390625
customs,0.4969346387491316,702,3298,2991,0.5389501838849883
flax,0.5414743150079477,335,1794,3999,0.5388847211802951
meet,0.457058689534997,941,3059,902,0.5388026607538803
ocracock,0.7621233395761093,45,64,568,0.5387323943661971
vernon,0.5936854384456471,68,920,3918,0.5385400714650331
one,0.479127506583131,1151,2849,52,0.5384615384615384
continuance,0.48771377805678323,1490,2510,2478,0.5383373688458434
indifference,0.5549894231948295,60,1585,4178,0.5382958353279081
rendered,0.46971035445995574,1173,2827,1464,0.5382513661202186
contemporaries,0.7573370563130246,3,116,628,0.5382165605095541
selfish,0.5549919212657831,59,1581,4177,0.5381853004548719
marry,0.5254475172712052,212,2481,3671,0.5380005448106783
prevailing,0.5440479524099281,185,1751,4098,0.5378233284529038
absent,0.515317085360031,1151,2014,3429,0.5377661125692622
concern,0.48358746397765096,444,3556,2160,0.5375
fails,0.5727298643440861,167,1164,4174,0.5373742213703881
dalrymple,0.7360518041937907,8,163,901,0.537180910099889
abused,0.5471117711592185,290,1533,4116,0.5371720116618076
come,0.4472853667515873,470,3530,283,0.5371024734982333
rachel,0.5982215124511828,81,839,3802,0.5370857443450815
sheep,0.4917481958801392,467,3533,2819,0.5370698829372118
dolphin,0.6230426665410961,14,618,3080,0.537012987012987
joash,0.8011805205457725,4,56,311,0.5369774919614148
scale,0.5303266908700057,562,1878,3816,0.5369496855345912
hoffman,0.7123103306063704,22,226,1304,0.5368098159509203
introduction,0.5266968417765596,358,2224,3721,0.5366836871808653
horrid,0.515925611268862,57,2975,3494,0.5366342301087579
dewees,0.7015919095812592,14,271,1504,0.5365691489361702
message,0.4858366349548938,2106,1894,2408,0.5365448504983389
judicious,0.5402932623292561,311,1819,3999,0.536384096024006
road,0.4600434031414676,1155,2845,1059,0.5363550519357885
space,0.48449550654083284,1259,2741,2271,0.5363276089828269
pox,0.5240830855982093,272,2412,3675,0.5363265306122449
1263,0.8911178940556563,12,8,69,0.5362318840579711
errand,0.6418408560863368,18,502,2622,0.5362318840579711
languished,0.7329851226723443,6,177,966,0.5362318840579711
hire,0.5411994195256179,1221,869,4019,0.5362030355809903
passes,0.5391046112737613,257,1949,3967,0.5361734308041342
horror,0.5086301313555378,67,3382,3287,0.5360511104350472
upland,0.59374630152687,86,886,3899,0.5360348807386509
teach,0.4854153757940567,92,3908,2428,0.535831960461285
bartlett,0.6392882953121943,346,181,2652,0.5358220211161387
circular,0.5832818926918688,179,953,4050,0.5358024691358024
trunks,0.6379618803584876,39,494,2677,0.5356742622338438
sovereign,0.47542376025558564,897,3103,1815,0.5355371900826447
merits,0.5033802256925318,949,2745,3162,0.5354206198608475
victory,0.49732041470066385,118,3881,3037,0.5353967731313797
1050,0.798696347641237,40,28,355,0.5352112676056338
pair,0.4760806505657094,306,3694,1848,0.5351731601731602
prope,0.799350974937139,44,19,327,0.5351681957186545
alexandria,0.5756200686220232,189,1042,4145,0.535102533172497
picking,0.7049785627864387,37,234,1426,0.5350631136044881
pleaded,0.5566854766510962,637,893,4207,0.5350606132636083
entring,0.7511738795617346,88,50,731,0.5348837209302325
retaliating,0.7891827876252194,29,45,387,0.5348837209302325
capacities,0.5872490722583756,149,917,3990,0.5345864661654135
treat,0.48545129570721585,902,3098,2499,0.5342136854741897
pressing,0.5448402492577342,288,1586,4111,0.5341765993675505
angled,0.8156763346707758,3,45,249,0.5341365461847389
reverse,0.5445025342557841,392,1491,4106,0.5340964442279591
centres,0.7939177177048701,6,65,369,0.5338753387533876
venerable,0.5395956370434168,72,2069,3988,0.5338515546639919
free,0.445510385539665,748,3252,594,0.5336700336700336
bribe,0.6216533214730768,138,499,3097,0.533419438165967
latin,0.5456678496705125,79,1751,4115,0.5329283110571081
tenants,0.5533030715583774,709,911,4185,0.5328554360812425
bail,0.5146835401967014,2178,955,3450,0.5327536231884058
breasts,0.5696088511280093,25,1311,4177,0.5326789561886521
exploits,0.6253294004814572,18,573,2912,0.5326236263736264
partners,0.6300658295368663,186,372,2775,0.5326126126126126
reputable,0.6161434428674254,178,513,3249,0.5324715297014466
secundi,0.69274523866165,301,6,1617,0.5324675324675324
mercies,0.5381622054783138,26,2134,3984,0.5323795180722891
enjoyment,0.4913368425367045,266,3734,2844,0.5323488045007032
partizans,0.6852408654335511,16,321,1766,0.5322763306908267
deer,0.5532778824510949,522,1077,4186,0.5322503583373148
forehead,0.5288761055457485,21,2440,3799,0.5322453277178205
forks,0.5926241155854756,58,905,3880,0.5322164948453608
tation,0.7540139314407819,96,25,639,0.5320813771517997
claims,0.4735065214665994,2321,1679,1809,0.5317855168601437
proclamation,0.487744912626915,1485,2515,2627,0.5317853064331938
approaches,0.5900341465795838,50,958,3927,0.5317035905271199
rods,0.5443413311906071,1150,696,4112,0.5316147859922179
carpenters,0.6114471335209181,75,679,3433,0.5316050101951646
vassals,0.6559373954700611,22,414,2260,0.5314159292035399
cheap,0.5441534966557802,113,1735,4110,0.5313868613138686
misfortunes,0.5179285120595549,155,2670,3608,0.531319290465632
opened,0.47172115030076817,451,3549,1713,0.5312317571511967
alice,0.6881208369798926,42,279,1683,0.5311942959001783
delivery,0.49995616414535743,2186,1580,3135,0.5311004784688995
clock,0.457121226130727,788,3212,981,0.5310907237512742
productions,0.5275156814568417,245,2235,3785,0.5310435931307794
fault,0.4982646483594977,446,3392,3099,0.5308163923846402
descend,0.5401638063176377,218,1796,4049,0.5307483329217091
incensed,0.6418600125450485,9,498,2569,0.5305566368236668
annually,0.4826388626048734,2449,1551,2319,0.5304010349288486
petty,0.5813598346011596,317,803,4045,0.5302843016069221
assemblage,0.678282957517047,34,322,1869,0.5302300695559122
desire,0.45521944163673334,551,3449,915,0.5300546448087432
am,0.4458090829420663,304,3696,283,0.5300353356890459
commissioned,0.5123915626796385,1955,1240,3415,0.5300146412884333
effusion,0.6226650535716928,44,559,2957,0.5299289820764288
boxes,0.536558406719352,337,1859,3974,0.5296930045294413
shews,0.5115494580248524,67,3181,3373,0.5294989623480582
acquaintances,0.6892290570893407,6,311,1664,0.5294471153846154
supplied,0.4842364413883664,1213,2787,2515,0.5292246520874752
shake,0.5406180059875433,65,1870,4097,0.5291676836709788
breaks,0.5900979612057519,57,922,3910,0.529156010230179
bags,0.6067433858422371,50,726,3485,0.5291248206599714
grinding,0.6719760499768549,61,324,2013,0.5290611028315947
conference,0.5271169009385684,980,1493,3788,0.529039070749736
admirable,0.5807086963104314,31,1088,4042,0.52894606630381
perfidious,0.6225678942406813,44,554,2939,0.5287512759441987
hamburgh,0.6513782630657506,16,452,2397,0.5285773884021694
ashore,0.5460695620365675,34,1733,4147,0.5285748734024596
felicity,0.5039083118516243,114,3391,3256,0.5285626535626535
nerve,0.6607903555578856,18,396,2152,0.5283457249070632
laments,0.7187878981100199,9,200,1104,0.5280797101449275
meaning,0.4759428722153389,1082,2918,1906,0.527806925498426
substitute,0.5483454725742299,632,1061,4161,0.5277577505407354
mate,0.5395851232627024,499,1489,4067,0.5276616670764691
soldiers,0.46004589103852733,1175,2825,1304,0.5276073619631901
describe,0.5362817734259928,94,2077,3986,0.5275965880582038
reckoned,0.5513177434579528,158,1430,4193,0.5275459098497496
pre,0.5423875289366363,1616,273,4105,0.5274056029232643
dilate,0.7527716925295576,13,108,639,0.5273865414710485
engine,0.5974624956914087,236,657,3748,0.5272145144076841
revolutions,0.5730431604744016,53,1167,4142,0.5270400772573636
aspire,0.6191684086872425,17,605,3038,0.5266622778143516
trunk,0.5724386706969578,78,1156,4148,0.5265188042430087
inforce,0.719375065124575,52,152,1081,0.5263644773358002
centre,0.5360452465584222,258,1908,3986,0.5263421976919217
why,0.44367943746871513,474,3526,650,0.5261538461538462
tests,0.7467972309447031,28,114,747,0.5261044176706827
watchmen,0.6831936008884271,79,258,1766,0.5260475651189128
pembroke,0.7171852172971386,115,108,1173,0.526001705029838
depravity,0.5793352765631657,35,1087,4044,0.5259643916913946
supporting,0.5027579517085438,1628,1866,3258,0.5257826887661142
mckean,0.6055317200207037,481,302,3498,0.5257289879931389
pint,0.5368435657224859,109,2018,4001,0.5256185953511622
publication,0.49052968265526753,1465,2535,2919,0.525522439191504
protection,0.46988562784233495,1102,2898,1591,0.5254556882463859
shrink,0.6144520645950894,42,641,3222,0.5254500310366232
scarborough,0.6715272221751809,106,275,1993,0.5253386853988962
literary,0.5688901735984369,75,1192,4162,0.5252282556463239
wonder,0.4880385867297297,72,3928,2771,0.5250811981234211
south,0.49643080350097885,49,3792,3099,0.5250080671184253
179,0.5616107257599812,1140,272,4190,0.5248210023866349
penal,0.5852161978648878,476,556,3956,0.5247724974721941
ingrafted,0.7391942527440118,26,124,793,0.5245901639344263
warfare,0.6128543011639728,93,598,3249,0.5244690674053555
villains,0.6146159523949224,25,655,3213,0.5244319950202303
mariner,0.585147253657283,472,561,3957,0.5243871619914077
morey,0.7794846715767736,76,6,431,0.5243619489559165
interrupted,0.5297312021061814,235,2094,3906,0.5243215565796211
moneys,0.5875082503587551,977,14,3913,0.5241502683363148
withdrawn,0.5550109646262605,586,914,4209,0.5241149916844856
changing,0.5520912091157154,234,1292,4209,0.5241149916844856
perished,0.547030607137484,28,1662,4163,0.5239010329089598
gardner,0.560663926952695,653,759,4190,0.5238663484486874
receipt,0.49626211613633336,2516,1292,3114,0.5237636480411046
intemperate,0.6494850800344232,38,427,2385,0.5236897274633123
victuals,0.6077985763011248,55,697,3426,0.5236427320490368
blessings,0.47840451056366573,205,3795,2122,0.5235626767200754
unerring,0.6171075095981867,15,612,3056,0.5235602094240838
marsh,0.555002228309832,224,1274,4209,0.5234022333095747
raise,0.4701152717982635,944,3056,1712,0.5233644859813084
silently,0.6346702823546456,42,475,2612,0.5233537519142419
cousins,0.6920023435363633,11,277,1521,0.5233399079552926
seas,0.5026947317559096,868,2583,3287,0.5232735016732583
evans,0.543613863937752,321,1475,4138,0.5231996133397777
testified,0.6045265723374272,40,740,3494,0.5231825987406984
rational,0.4883793264976946,185,3815,2864,0.5230446927374302
ets,0.7607056695254744,73,31,543,0.5230202578268877
dignified,0.5780447567067932,66,1061,4051,0.5228338681806961
wom,0.7865238122060656,24,49,379,0.5224274406332454
causeth,0.7405573299760443,4,141,762,0.5223097112860893
plentiful,0.5777958321538605,43,1088,4049,0.5221042232650037
patronized,0.7434846514663933,12,130,747,0.5220883534136547
dispatched,0.5428671763686789,43,1769,4128,0.5220445736434108
additional,0.475950448378858,2284,1716,2046,0.5219941348973607
consumption,0.5292728684363511,524,1790,3917,0.5218279295379117
transgressions,0.6118916385030919,10,688,3272,0.5216992665036675
sides,0.48046994509021834,556,3444,2472,0.5214401294498382
bermuda,0.5821005992124394,162,910,3993,0.521412471825695
rigid,0.5880185055583728,81,885,3884,0.5213697219361483
disposition,0.4694434903887409,582,3418,1617,0.5213358070500927
dated,0.4683583389794687,1739,2261,1525,0.521311475409836
happier,0.5820141175922395,29,1043,3993,0.5211620335587278
waiting,0.5116105382769067,224,2795,3495,0.5210300429184549
ence,0.6581764268052583,277,134,2140,0.5210280373831776
charitable,0.5580267410475196,148,1279,4190,0.5210023866348449
swine,0.5567879712771124,660,787,4200,0.520952380952381
ded,0.6498552834229657,336,113,2315,0.520950323974082
agency,0.5440632936939029,442,1317,4148,0.5207328833172613
owned,0.5349645996307064,592,1487,4028,0.5203574975173784
whose,0.44243259658420897,529,3471,419,0.5202863961813843
abel,0.5771547418800104,237,904,4052,0.5202369200394866
sphere,0.5542725688316334,111,1369,4204,0.5202188392007612
burthen,0.5356986113892597,488,1562,4035,0.5201982651796778
jacobs,0.6621669511187265,105,292,2069,0.5200579990333495
grain,0.49157047457436015,578,3422,3017,0.5200530328140537
bonds,0.48269366333252767,2106,1894,2624,0.5198170731707317
liverpool,0.5345905182793474,44,2096,3990,0.5197994987468672
tioga,0.7483526099117791,65,69,710,0.5197183098591549
assuming,0.5871595722835843,162,811,3903,0.5196003074558032
demonstration,0.567738292240632,69,1155,4144,0.519546332046332
restoration,0.5396818182699054,221,1641,4110,0.5194647201946472
approbation,0.47652758057242456,1236,2764,2160,0.5194444444444445
continent,0.47665360213289465,585,3415,2197,0.519344560764679
170,0.5937063881480638,355,539,3750,0.5192
attentive,0.5333732695527782,156,1999,3980,0.5190954773869346
forfeit,0.4761719477462765,3247,753,2148,0.5190875232774674
discouraged,0.5957946744968826,54,814,3704,0.5188984881209503
mountebanks,0.8227412367914608,18,23,212,0.5188679245283019
comm,0.6485708720547265,383,68,2323,0.5187257856220404
wells,0.5674290348643725,321,906,4145,0.5186972255729795
mexican,0.6973830583764119,13,257,1423,0.5186226282501757
creating,0.5954660702802661,180,690,3706,0.518348623853211
kingston,0.5830007237597187,108,935,3971,0.5182573659027953
kidd,0.7246900076565329,3,183,986,0.5182555780933062
congregational,0.6013116826722056,161,637,3539,0.5182254874258265
closed,0.5301280325528671,294,1949,3954,0.5182094081942337
wonderfully,0.5976867446692635,11,828,3638,0.5181418361737218
reconciliation,0.5449744955485352,164,1530,4162,0.5180201826045171
dreading,0.7181535391207045,7,193,1060,0.5179245283018868
stand,0.4559624176563082,429,3571,1116,0.517921146953405
russians,0.6209841945872953,3,576,2858,0.5178446466060181
excuse,0.4906836058842741,574,3426,3017,0.5177328471992045
hasten,0.5581217034918317,80,1324,4189,0.5175459536882311
vienna,0.6121650997599573,124,544,3192,0.5175438596491229
recess,0.5573426817656154,701,715,4190,0.5171837708830549
buffington,0.7722042132116609,8,82,472,0.5169491525423728
humane,0.542346328681491,110,1669,4142,0.5169000482858522
loading,0.6162438618205517,160,444,2963,0.5167060411744853
english,0.443049226695181,197,3803,788,0.516497461928934
conqueror,0.6007359054600099,61,735,3534,0.5164119977362762
mistake,0.4900013279710012,609,3391,3017,0.5164070268478621
chimney,0.5741189682167844,114,1022,4050,0.5162962962962963
county,0.450956763384279,2270,1730,155,0.5161290322580645
cart,0.5560572546352319,413,1013,4192,0.5159828244274809
notice,0.44759346076432227,1339,2661,816,0.5159313725490197
junction,0.6075575220020045,117,601,3330,0.5159159159159159
weapons,0.559737883091941,101,1264,4176,0.5158045977011494
spears,0.6577004550799674,20,382,2098,0.5157292659675882
muster,0.5739447587176425,778,357,4048,0.5155632411067194
persevering,0.6016684287660057,47,737,3502,0.5154197601370646
bargain,0.5464989636543166,632,982,4185,0.5154121863799284
deacons,0.6116189537225168,68,597,3180,0.5154088050314466
woodland,0.5377767931454644,47,1850,4096,0.515380859375
coolness,0.6336682345580916,54,455,2583,0.5152922957801006
prisoner,0.472982981813539,1229,2771,1972,0.5152129817444219
concomitant,0.7096728312152867,25,215,1264,0.5150316455696202
proceed,0.4541455619131455,1429,2571,1038,0.5144508670520231
victims,0.5605793542721381,42,1279,4174,0.5143747005270723
pilot,0.5454043080959815,627,1008,4175,0.514251497005988
strikes,0.5849852394425069,76,893,3891,0.5140066820868672
took,0.440880626089738,457,3543,572,0.513986013986014
wool,0.5293526159230308,174,2054,3956,0.5139029322548029
learn,0.46803143098262767,133,3867,1730,0.5138728323699422
ks,0.702577675418566,141,107,1304,0.5138036809815951
finest,0.5514378717029255,26,1454,4204,0.5137963843958135
buried,0.5176583101693151,78,2461,3741,0.5137663726276397
licensed,0.6258168303139262,366,172,2700,0.5137037037037037
joanna,0.7225079713888376,10,177,989,0.5136501516683518
discharge,0.45811591782684913,1915,2085,1357,0.5136330140014739
test,0.5376144291953202,388,1468,4110,0.5136253041362531
quart,0.5782106853390809,112,967,4003,0.5136147889083188
apparel,0.546856396288708,351,1203,4203,0.5134427789674042
betrayed,0.5469194956390487,65,1475,4205,0.513436385255648
proof,0.4626629179651208,1100,2900,1459,0.5133653187114462
sophistry,0.6424215672478902,35,439,2426,0.5131904369332234
endowed,0.5642933012296631,87,1135,4145,0.5129071170084439
invent,0.6409504909144708,18,463,2452,0.5126427406199021
solid,0.489955086928789,405,3563,3050,0.5124590163934426
enlarged,0.5348413580897043,388,1557,4087,0.512356251529239
acceptable,0.5290451941776567,142,2052,3974,0.5123301459486663
inviting,0.6072256724518043,67,628,3260,0.5122699386503068
irons,0.568643660020092,73,1105,4092,0.512218963831867
ounts,0.8348823741653741,18,4,82,0.5121951219512195
treating,0.544608347673097,305,1330,4175,0.5120958083832335
gone,0.4579781824506896,374,3626,1362,0.5117474302496329
dublin,0.542406822492144,35,1677,4165,0.5116446578631453
marquis,0.4978256951553669,390,3082,3270,0.5116207951070336
130,0.558255007001134,476,860,4177,0.5116112042135504
harsh,0.60258544860868,53,702,3435,0.5114992721979622
ordain,0.5643123596324792,282,932,4137,0.5114817500604303
farthing,0.5842894037096888,315,660,3909,0.5113839856740855
bankruptcy,0.6093524467670238,382,283,3180,0.5110062893081762
add,0.46519715329438904,836,3164,1546,0.5109961190168176
past,0.4560468858737979,364,3636,1284,0.5109034267912772
due,0.44038290910112043,2112,1888,554,0.5108303249097473
address,0.4637416830235331,686,3314,1488,0.510752688172043
broke,0.4759708474871571,109,3891,2497,0.5106127352823389
madeira,0.53022022666004,134,1967,4015,0.5105853051058531
evacuation,0.5790189141585348,168,883,3981,0.5104245164531525
casket,0.7343947480268058,4,152,825,0.5103030303030303
posted,0.5845284886887435,172,797,3891,0.5101516319712156
mother,0.4518932727631756,165,3835,1035,0.5101449275362319
concord,0.5468075921541959,331,1190,4208,0.5099809885931559
acknowledgement,0.6647957911409399,78,292,1936,0.5098140495867769
wants,0.48482086115709133,423,3577,2915,0.5097770154373928
enabled,0.4813003225419787,982,3018,2711,0.5097749907783106
challenge,0.5626967421268039,389,857,4163,0.5097285611337977
desired,0.44996403463226775,318,3682,932,0.509656652360515
confider,0.6052960906396844,681,37,3330,0.5096096096096097
follow,0.4573713822812289,436,3564,1358,0.5095729013254786
prepared,0.47082918396850215,580,3420,1904,0.509453781512605
intrigue,0.5935341197138775,128,717,3657,0.5094339622641509
satisfaction,0.46132628046606117,516,3484,1465,0.5092150170648464
expression,0.4825016322359655,494,3506,2828,0.5091937765205092
engagement,0.5104135111308915,391,2457,3595,0.5090403337969402
traffick,0.7189809573121244,34,155,998,0.5090180360721442
suitable,0.4709700978435877,826,3174,1943,0.5090066906845085
alienated,0.6365092415900337,111,381,2505,0.5089820359281437
gibbon,0.7222389094722768,21,159,949,0.5089567966280295
intercourse,0.4747593994958585,1404,2596,2417,0.5088953247827885
finish,0.5428705599922357,277,1375,4184,0.5088432122370937
abandoned,0.5149085822547737,324,2316,3697,0.5087909115499053
improvements,0.4899505676202744,753,3111,3092,0.508732212160414
floyd,0.605023093109143,615,100,3322,0.5087296809151114
drained,0.6274571864715848,31,485,2608,0.5084355828220859
ocean,0.48619500695972157,302,3698,2966,0.5084288604180714
model,0.5630077276962908,150,1070,4142,0.5082085948816997
executors,0.4768835383947581,2664,1336,2537,0.5080804099329918
decline,0.5289700981177707,300,1856,3982,0.5080361627322953
characters,0.47319492273244596,387,3613,2195,0.5079726651480638
towards,0.4398299930144272,559,3441,693,0.5079365079365079
extracting,0.7335266825510259,7,148,819,0.5079365079365079
jacket,0.48053467169388225,14,3986,2775,0.5077477477477478
traitor,0.5924549763640299,75,766,3644,0.5076838638858397
agree,0.4623548949523208,2145,1855,1478,0.5074424898511503
possessor,0.5847356092474989,345,592,3835,0.5074315514993482
directions,0.4775183175530622,1036,2964,2606,0.5072908672294705
pestilential,0.5632047998486267,20,1190,4128,0.5072674418604651
ja,0.6220969408399262,460,85,2721,0.5071664829106945
favorite,0.5620636113761186,253,983,4153,0.50710329882013
tempted,0.5512019161685053,75,1363,4199,0.5070254822576804
evidence,0.45052500812895213,1513,2487,1030,0.5067961165048543
falls,0.4821313492393734,463,3537,2834,0.5067043048694425
grew,0.5032094966933588,73,3083,3441,0.5065387968613775
und,0.6431565111497453,360,94,2338,0.5064157399486741
exhibits,0.6004627307127074,143,614,3436,0.5064027939464494
opulent,0.6095074454846796,41,611,3146,0.5063572790845519
magistracy,0.615213529744994,70,510,2862,0.5062893081761006
intelligence,0.47390028295426,527,3473,2242,0.5062444246208743
carty,0.7637578700840919,24,54,409,0.5061124694376528
paragraph,0.5085196267479632,1681,1181,3585,0.505997210599721
pregnant,0.6035885270502801,91,630,3336,0.5059952038369304
searcher,0.7104288463657364,31,180,1113,0.5058400718778078
dozens,0.7584090351120976,18,80,514,0.5058365758754864
warwick,0.6064176899538918,146,536,3220,0.5052795031055901
originating,0.6342378663887714,251,242,2506,0.5051875498802874
commenced,0.49214834741219166,1665,2035,3156,0.5050697084917617
qualified,0.4812415113846493,1575,2425,2847,0.5047418335089568
privileged,0.6562644622819924,109,279,2027,0.5046867291563888
profound,0.5305349331379147,110,1839,4085,0.5045287637698899
unparalleled,0.634290607454977,23,466,2488,0.5044212218649518
schools,0.5207220507847449,489,1908,3858,0.5044064282011405
memorial,0.47042812599179823,3070,930,1957,0.5043433827286663
chapel,0.5680572719213118,160,969,4047,0.5043241907585866
sworn,0.48635255720863974,1658,2342,3010,0.5043189368770764
assurance,0.5122734287383153,320,2373,3671,0.5042222827567421
purity,0.5059285288633463,135,2763,3575,0.504055944055944
fatigues,0.6102044059044613,28,592,3032,0.503957783641161
remaining,0.4734104160411384,1365,2635,2401,0.5039566847147022
portuguese,0.5784911316241018,46,978,3945,0.5039290240811153
celebrated,0.48964670647463737,136,3662,3118,0.5038486209108403
plunged,0.5862477933617691,34,870,3771,0.5038451339167329
collected,0.475317716847568,1041,2959,2547,0.5037298782881822
anecdote,0.6550160283307951,32,359,2039,0.5036782736635605
propagate,0.614558415497509,20,552,2830,0.5035335689045937
shepard,0.6585931656573699,259,123,2000,0.5035
robber,0.6207877322077537,52,490,2715,0.503499079189687
quarrelling,0.7160735497729038,19,173,1015,0.503448275862069
frigates,0.5262767954895586,824,1367,3975,0.5033962264150943
travelled,0.5397172017323898,50,1638,4162,0.5033637674195098
fulfilled,0.5282697555713695,140,1968,4018,0.5032354405176704
cultivated,0.5224338035065305,146,2154,3925,0.5031847133757962
patent,0.5039774012030721,1239,1745,3522,0.5031232254400908
extremity,0.5391121254251714,121,1596,4161,0.5030040855563567
damage,0.4802274001782045,1737,2263,2833,0.5030003529827038
breaches,0.6063238297473902,288,380,3192,0.5028195488721805
delivered,0.44796006790852666,1528,2472,953,0.5026232948583421
services,0.4637586065898016,2061,1939,1540,0.5025974025974026
wooden,0.5518056207407146,174,1220,4185,0.5025089605734767
searches,0.6901350793698496,49,221,1423,0.5024595924104006
barley,0.5626348907169423,41,1153,4112,0.502431906614786
code,0.5877805412570156,359,512,3708,0.5024271844660194
apprentice,0.5331033850668406,440,1453,4101,0.5023165081687393
baron,0.5051296553706648,785,2142,3555,0.5021097046413502
laying,0.4721654878947489,1738,2262,2319,0.5019404915912031
opens,0.5526268139840883,50,1322,4177,0.5017955470433325
province,0.4373732676492716,1717,2283,584,0.5017123287671232
reception,0.5077892776361165,482,2347,3604,0.5016648168701443
barns,0.6087599784565854,70,571,3110,0.5016077170418006
journey,0.4744006572038725,168,3832,2529,0.5013839462238039
establishment,0.46620066065549837,1561,2439,1807,0.5013835085777532
taxed,0.5220341142786882,1255,1038,3929,0.5008908119114278
reckon,0.5951191929852749,41,737,3488,0.5008600917431193
injunctions,0.638994485339517,41,423,2382,0.5008396305625524
printer,0.5289004024582744,674,1332,4054,0.5007400098667982
separate,0.47175707209723017,1284,2716,2273,0.5006599208095028
crowned,0.5571724821535957,61,1195,4166,0.50048007681229
drawn,0.4516932368175292,1411,2589,1247,0.5004009623095429
finished,0.47519959515048266,344,3656,2610,0.5003831417624521
aids,0.5706106080391801,332,757,4020,0.5002487562189055
anchor,0.5212271786865861,116,2196,3915,0.5001277139208173
subject,0.4396215547786994,1185,2815,376,0.5
laws,0.44362885643850125,1702,2298,332,0.5
steph,0.8347184483869861,8,22,136,0.5
sent,0.4373504382172105,735,3265,560,0.5
the,0.4951923958546893,1291,2709,2,0.5
impedes,0.8010139961789621,4,43,242,0.5
disquisition,0.7162502642209981,8,174,962,0.5
court,0.44653807943520013,2772,1228,150,0.5
minds,0.45300695198995283,274,3726,1314,0.5
dover,0.5373722102544262,666,1075,4157,0.4998797209526101
papal,0.6288743492077508,9,488,2525,0.4998019801980198
governing,0.5517317455394205,328,1053,4182,0.4997608799617408
whomsoever,0.628943444094994,198,298,2522,0.49960348929421095
ancient,0.46419492969019266,292,3708,1713,0.4991243432574431
strengthening,0.612676188997938,51,524,2837,0.49876630243214665
cellars,0.6094831047141758,21,589,2994,0.4986639946559786
arts,0.47002955649074024,334,3666,2149,0.498371335504886
rebellion,0.5006477266192428,449,2542,3516,0.49829351535836175
intent,0.4787940067902426,1983,2017,2854,0.4982480728801682
knowing,0.4712315708089512,606,3394,2353,0.4980875478113047
ves,0.6768294114888445,251,65,1663,0.4978953698135899
palmer,0.5952065548212917,200,565,3458,0.4976865240023135
rice,0.5002078107988748,755,2344,3457,0.4975412207115997
week,0.4674466175970872,747,3253,1890,0.4973544973544973
accusations,0.6225815124075215,33,485,2616,0.49732415902140675
ohn,0.6004034991273767,717,7,3342,0.49730700179533216
felt,0.4522514375853456,318,3682,1297,0.4973014649190439
imperfection,0.608968355295127,32,570,2956,0.4969553450608931
capacity,0.473953338740074,1277,2723,2610,0.49693486590038316
dismissed,0.5271662881193272,432,1577,4050,0.49679012345679013
dominica,0.5892303082152722,95,726,3599,0.4965268130036121
whitehall,0.6866852691609256,19,254,1436,0.49651810584958217
share,0.46748116650493654,737,3263,1906,0.4963273871983211
romans,0.49798043116269325,132,3060,3420,0.49619883040935675
loss,0.44976258206485387,692,3308,1208,0.4958609271523179
imitate,0.5434917101560001,50,1449,4208,0.49548479087452474
trial,0.4496275187594356,1677,2323,1215,0.49547325102880657
accountant,0.6938497867969499,223,25,1304,0.495398773006135
counting,0.6206131561206023,135,388,2635,0.4952561669829222
extract,0.4680176125166744,444,3556,1957,0.49514563106796117
prospects,0.5302938829829683,126,1727,4110,0.4951338199513382
intestate,0.5864846962074669,764,91,3672,0.4950980392156863
unshaken,0.6078832942285367,25,578,2957,0.49509638146770374
successor,0.5527197160319184,379,918,4169,0.49508275365795157
holding,0.46928453178999563,2116,1884,2196,0.4949908925318761
kean,0.569987612412044,843,232,3997,0.49487115336502374
city,0.43902018983830854,902,3098,386,0.4948186528497409
whereof,0.46849256314297083,1797,2203,2019,0.4947994056463596
fromberger,0.8307685772232077,3,21,95,0.49473684210526314
willingly,0.5252090430906831,283,1776,4033,0.49466898090751305
accomplishment,0.5478929864847762,101,1305,4190,0.4945107398568019
look,0.4428135681021088,230,3770,902,0.49445676274944567
hugh,0.4992016282707083,1431,1639,3469,0.4943787835110983
surprise,0.5005760787231057,252,2721,3534,0.49434069043576684
lancaster,0.46916696805797625,239,3761,2197,0.49431042330450614
insignificant,0.6025543449740975,61,616,3207,0.49423136888057373
usual,0.4602403595650377,764,3236,1550,0.4941935483870968
unfortunate,0.47498450194311115,289,3711,2748,0.49417758369723436
wynkoop,0.6149045604318341,273,275,2734,0.49414776883686906
disturbed,0.5430795442079759,101,1388,4212,0.4940645773979107
benefices,0.7493062819048103,10,102,587,0.4940374787052811
metropolis,0.5847562676830873,26,848,3720,0.4938172043010753
clinton,0.5360164479733044,651,1057,4163,0.493634398270478
abroad,0.4704785074488344,535,3465,2511,0.4934289127837515
senior,0.5782953162126456,318,639,3873,0.49341595662277304
robinson,0.5207349155108331,349,1900,3951,0.4932928372563908
ellis,0.5874149094358154,166,660,3611,0.49321517585156466
enquiry,0.48214743525122955,823,3177,3021,0.4932141674942072
undertaking,0.5214146680971015,321,1903,3956,0.4931749241658241
plentifully,0.5906803047953,15,757,3476,0.49309551208285385
conceal,0.4943857268417719,329,3026,3326,0.4930847865303668
sinclair,0.6781987739349608,33,264,1566,0.4929757343550447
explains,0.6354339988763673,159,303,2374,0.4928390901432182
hereafter,0.44894014462616577,2426,1574,1248,0.49278846153846156
dowry,0.7518906126801921,21,85,554,0.4927797833935018
answerable,0.5476146414757427,512,878,4180,0.4925837320574163
duelling,0.7414868420585922,31,84,605,0.4925619834710744
cumberland,0.4951347776074509,960,2331,3360,0.49255952380952384
written,0.4573852192217958,710,3290,1472,0.49252717391304346
titles,0.5077028305496085,978,1722,3667,0.492500681756204
handles,0.704553001279939,17,207,1180,0.4923728813559322
executed,0.46880708389661263,1584,2416,2194,0.49225159525979945
unhappy,0.46895788021723217,169,3831,2211,0.4920850293984622
oblige,0.4988936286476824,620,2398,3498,0.49199542595769014
impress,0.554886050053857,250,987,4153,0.4916927522273056
notions,0.5227803390236259,46,2094,3990,0.4914786967418546
arnold,0.5232293345932211,647,1425,4033,0.4914455740143814
duties,0.43651990143125113,2060,1940,741,0.49122807017543857
present,0.4424670736115392,1220,2780,226,0.4911504424778761
mile,0.4696956057085267,726,3274,2344,0.4910409556313993
murdering,0.6408469815483359,22,402,2198,0.4909008189262966
earthen,0.6124256191284372,25,527,2751,0.49073064340239914
revolt,0.5818972021331338,81,820,3764,0.4907013815090329
imperfect,0.522263689451994,166,1983,3983,0.4905849861913131
imposition,0.5551983301488037,215,1000,4134,0.49056603773584906
serviceable,0.5626202727754334,80,1040,4045,0.49048207663782445
disagreement,0.6057792908604676,364,243,2976,0.4899193548387097
englishman,0.5566386400012496,13,1177,4113,0.4899100413323608
respected,0.5280896173312583,338,1555,4101,0.48988051694708606
specific,0.5391446172081675,670,856,4209,0.4896650035637919
pound,0.46775554121854496,1815,2185,2075,0.48963855421686747
eminent,0.48811437274520486,198,3463,3191,0.4895017235976183
desolation,0.557696061582058,57,1122,4092,0.48949169110459434
clymer,0.5599321662186121,621,532,4062,0.4894140817331364
inherited,0.6905066165821102,52,197,1310,0.48931297709923666
bradbury,0.7092102912109337,147,48,1028,0.4892996108949416
multiply,0.5740477265981014,91,901,3916,0.48927477017364657
exterminate,0.7166203868248071,10,155,869,0.4890678941311853
debates,0.522393807379121,1275,825,4016,0.48904382470119523
carroll,0.5464186833165366,1232,160,4184,0.4890057361376673
skinner,0.6120750026470427,264,288,2751,0.48891312250090874
ending,0.5682783421596769,447,612,3983,0.48882751694702486
neighbours,0.47987851341488774,148,3852,2997,0.48882215548882213
shocked,0.5999123426142408,5,677,3220,0.4888198757763975
blanks,0.635708728682026,203,237,2279,0.48881088196577444
applause,0.5237653436378445,74,1928,4057,0.48878481636677346
ibid,0.46837583092109336,2654,1346,2220,0.48873873873873874
object,0.44046054864721385,902,3098,833,0.4885954381752701
associate,0.5738093556272345,211,791,3920,0.4885204081632653
dockets,0.7957436083265541,41,9,258,0.4883720930232558
china,0.5167806671531718,267,2013,3938,0.4883189436262062
overthrow,0.5732354386221814,56,958,3932,0.4883011190233978
mifflin,0.5472687369299256,396,967,4176,0.4882662835249042
clarke,0.5548957861646793,541,666,4123,0.48823672083434394
chosen,0.44781846860724644,1655,2345,1229,0.4882017900732303
prolonged,0.6551164263839938,57,292,1828,0.487964989059081
hanson,0.6378232074078869,312,119,2230,0.48789237668161434
blinded,0.6033499993998557,25,606,3073,0.48779694109990235
imperial,0.5333383736368584,147,1583,4160,0.4877403846153846
reclaimed,0.6923011776406112,32,212,1282,0.4875195007800312
interred,0.5975066471368176,17,676,3256,0.48740786240786244
got,0.44739163589727626,224,3776,1188,0.48737373737373735
sealed,0.5246383736587771,637,1299,4098,0.4873108833577355
directing,0.5163182811302566,1072,1216,3934,0.487290289781393
rules,0.45886947566183156,1734,2266,1583,0.48704990524320907
earnest,0.4880548622516934,291,3290,3234,0.487012987012987
survivor,0.6673165417269492,221,101,1690,0.48698224852071004
manner,0.4380047072905248,1391,2609,267,0.4868913857677903
driving,0.573095137446389,127,880,3925,0.48662420382165605
loses,0.5956682437729113,63,648,3309,0.4865518283469326
flowed,0.5757093976825225,100,847,3861,0.4864024864024864
gray,0.5360642356465164,425,1168,4193,0.48628666825661815
sub,0.5519353547176991,746,487,4146,0.48625180897250364
license,0.5469061662625474,1123,238,4174,0.4861044561571634
flushing,0.7369751308236324,7,115,646,0.48606811145510836
ditch,0.5969481667053381,229,463,3253,0.4860129111589302
swords,0.5465371444629497,98,1271,4177,0.48599473306200625
swarm,0.6663881673051747,21,304,1704,0.4859154929577465
descendant,0.7165141787236671,13,155,885,0.4858757062146893
chesterfield,0.6328515092498823,64,396,2365,0.48583509513742074
salisbury,0.6029770093606895,129,490,3026,0.48578982154659617
pastor,0.5196733121284252,17,2135,3982,0.48568558513309895
heard,0.4349289273682464,411,3589,733,0.48567530695770805
needful,0.534036459116478,286,1398,4166,0.485597695631301
chestnut,0.5185573498972005,5,2159,3988,0.485456369107322
oppressed,0.5085243360686019,182,2358,3741,0.4854317027532745
merit,0.46493994603898364,410,3590,1949,0.4853771164699846
hooper,0.6155678414424116,182,340,2631,0.4853667806917522
yearly,0.4730324176471801,1656,2344,2821,0.48528890464374336
complete,0.466512711516316,1082,2918,2154,0.4851439182915506
intimacy,0.6017072334224313,20,613,3082,0.48475016223231665
cabinet,0.5499654235871894,126,1140,4164,0.4843900096061479
gain,0.46632050094051414,379,3621,2134,0.48406747891283974
offensive,0.5290441575651742,327,1466,4136,0.48380077369439073
speaks,0.47303940668152406,168,3832,2867,0.48378095570282525
improving,0.5306769584835361,352,1389,4157,0.48376232860235746
threats,0.5587714686505912,114,1010,4044,0.4836795252225519
intelligent,0.5356122782159632,99,1482,4195,0.4836710369487485
predominant,0.6120949577160335,46,493,2705,0.4835489833641405
reply,0.47220749380298865,783,3217,2825,0.48353982300884957
brothers,0.49265278716164124,355,2885,3382,0.48344175044352455
composed,0.4689626317559461,528,3472,2584,0.48335913312693496
grasping,0.6878409660651024,20,231,1322,0.4833585476550681
thereabouts,0.5840503686044625,56,779,3627,0.4833195478356769
internal,0.4713400775406312,760,3240,2748,0.48326055312954874
cutting,0.519435642768475,421,1710,3996,0.48323323323323325
concerning,0.44425121509652793,919,3081,1190,0.4831932773109244
updike,0.8240605064158901,6,17,89,0.48314606741573035
contracted,0.4958040420701697,807,2273,3461,0.48309737070210923
ride,0.537272531270973,135,1388,4209,0.48301259206462344
thousand,0.4366445852327795,1962,2038,441,0.48299319727891155
stealing,0.5743962347423027,122,820,3848,0.48284823284823286
alike,0.5140554644741013,221,2115,3900,0.4828205128205128
patrons,0.6272918564411671,47,429,2432,0.48273026315789475
seen,0.43556399875773777,248,3752,777,0.4826254826254826
dissolution,0.525509777119705,310,1576,4108,0.4824732229795521
prone,0.6056739104433637,14,569,2873,0.48242255482074486
neglected,0.4798907132176743,365,3547,3062,0.48236446766819074
prospect,0.4658310155515924,322,3678,2179,0.4823313446535108
secretly,0.5493184756658278,83,1167,4170,0.4822541966426859
unaccountable,0.5934426749037298,32,683,3322,0.4822396146899458
administratrix,0.6225680431459679,171,323,2512,0.4820859872611465
barbarous,0.514447015014224,130,2178,3923,0.4820290593933214
outlawry,0.6730620108967676,243,55,1573,0.4818817546090273
mary,0.45758635793330676,661,3339,1721,0.48169668797210924
quills,0.6985890068759772,9,213,1171,0.4816396242527754
nearest,0.5167513155783549,454,1746,3972,0.48162134944612284
rep,0.56083187776386,736,355,4025,0.48149068322981364
also,0.4412340072906747,1032,2968,189,0.48148148148148145
uncontroulable,0.712842618331054,6,163,889,0.4814398200224972
council,0.43412493602925356,1790,2210,592,0.4814189189189189
seek,0.46485945767264625,148,3852,2040,0.48137254901960785
hale,0.6009900613684372,185,436,3032,0.4812005277044855
antient,0.5392731353327775,83,1385,4209,0.481111903064861
treble,0.5883150169241018,463,294,3436,0.4810826542491269
conceived,0.470716327408554,1184,2816,2742,0.48067104303428154
lutherans,0.7105103422836645,4,167,901,0.48057713651498335
business,0.4346245676378564,1152,2848,564,0.4804964539007092
pittance,0.6906383486938529,15,228,1276,0.48040752351097177
social,0.4814862009977452,192,3593,3121,0.4802947773149632
northampton,0.5159019904811779,349,1883,3956,0.48028311425682507
impulse,0.5589787443149058,66,1038,4040,0.4801980198019802
barbarians,0.594275746153321,20,669,3239,0.4800864464340846
something,0.44997306773602996,304,3696,1379,0.48005801305293694
refuse,0.4582590314290421,1869,2131,1779,0.48004496908375494
walker,0.5364544152628352,527,993,4211,0.47993350748040847
veteran,0.6174019435298255,25,479,2557,0.4798592100117325
special,0.46494960895732507,1818,2182,2151,0.4797768479776848
places,0.43694828498158256,1042,2958,807,0.4795539033457249
scruples,0.5894475766247017,79,663,3385,0.4794682422451994
slacken,0.749990436356449,5,97,534,0.4794007490636704
encreased,0.5671988307902043,63,953,3937,0.4792989585979172
joining,0.528372588149764,251,1517,4148,0.4792671166827387
attach,0.5989587297560116,247,402,3134,0.47925973197192084
philips,0.6044217560177129,88,493,2865,0.4792321116928447
conspicuous,0.5243591625022436,135,1736,4111,0.47920214059839455
encouraging,0.5414690980760148,377,1047,4193,0.4791318864774624
enticed,0.728486088465565,8,133,741,0.47908232118758437
extolled,0.6813520203672206,12,251,1386,0.4790764790764791
join,0.4563277410834746,799,3201,1740,0.478735632183908
admire,0.5288283642183291,39,1708,4156,0.47834456207892206
seised,0.7623771793916376,7,67,387,0.4780361757105943
oners,0.7103916839725555,172,5,931,0.47798066595059074
direful,0.686407022209713,6,243,1310,0.4778625954198473
ellsworth,0.553819947622205,1127,37,4073,0.47778050576970293
destined,0.5173911282457546,265,1806,4032,0.47767857142857145
languishes,0.7572400933790194,4,90,492,0.47764227642276424
execrable,0.6275000577497344,23,435,2356,0.47750424448217316
term,0.44785533054121524,2487,1513,1330,0.4774436090225564
show,0.46624026553822606,1332,2668,2348,0.477427597955707
robbed,0.5431326012838379,110,1264,4181,0.4773977517340349
at,0.5028282385536301,902,3098,44,0.4772727272727273
zealous,0.5167015635725034,148,1987,3992,0.47720440881763526
orphans,0.529582009862971,982,724,4163,0.47705981263511893
negligence,0.5594245255683266,327,756,4011,0.4769384193467963
skillful,0.7319943591799875,9,118,669,0.476831091180867
refle,0.8157434254354965,32,3,172,0.47674418604651164
recollecting,0.6106157468352611,18,516,2683,0.4767051807677972
wilbraham,0.7589383913702255,55,35,472,0.4766949152542373
ounces,0.5234810005472699,264,1602,4114,0.47666504618376276
condemn,0.5109818010588014,147,2214,3882,0.47655847501287996
harvey,0.5850669173031904,84,684,3471,0.47651973494670125
discriminating,0.7035018587320264,51,142,1018,0.4764243614931238
thereto,0.4640486946401713,2188,1812,2160,0.47638888888888886
slightly,0.5984178227910463,36,607,3116,0.4762516046213094
step,0.46748977681005727,470,3530,2606,0.47620874904067534
secrecy,0.5395452839312477,381,1058,4198,0.4761791329204383
human,0.43383748595740845,141,3859,752,0.47606382978723405
affirmative,0.48454151432653964,2663,846,3254,0.4757221880762139
holds,0.5035969474001634,326,2211,3744,0.4756944444444444
cruelly,0.5783992199865539,36,830,3702,0.47568881685575365
falsehood,0.549448527142552,85,1114,4113,0.47556528081692195
paris,0.464670645925182,668,3332,2284,0.4754816112084063
cowardice,0.60269692517851,39,543,2871,0.4754440961337513
proposition,0.4705881219072918,2213,1787,2845,0.475219683655536
murdered,0.5268981825021583,76,1694,4146,0.4751567776169802
cease,0.46693284977305455,708,3292,2593,0.4751253374469726
beneath,0.47428300013035224,27,3973,3022,0.4748510919920582
140,0.5459217558157002,492,767,4162,0.47477174435367614
feels,0.5212660777744849,59,1847,4098,0.4743777452415813
negro,0.5019564459166478,1048,1509,3730,0.4742627345844504
blown,0.5638760702390428,40,983,3944,0.47413793103448276
parish,0.4671107614198313,1954,2046,2611,0.47376484105706623
disgrace,0.49870929230925776,157,2579,3654,0.47372742200328405
reserved,0.488486326094967,1197,2103,3359,0.473652872878833
dissolved,0.5091123186744662,312,2087,3856,0.47354771784232363
agreeing,0.562403139075241,497,542,3966,0.4735249621785174
wrapped,0.6122002174699559,8,502,2587,0.4735214534209509
unusual,0.5349400814134002,165,1343,4216,0.47343453510436434
marriages,0.580581740903419,262,548,3574,0.47341913822048126
valuable,0.455012730257155,414,3586,1593,0.47332077840552417
pardons,0.6336974824644594,113,305,2171,0.47305389221556887
issuing,0.5232185770137191,850,989,4115,0.47290400972053465
hart,0.5631144262692274,247,782,3948,0.47289766970618036
holly,0.6594959264952027,17,306,1693,0.47253396337861786
waggoner,0.6849754739932287,29,219,1304,0.4723926380368098
overtook,0.645781922704089,5,361,1918,0.47236704900938475
pledge,0.5429518016849784,355,974,4174,0.47220891231432677
finding,0.4642831141240403,413,3587,2247,0.4721851357365376
appea,0.7559501361402297,71,21,483,0.4720496894409938
threw,0.4892472209947899,78,3159,3384,0.4719267139479905
repaid,0.5859624680529427,297,452,3410,0.4718475073313783
wilfully,0.5565784142331498,490,606,4031,0.47184321508310595
presbyterian,0.527089956202489,25,1701,4159,0.4717480163500842
malt,0.5837205731165861,102,668,3474,0.47150259067357514
1475,0.8101159684966033,28,10,193,0.47150259067357514
esq,0.43216527933987164,1740,2260,768,0.4713541666666667
petitioners,0.509572937622933,1468,870,3896,0.47125256673511295
perpetuity,0.7011390299180109,43,151,1025,0.4712195121951219
wanted,0.4631948481346097,843,3157,2197,0.4710969503868912
aspect,0.5187866995845969,146,1763,4097,0.4710763973639248
built,0.45790971212677906,912,3088,1866,0.47106109324758844
ralston,0.7016591459530862,5,187,1015,0.470935960591133
answers,0.49684899616749073,276,2494,3636,0.47029702970297027
energies,0.6507205467080339,23,323,1814,0.47023153252480704
rebels,0.5353853580337294,86,1399,4207,0.47016876634181126
bench,0.5446267680116619,212,1028,4155,0.4697954271961492
incorporated,0.5138318395393647,1227,941,3986,0.4696437531359759
scholars,0.5862296388890382,54,686,3382,0.46954464813719693
excepted,0.47991784470476445,1677,1990,3185,0.46938775510204084
sailing,0.5379794660549772,224,1200,4193,0.4693536847126163
acting,0.4720610061459885,745,3255,2998,0.4693128752501668
first,0.4407615822681573,905,3095,130,0.46923076923076923
duer,0.6003207370013054,519,67,2890,0.4692041522491349
grows,0.5151329511748494,24,2027,4033,0.4691296801388545
found,0.4352887991417518,800,3200,307,0.46905537459283386
retained,0.5070610378068406,727,1650,3871,0.46887109274089384
terms,0.4371339576632784,901,3099,851,0.4688601645123384
supplement,0.5199173942538341,1105,775,4106,0.4688261081344374
accompanies,0.6372781896437114,53,344,2069,0.4688255195746738
beef,0.48441921201158866,1312,2093,3306,0.46854204476709016
forward,0.45422112626914757,1054,2946,1618,0.4684796044499382
geneva,0.5700987741719407,82,833,3787,0.4684446791655664
edifice,0.6008775599267521,36,535,2825,0.46831858407079646
corrections,0.683980452203982,37,209,1294,0.46831530139103555
globe,0.490186022649182,92,2957,3481,0.4682562482045389
murder,0.4655207843095842,456,3544,2612,0.46822358346094944
relieved,0.5023209405729747,504,1992,3776,0.4682203389830508
commonwealth,0.4389609981753561,2432,1568,1064,0.4680451127819549
perusal,0.5602068477031589,113,920,3957,0.4680313368713672
break,0.46081205472714765,504,3496,2086,0.4678811121764142
uncle,0.508580113262028,40,2291,3905,0.4676056338028169
glowed,0.6837455515161711,4,242,1294,0.46754250386398766
extended,0.4634032346059093,1127,2873,2400,0.4675
product,0.5632668244199018,255,741,3919,0.46746619035468234
leisure,0.5149820196456947,108,1928,4037,0.4674263066633639
misfortune,0.48860428002480555,265,2934,3409,0.4672924611322969
parallel,0.5382001167581525,190,1206,4184,0.4672562141491396
pickled,0.6295062623680794,122,297,2175,0.4671264367816092
furlong,0.7667662438246615,5,62,349,0.4670487106017192
fleet,0.46157622483692234,319,3681,2298,0.4669277632724108
therefor,0.5108895405176556,1809,453,3948,0.46681864235055726
flag,0.5121789047156265,339,1850,3976,0.46680080482897385
whites,0.5716116039942842,127,774,3764,0.4667906482465462
burying,0.5799175988542292,124,666,3519,0.4666098323387326
battles,0.5663831216990143,59,880,3839,0.4665277415993748
hither,0.5104287846608012,147,2116,3947,0.4664302001520142
discretion,0.4674095310902246,1988,2012,2781,0.4663790003595829
loaded,0.4898171479017005,272,2755,3496,0.4662471395881007
censure,0.49685504260298785,316,2302,3709,0.46616338635750876
till,0.4344749851807839,476,3524,384,0.4661458333333333
stigma,0.6874710735748858,28,212,1264,0.46598101265822783
hugg,0.7256747843629273,12,116,676,0.46597633136094674
temerity,0.6663553414729977,20,274,1554,0.46589446589446587
subdued,0.5398280416723413,67,1290,4176,0.46551724137931033
obstructed,0.5773654384548293,88,743,3620,0.4654696132596685
cinnamon,0.5801179552520243,13,770,3498,0.46540880503144655
galley,0.6549489444177503,28,299,1715,0.46530612244897956
scott,0.5094816317621241,911,1355,3949,0.4649278298303368
trace,0.5130762897762591,120,2007,4001,0.4646338415396151
draft,0.5531814735529751,736,360,4031,0.4644008930786405
universal,0.4544758460701778,198,3802,1811,0.46438431805632246
maps,0.593423211287536,140,487,3056,0.4643324607329843
conscientious,0.5969300413514315,28,566,2923,0.46424905918576803
battery,0.5440128085069528,432,785,4138,0.4642339294345094
access,0.5380813440515558,179,1201,4183,0.46402103753287116
principle,0.43893783287376215,1106,2894,1056,0.4640151515151515
climate,0.48952773054716353,98,2917,3498,0.46397941680960547
telfair,0.6426636059287678,338,25,1901,0.46396633350867966
ames,0.563785833055707,726,227,3871,0.4639628003099974
institution,0.466129136726719,448,3552,2744,0.4639212827988338
imported,0.4528705803226798,1389,2611,1616,0.463490099009901
invitation,0.5391789899043693,81,1274,4173,0.4634555475676971
canals,0.5776399763145503,278,536,3585,0.46331938633193864
uation,0.8197140570008655,16,14,136,0.4632352941176471
easter,0.6659620712352095,58,235,1548,0.4631782945736434
represented,0.4587693789919342,1247,2753,2077,0.4631680308136736
painful,0.4758614690996816,161,3570,3148,0.46315120711562896
none,0.43531688000495244,455,3545,890,0.46292134831460674
greeting,0.5873939594804256,437,248,3232,0.4628712871287129
mail,0.5367855501794853,708,692,4185,0.46284348864994024
boards,0.5277464269815971,465,1119,4196,0.46234509056244044
canal,0.5194535254036502,460,1372,4115,0.46221142162818957
greeks,0.5428597699725468,16,1207,4141,0.46220719632938906
colony,0.43923648220196565,1591,2409,1229,0.46216436126932464
worked,0.5401030996018319,144,1156,4170,0.4621103117505995
damaged,0.5554254631724442,294,772,3990,0.46190476190476193
sum,0.4342141629194493,2890,1110,446,0.4618834080717489
escaped,0.4768233440460954,191,3432,3213,0.46187363834422657
risque,0.5740654600855172,104,741,3657,0.46185397867104183
disturbance,0.5505847636432933,113,996,4036,0.4618434093161546
contrived,0.5348611179579222,59,1373,4196,0.4613918017159199
propagation,0.5848516245911983,30,683,3317,0.4612601748567983
lent,0.5194611840407342,734,1084,4126,0.46122152205525935
usurped,0.5907256587056888,63,571,3088,0.46113989637305697
cooper,0.514584405141726,424,1538,4082,0.4610485056344929
fluctuating,0.6462455631230776,39,304,1796,0.4610244988864143
amend,0.4779518475767224,2815,773,3230,0.4609907120743034
observation,0.4596525361501276,509,3491,2243,0.46098974587605884
hereby,0.4324920962731195,3189,811,410,0.4609756097560976
exhibit,0.4958502463995708,885,1761,3695,0.460893098782138
vaughan,0.6160968722245771,93,381,2426,0.460840890354493
sort,0.4547047857238574,324,3676,1875,0.4608
contro,0.8193997482034919,19,6,102,0.46078431372549017
kindle,0.598118306605824,23,546,2813,0.46071809456096696
exhausted,0.5057828470630213,190,2115,3923,0.4603619678817232
preside,0.5643796919534744,230,692,3808,0.46034663865546216
borrowed,0.5147135433134185,940,991,4097,0.4603368318281669
renew,0.5158444757481593,403,1499,4097,0.4603368318281669
wait,0.4596355338574529,519,3481,2218,0.46032461677186653
writer,0.470933228618995,181,3768,3048,0.4603018372703412
catalogue,0.5642139663054333,51,880,3827,0.46015155474261826
profanation,0.7130975371657302,10,144,815,0.4601226993865031
destroyed,0.45517805571263803,671,3329,1915,0.4600522193211488
indulged,0.5233030673017008,173,1529,4162,0.45987506006727535
peas,0.5900242382546198,82,567,3134,0.45979578813018507
fluctuations,0.7502245367250925,20,58,409,0.45965770171149145
transcendent,0.6721655191224004,19,256,1447,0.45957152729785766
hayman,0.7750683482585915,20,33,272,0.45955882352941174
addressing,0.5449057293298338,55,1121,4091,0.4595453434368125
mill,0.4551421908799046,782,3218,1987,0.45948666331152493
adjoining,0.45837713844129935,817,3183,2271,0.45926904447380007
pearson,0.6250944158093403,76,345,2182,0.459211732355637
apartments,0.538051139072834,106,1234,4175,0.4591616766467066
barbarity,0.5587494779299292,41,960,3917,0.4590247638498851
prisoners,0.44635184512712167,1257,2743,1427,0.4590049053959355
experiment,0.492940900219018,429,2327,3645,0.4587105624142661
recollection,0.5141632055038652,195,1746,4093,0.4585878328854141
abruptly,0.6337808404815309,10,383,2050,0.4585365853658537
institutions,0.5004087342895356,235,2201,3821,0.4585187123789584
glad,0.46071612547643087,239,3761,2561,0.45841468176493555
buckskin,0.5696146649096661,4,873,3717,0.4581651869787463
practices,0.5119264622079979,202,1858,4034,0.45810609816559245
recede,0.5836795170524706,379,340,3332,0.4579831932773109
uniformity,0.562747932215712,247,690,3835,0.45788787483702736
advertisements,0.5996678095816318,215,339,2763,0.45783568584871515
limitation,0.5122230969506231,1319,720,4030,0.4575682382133995
consideration,0.42980842173714207,2088,1912,671,0.45752608047690013
displeasure,0.5227559274639553,61,1643,4162,0.45747236905333977
french,0.42809872999178483,657,3343,621,0.4573268921095008
hazard,0.4930248984127025,520,2179,3667,0.45732206163076083
henderson,0.5734462999744835,255,577,3622,0.45720596355604637
fatal,0.4554338531841319,225,3775,1997,0.45718577866800203
daily,0.45461441258746926,374,3626,1890,0.45714285714285713
checked,0.5497887369702339,123,975,4037,0.45702254149120636
machines,0.5887463672442171,93,557,3140,0.4570063694267516
warren,0.5311945456999714,546,918,4210,0.45676959619952495
thinking,0.4650640772867713,249,3751,2877,0.456725755995829
holland,0.46660118976366544,932,3068,2908,0.45667125171939477
quoi,0.7798586441223269,13,36,252,0.45634920634920634
bearer,0.5762447227858027,268,525,3524,0.45629965947786605
speculation,0.5438502661797675,213,959,4088,0.4562133072407045
dispersed,0.5224530058265707,141,1550,4164,0.45605187319884727
killed,0.45171413795083193,395,3605,1774,0.4560315670800451
profit,0.46685087711639794,801,3199,2919,0.45597807468311063
plunder,0.5207481966105671,188,1550,4156,0.4557266602502406
removes,0.6200736121184067,81,360,2281,0.45550197281893906
waggon,0.5112975357312124,497,1555,4036,0.4554013875123885
its,0.4408534622674013,630,3370,112,0.45535714285714285
instrumental,0.5565297652264473,67,948,3932,0.45523906408952186
hope,0.42801808781808515,252,3748,622,0.454983922829582
examples,0.4878737284885694,271,2701,3535,0.4548797736916549
marseilles,0.618750476209923,29,415,2298,0.4547432550043516
lords,0.46384417213270557,429,3571,2815,0.4547069271758437
begins,0.4924413981174048,129,2539,3680,0.45461956521739133
lordships,0.5781554403473232,36,729,3458,0.45459803354540196
saw,0.4301867330505178,223,3777,770,0.45454545454545453
lawyer,0.5515889063294221,118,951,3989,0.45449987465530206
suddenly,0.4669054539472252,129,3871,2944,0.4544836956521739
mills,0.46897695235257386,893,3040,3052,0.45445609436435125
therein,0.43400248887007137,2391,1609,898,0.45434298440979953
refusal,0.479530479606629,1921,1489,3304,0.45429782082324455
inhabitants,0.43205831844969456,1423,2577,524,0.4541984732824427
steele,0.6158952970494967,268,195,2378,0.4541631623212784
adding,0.5003651147506863,633,1763,3860,0.45414507772020724
tenements,0.4735000639121289,2642,984,3213,0.45409274821039525
randolph,0.509172629788996,1396,728,4006,0.4540688966550175
teaches,0.5354182204932413,26,1340,4178,0.4538056486357109
wives,0.4891002328674275,188,2677,3581,0.4537838592571907
discredit,0.6580663422847929,25,277,1594,0.4535759096612296
says,0.42999166236026215,260,3740,688,0.45348837209302323
lydia,0.5783619122917415,120,636,3435,0.45327510917030567
height,0.46402940674131643,220,3780,2884,0.45319001386962554
imprisoned,0.5117577331634294,897,1078,4074,0.4531173294059892
presently,0.5045300445565463,59,2178,3955,0.45309734513274336
smallwood,0.6062390785979844,132,374,2567,0.4530580444098169
came,0.4319130621193432,229,3771,415,0.4530120481927711
confirm,0.4863033778683273,625,2357,3524,0.452894438138479
perverting,0.7231752075892991,9,111,636,0.4528301886792453
planter,0.6037925990934152,61,458,2615,0.45277246653919695
sugar,0.455242868445499,634,3366,2161,0.45256825543729756
suffi,0.8091113730194637,30,6,179,0.45251396648044695
david,0.4386407546992719,1288,2712,1293,0.45243619489559167
surrounded,0.48052196134122105,113,3171,3361,0.45224635525141327
uttered,0.521845168261028,117,1546,4178,0.4521302058401149
erect,0.5087026425816309,461,1617,4030,0.4521091811414392
ended,0.4956490089667186,314,2196,3767,0.45208388638173613
bears,0.4930655226276733,210,2361,3727,0.4518379393614167
precedency,0.7498796905831586,9,84,485,0.4515463917525773
killing,0.5340596900814721,330,1051,4182,0.4514586322333812
charging,0.5808407093925027,216,494,3308,0.45133010882708585
regards,0.5551541291845015,127,883,3930,0.45114503816793894
receipts,0.48899605418656256,2186,648,3602,0.45113825652415324
maturity,0.5827337929014115,37,661,3272,0.4511002444987775
connections,0.5295431197250157,69,1388,4204,0.4509990485252141
reflection,0.4643656853859001,355,3645,2908,0.45082530949105915
encampments,0.7143976808694878,61,82,750,0.45066666666666666
summoned,0.5053456742208783,932,1249,3983,0.4506653276424805
armed,0.45603867843552265,1303,2697,2242,0.4504906333630687
sought,0.4705684047230685,154,3611,3135,0.45039872408293463
mentioned,0.4318984998219731,1865,2135,524,0.45038167938931295
chairs,0.5828815977431371,64,625,3239,0.4501389317690645
certify,0.5061134296974305,1484,670,3981,0.4501381562421502
inexperience,0.6861141175853828,16,206,1171,0.45004269854824935
another,0.43386977488594347,699,3301,300,0.45
forwardness,0.686595998461359,18,198,1140,0.45
bayonet,0.588718120496141,161,444,2969,0.44998315931289995
represent,0.46029384389228606,1419,2581,2678,0.44996265870052277
build,0.47187535904905625,1203,2485,3172,0.44987389659520804
activity,0.5114057187447346,130,1834,4081,0.4496446949277138
command,0.434773322620248,842,3158,992,0.4495967741935484
easy,0.44414684272950705,332,3668,1457,0.4495538778311599
mitchel,0.6253314074649803,198,203,2091,0.4495456719273075
describing,0.552424441555228,246,780,3950,0.44936708860759494
ever,0.4325369051512046,367,3633,296,0.44932432432432434
did,0.43897204135163004,739,3261,207,0.4492753623188406
conquered,0.5149636933084533,100,1709,4127,0.4492367337048704
measles,0.5816898314374427,4,691,3260,0.449079754601227
besieged,0.5866406211481069,67,566,3082,0.4490590525632706
represents,0.5370392841513092,183,1073,4166,0.4486317810849736
neglects,0.6345710702192842,50,317,1920,0.4484375
perceived,0.46310292940504105,132,3868,2893,0.4483235395782924
division,0.4562933555400017,1910,2090,2454,0.4482477587612062
langdon,0.5657746674776064,731,121,3668,0.44820065430752454
preparatory,0.6025235551532636,65,453,2616,0.44801223241590216
pretending,0.5676995244553918,147,689,3631,0.4478105205177637
suppression,0.5878579033181938,79,527,2973,0.44769593003699965
betsey,0.5505844393820077,60,980,3972,0.4473816717019134
clubs,0.5872556986303072,69,545,3009,0.44732469258889995
exchanges,0.6939745418293854,72,118,1004,0.44721115537848605
concert,0.5332124241301776,228,1139,4174,0.4470531863919502
spirited,0.5266209807498327,96,1399,4209,0.44689950106913756
amherst,0.6229067343203214,67,345,2146,0.4468779123951538
constitutions,0.4967696588717515,464,1946,3845,0.446814044213264
surgeon,0.49914705957587435,806,1525,3905,0.446606914212548
sorts,0.45969880096167487,152,3848,2775,0.4464864864864865
van,0.4834748126498449,1536,1447,3521,0.4464640727066174
discovered,0.4465345321202297,280,3720,1533,0.4461839530332681
delineated,0.6205067475435574,97,323,2181,0.4461256304447501
spared,0.5199009593732262,234,1407,4179,0.446039722421632
computed,0.5335764887431275,569,763,4178,0.44590713259932985
observed,0.43164265350367664,918,3082,902,0.44567627494456763
essex,0.5597715592565795,403,507,3777,0.4455917394757744
apply,0.43858644421301074,1087,2913,1338,0.445440956651719
phrase,0.5413791480264759,125,1036,4068,0.44542772861356933
accomplished,0.4779862572846745,273,3026,3359,0.44537064602560283
consumed,0.5055393165438532,357,1726,4026,0.4453551912568306
meredith,0.6135218165315458,143,312,2342,0.4453458582408198
amendment,0.4481719025740031,3340,660,1774,0.44532130777903045
englishmen,0.5427636746083091,26,1120,4050,0.4451851851851852
packets,0.6163729622638485,280,144,2198,0.44494995450409464
worcester,0.5212744873613028,658,952,4185,0.4449223416965352
hemp,0.49831999392359694,557,1759,3914,0.44481349003576903
withdraw,0.5041520631281778,561,1572,3995,0.44480600750938676
better,0.42475473970977523,726,3274,625,0.4448
890,0.7498954260694379,45,41,452,0.4446902654867257
beside,0.5068034030132017,94,1916,4052,0.44447186574531095
raising,0.4546587634399118,1508,2492,2420,0.44421487603305787
tenets,0.5904263460533317,20,546,2803,0.44416696396717803
honest,0.45171780972401165,284,3716,1915,0.44386422976501305
operation,0.4514707247083192,1226,2774,1879,0.44385311335816924
preparing,0.4889774522937833,346,2335,3673,0.44377892730737817
recounting,0.737291531880443,6,92,514,0.44357976653696496
later,0.5170417978188475,220,1486,4163,0.44343021859236126
origin,0.4861135875210024,254,2594,3595,0.44339360222531293
philemon,0.6832708128809356,104,124,1203,0.44305901911886947
increase,0.4395496292191651,907,3093,1411,0.44294826364280654
packed,0.5864350520340116,350,249,2940,0.44285714285714284
transported,0.5176566596958336,408,1267,4171,0.4428194677535363
longer,0.4329979735489274,697,3303,1066,0.4427767354596623
frighten,0.6301109885028426,20,352,1945,0.44267352185089975
astonishing,0.5162823861817659,62,1651,4162,0.442575684766939
leaders,0.5335394966424175,78,1226,4169,0.44255217078436077
roads,0.4543998945975763,2336,1664,2267,0.44243493603881784
after,0.4351916939374742,1086,2914,104,0.4423076923076923
endured,0.5420586967794941,31,1113,4052,0.4422507403751234
seize,0.48294390364208317,773,2194,3537,0.4421826406559231
libel,0.5291666505321992,557,838,4182,0.4421329507412721
corresponding,0.5659741070437828,149,665,3585,0.4421199442119944
abhor,0.5783437986221542,17,692,3303,0.4420224038752649
attended,0.4325968716713399,698,3302,1093,0.44190301921317476
purchase,0.4375383880515835,1265,2735,1342,0.44187779433681074
doubting,0.5796207935051615,54,631,3232,0.44183168316831684
representation,0.4531948857365127,1889,2111,2166,0.44182825484764543
dissipate,0.6294145074893069,22,354,1967,0.44178952719877984
defeated,0.5074165801003352,340,1623,4079,0.4417749448394214
delinquent,0.528057149963322,1079,348,4190,0.441527446300716
mortgaged,0.580663483179652,510,161,3197,0.44135126681263687
neglecting,0.5424380709799365,272,841,4040,0.44133663366336634
generous,0.45404559937885625,174,3826,2242,0.44112399643175737
contagious,0.5290092165294457,148,1257,4186,0.4409937888198758
apart,0.5171654056531896,372,1299,4172,0.44079578139980824
movements,0.5491401041610341,101,918,3934,0.4407727503812913
masters,0.4527541955813545,735,3265,2074,0.4406943105110897
contained,0.4431619251032267,1865,2135,1500,0.44066666666666665
belief,0.4694373363745559,417,3185,3221,0.44054641415709406
orderly,0.557963651838444,231,672,3766,0.44052044609665425
excused,0.5302367291682366,461,890,4176,0.44037356321839083
deter,0.5730569899284037,198,555,3429,0.44036162146398367
infamy,0.5263459047489044,76,1373,4202,0.4402665397429795
persons,0.4354321464897917,1826,2174,209,0.44019138755980863
borrow,0.5130972273766262,811,965,4142,0.44012554321583774
walked,0.4924640059989711,19,2443,3799,0.4401158199526191
immediately,0.4244623350010459,759,3241,625,0.44
virtuous,0.45372140837246416,180,3820,2230,0.4399103139013453
hunt,0.5237807389532709,429,1053,4204,0.439581351094196
asking,0.5229827447413554,236,1270,4213,0.43935437930216
635,0.7028331189867548,92,56,781,0.43918053777208704
bethlehem,0.561528302795774,42,820,3691,0.4391763749661338
sincerity,0.48333063954193206,197,2678,3582,0.4391401451702959
profitable,0.5100715735532046,131,1742,4111,0.4390659207005595
middletown,0.5637474284428786,223,605,3614,0.43884892086330934
natured,0.5670888461657846,15,774,3515,0.4386913229018492
frenchmen,0.5567147765071662,71,837,3773,0.4386429896633978
diligently,0.5373880414976053,224,958,4097,0.4386136197217476
summon,0.5452735484940436,552,514,3990,0.43859649122807015
marching,0.550326990929913,196,790,3916,0.43820224719101125
enjoy,0.44238113489946274,653,3347,1484,0.4380053908355795
speak,0.431440496726817,237,3763,991,0.437941473259334
70,0.4743964823617681,877,2416,3360,0.43779761904761905
neighbouring,0.46879012151581057,384,3266,3194,0.4376956793988729
commences,0.6238267804851709,59,331,2038,0.43768400392541706
title,0.4403706972667354,1375,2625,1460,0.43767123287671234
systems,0.5213363486664275,301,1218,4208,0.4375
hesitated,0.5995996788650766,37,472,2583,0.43747580332946184
cask,0.5176623217688453,574,1045,4182,0.437350549976088
earnestness,0.582995503425241,37,586,3041,0.4370272936534035
altered,0.4682707383426261,1650,1976,3213,0.4369747899159664
satisfy,0.4652796222644695,1406,2429,3101,0.43695582070299904
manumission,0.6907737937633202,60,123,966,0.43685300207039335
charged,0.4500662378812288,1899,2101,1926,0.43665628245067495
observations,0.4487793655568255,854,3146,1839,0.43665035345296355
cape,0.45354231154128516,577,3423,2344,0.43643344709897613
kept,0.43149505368303487,988,3012,933,0.4362272240085745
runs,0.47988558892415406,297,2740,3485,0.43615494978479197
lyman,0.5772533764588369,547,147,3259,0.4360233200368211
reduction,0.5139261180985863,710,1009,4162,0.43584814992791926
ensures,0.756338730397914,5,64,358,0.43575418994413406
virginians,0.6787545688597093,16,212,1203,0.43557772236076475
exemplified,0.6083038455510901,74,394,2397,0.4355444305381727
de,0.4270175842688299,1451,2549,735,0.43537414965986393
moveables,0.7007639931058286,25,125,793,0.43505674653215637
conflict,0.5383708258575927,114,1037,4058,0.4349433218334155
mann,0.6678788268027426,117,130,1297,0.4348496530454896
equity,0.46191139810661436,1943,2057,3021,0.4346242965905329
westminster,0.5596901694959127,115,742,3674,0.4341317365269461
gratified,0.5454509705132383,95,933,3951,0.4338142242470261
tell,0.4308437929702094,188,3812,957,0.4336468129571578
oath,0.43115670257347305,2614,1386,1031,0.4335596508244423
lawless,0.5519078943649524,87,845,3830,0.43342036553524804
pretended,0.45555040270848585,515,3485,2845,0.4333919156414763
triumphed,0.6033570059785449,16,475,2499,0.43337334933973587
davis,0.4786439521480247,1031,2076,3459,0.4333622434229546
commons,0.4546590064078736,678,3322,2753,0.4333454413367236
on,0.49499906730842075,1237,2763,30,0.43333333333333335
judging,0.5200151231232305,204,1306,4214,0.43331751305173233
whatsoever,0.44322274885143625,2043,1957,1618,0.43325092707045737
agent,0.4507257784931341,2432,1568,2126,0.43320790216368765
clearing,0.5326095906686924,533,706,4151,0.43314863888219707
diligence,0.49962362657886134,218,1923,3988,0.433049147442327
oliver,0.4941248289450221,1274,1051,3908,0.4329580348004094
pretences,0.5634383572485635,98,697,3530,0.43286118980169974
weaker,0.5791338002805698,55,605,3165,0.43285939968404424
gravely,0.6431804491626034,18,296,1650,0.43272727272727274
despise,0.4892802711567095,57,2434,3778,0.432503970354685
severe,0.4525239826680634,172,3828,2444,0.43248772504091654
stages,0.5395445538669635,186,928,4042,0.43245917862444333
going,0.43107318347312273,562,3438,1103,0.43245693563009974
meanings,0.7392798364373466,7,88,495,0.43232323232323233
interpreter,0.5726484884906938,112,614,3350,0.43223880597014924
fabric,0.5583556530392453,74,786,3684,0.43213897937024975
consign,0.6447019146347414,14,297,1634,0.4320685434516524
excellently,0.6896659615290337,5,168,912,0.43201754385964913
schemes,0.5001879642227409,108,1958,4037,0.43200396333911323
ashe,0.6618809748155211,228,33,1375,0.432
gun,0.46166816915203696,847,3113,3049,0.43194489996720237
preserved,0.45301622169869377,474,3526,2564,0.43174726989079565
questions,0.45509525275708096,980,3020,2845,0.4312829525483304
follows,0.4424456218536765,1766,2234,1556,0.43123393316195374
weight,0.4426292916049542,1107,2893,1582,0.4310998735777497
sustain,0.5137377738220877,270,1411,4165,0.4309723889555822
reverence,0.48356726317248316,63,2659,3664,0.43094978165938863
rotation,0.5895863372886646,208,333,2709,0.43078626799557035
importers,0.6382516859727394,126,204,1732,0.43071593533487296
surpassed,0.6516252176504174,8,284,1544,0.43069948186528495
maryland,0.43169692786576835,2157,1843,1275,0.43058823529411766
conferred,0.514948413290049,296,1325,4185,0.43058542413381123
simon,0.5118411009377706,363,1374,4154,0.43042850264805005
poured,0.5172284238607173,30,1511,4202,0.43027129938124703
added,0.4393121593839359,875,3125,1502,0.43009320905459386
honor,0.42716905491713714,457,3543,556,0.42985611510791366
ceased,0.4896419914333209,379,2083,3799,0.4298499605159252
parchment,0.5543992845440807,397,490,3739,0.4297940625835785
promised,0.45093553897196087,374,3626,2236,0.42978533094812166
detached,0.5262692600125191,377,1001,4182,0.4296987087517934
employments,0.5224316458225521,133,1313,4203,0.42969307637401855
administer,0.49663058045298997,894,1269,3984,0.4294678714859438
provincial,0.49234818148503834,694,1635,3906,0.4293394777265745
36,0.453677464879867,1563,2437,2698,0.42920681986656783
80,0.47061617401576605,973,2383,3326,0.4290438965724594
decent,0.5103342660317122,142,1620,4150,0.42891566265060244
estate,0.4280450035218208,1591,2409,814,0.42874692874692877
adjacent,0.49785132722769765,503,1599,4017,0.42867811799850636
single,0.4364232232372792,655,3345,1409,0.42867281760113557
answered,0.44200341020316775,453,3547,1556,0.4286632390745501
received,0.4283373380306716,1217,2783,385,0.42857142857142855
purchaser,0.47237762507797737,1204,2018,3395,0.42857142857142855
vicissitudes,0.5791859771548622,43,590,3082,0.42829331602855286
subscription,0.522706675864902,302,1132,4195,0.42812872467222884
repeated,0.4500953010750959,497,3503,2272,0.4278169014084507
uneasiness,0.49554811921055086,190,2033,3955,0.42781289506953224
breaking,0.48298464597205304,388,2302,3673,0.4277157636809148
aboard,0.6136968899938805,27,383,2137,0.42770238652316334
edmund,0.5112003725677878,516,1206,4159,0.42750661216638614
candidates,0.5454165160884952,221,776,3916,0.4274770173646578
liberty,0.42715138398795516,641,3359,461,0.42733188720173537
contemplating,0.5747440581323712,61,619,3213,0.42732648615001556
liberality,0.5309447378047253,154,1055,4126,0.42729035385361125
rowley,0.6917289053781702,89,79,885,0.4271186440677966
science,0.45636147546408395,198,3802,2936,0.4271117166212534
tumble,0.6809801772626851,6,195,1063,0.4270931326434619
galleys,0.6380100084297643,200,123,1693,0.4270525694034259
powers,0.4243690214692506,1656,2344,651,0.4270353302611367
autumn,0.5279436242416066,18,1275,4171,0.4269959242387917
macpherson,0.6612101573246291,49,207,1349,0.4269829503335804
thas,0.8005433232392135,23,11,164,0.4268292682926829
slavery,0.45151239850242286,397,3603,2597,0.4266461301501733
badge,0.6237757841081105,68,295,1901,0.4266175697001578
confirming,0.5468629746392936,457,510,3882,0.4265842349304482
attending,0.45002594500811594,1402,2598,2281,0.42656729504603247
occupation,0.5380654586905045,289,816,4037,0.42630666336388406
enough,0.4298715624179813,293,3707,1068,0.42602996254681647
deceive,0.490833013808127,152,2188,3893,0.4258926277934755
perseverance,0.5120010847207154,138,1535,4173,0.4258327342439492
blame,0.4826573085755966,197,2466,3681,0.4256995381689758
assembling,0.579609194404209,124,487,2996,0.42556742323097463
bankruptcies,0.7058775076856207,52,81,703,0.42532005689900426
devoted,0.48195577857686694,118,2566,3675,0.4253061224489796
honored,0.5398707765101706,138,936,3996,0.42517517517517517
liable,0.44217939938503753,2419,1581,1609,0.42510876320696084
courts,0.428604257117755,2594,1406,854,0.42505854800936765
matters,0.4372364693572275,1277,2723,1440,0.425
recruited,0.6746463502789841,63,154,1144,0.42482517482517484
conveyance,0.4910184347161867,1479,845,3910,0.4248081841432225
attribute,0.5445518532260759,83,919,3920,0.4247448979591837
denying,0.5346049421858456,72,1085,4068,0.4245329400196657
knocked,0.5655009067580732,14,729,3387,0.4242692648361382
cases,0.42450238487451064,1862,2138,698,0.42406876790830944
resemblance,0.5136557166331371,56,1555,4186,0.4240324892498806
amazed,0.5856032268810913,14,536,2741,0.4239328712148851
lawrence,0.4867369105522302,819,1653,3791,0.4238987074650488
honors,0.5291697973769919,105,1117,4145,0.4238841978287093
hogshead,0.5360479401591353,345,777,4044,0.423837784371909
extreme,0.45365737414713453,492,3508,2853,0.4237644584647739
stands,0.45000578653967793,545,3455,2452,0.4237357259380098
unprotected,0.6737024733220006,43,170,1122,0.4233511586452763
abject,0.5558899297232652,30,810,3643,0.42327751852868517
our,0.46990525306078246,521,3479,52,0.4230769230769231
galleries,0.6170510562847962,101,287,2027,0.4227923038973853
foxes,0.6735770086460072,16,209,1185,0.42278481012658226
opposed,0.44898134771734294,1535,2465,2404,0.4226289517470882
researches,0.5851913588924015,34,515,2734,0.422457937088515
quakers,0.4786661260165907,389,2439,3607,0.42223454394233434
next,0.42756789695634356,1430,2570,289,0.42214532871972316
quickly,0.4858024525178847,70,2418,3781,0.4221105527638191
cities,0.4526866815131906,633,3367,2791,0.4220709423145826
looked,0.44642482682051304,264,3736,2019,0.42199108469539376
inability,0.5128393459435464,466,1142,4188,0.42191977077363896
recommended,0.44606943630648116,1444,2556,1951,0.42183495643259866
177,0.547159787211667,614,310,3818,0.42168674698795183
sketches,0.6542695028424624,18,253,1426,0.4214586255259467
contrariety,0.6772971017262733,31,170,1063,0.42144873000940736
pinckney,0.4834554398476244,1940,589,3752,0.42137526652452023
mu,0.6474458434208742,191,98,1526,0.4213630406290957
wrong,0.44654347679348305,624,3376,2053,0.4213346322454944
inculcated,0.5864297544065331,24,513,2695,0.42115027829313545
touching,0.49146382342905687,880,1380,3949,0.4211192707014434
mortgager,0.7283860912708483,95,4,518,0.42084942084942084
thousands,0.45742395345221815,132,3825,3048,0.4206036745406824
wishes,0.44802019404857757,534,3466,2262,0.4204244031830239
fortunate,0.5012339175091269,172,1699,4111,0.42033568474823646
changed,0.4524291878106417,586,3414,2841,0.42027455121436114
severity,0.48814318139203516,130,2279,3843,0.42024460057246943
admiration,0.47210680641168873,72,3072,3448,0.4202436194895592
stoddard,0.6694822864668677,116,118,1233,0.42011354420113545
contemptible,0.5261685298898622,84,1190,4168,0.42010556621880996
bottles,0.5378141426247955,59,1022,4005,0.4199750312109863
declines,0.6535692124747539,54,222,1455,0.41993127147766324
commanding,0.4467605080083061,2329,1671,2310,0.4199134199134199
paper,0.4281853504859616,989,3011,1036,0.4198841698841699
faction,0.4897271080556648,225,2090,3913,0.41988244313825707
oppression,0.451322985436789,314,3686,2721,0.41969864020580666
hurt,0.45878749638689836,312,3558,3091,0.41960530572630217
freedom,0.4303459980759712,389,3611,1297,0.41942945258288356
answering,0.5177246145722745,214,1237,4201,0.41942394667936206
dren,0.7398785442750229,70,19,465,0.41935483870967744
gloried,0.6850034746530135,9,174,966,0.4192546583850932
monarch,0.4790990069376575,187,2595,3631,0.4191682732029744
martha,0.5390850222024902,150,905,3982,0.41913611250627825
strangely,0.5982201102355695,17,474,2499,0.4189675870348139
upon,0.45503320302403194,974,3026,74,0.4189189189189189
yields,0.5515595541314624,51,821,3711,0.41875505254648343
fruitless,0.5267152652137318,84,1162,4163,0.41844823444631274
african,0.5502858038311633,71,812,3733,0.41843021698365923
remarkable,0.44615076325194664,130,3870,2132,0.41838649155722324
messieurs,0.523363022455359,90,1231,4174,0.4183037853378055
offices,0.439038363431338,1936,2064,1712,0.4182242990654206
instantly,0.4540243337088665,113,3887,2928,0.4180327868852459
release,0.504134657107706,636,1137,4142,0.4179140511830034
memorable,0.5297112665846797,49,1129,4092,0.4178885630498534
unworthy,0.47398707556362807,215,2704,3556,0.4178852643419573
employment,0.4534409236358956,654,3346,2908,0.4178129298486933
continual,0.487447406911568,124,2253,3871,0.4177215189873418
mr,0.44191047703145264,2122,1878,79,0.4177215189873418
saxon,0.6445381152877214,24,267,1537,0.4176968119713728
425,0.63122687624856,210,122,1743,0.41767068273092367
provisional,0.5736072730986531,512,137,3134,0.41735800893426933
669,0.7187476886071952,84,25,568,0.41725352112676056
regarding,0.5569738881198799,231,555,3509,0.4169278996865204
additions,0.5451618650120315,309,625,3833,0.41690581789720843
mistakes,0.5236523027408658,143,1148,4169,0.41688654353562005
operating,0.5778963467854181,178,419,2934,0.4168370824812543
plan,0.42770204402539747,1225,2775,1022,0.41682974559686886
throats,0.5968571153192244,21,473,2512,0.41679936305732485
assumed,0.473656550756371,669,2263,3556,0.4167604049493813
dispositions,0.4929083200340146,270,1884,3981,0.41647827179100727
craig,0.5470989888254597,118,789,3768,0.4164012738853503
recited,0.47874358447328635,1946,779,3663,0.4163254163254163
remonstrances,0.5526243493089295,58,785,3650,0.4158904109589041
hannah,0.5057517502552147,338,1391,4160,0.41586538461538464
inclination,0.46389316976763256,190,3291,3268,0.41585067319461444
princes,0.4536518942627351,274,3726,2942,0.4157036029911625
wealthy,0.534750470859222,127,978,4037,0.41565518949715136
departure,0.4546289489944274,556,3444,3022,0.41561879549966907
proceedings,0.4277612617941023,2154,1846,1244,0.41559485530546625
sunderland,0.7052941089117116,56,68,657,0.4155251141552511
depth,0.4575512571205873,128,3690,3107,0.4155133569359511
claim,0.430813275271221,1465,2535,1359,0.41501103752759383
declamations,0.6988352294075354,12,130,747,0.4149933065595716
doubts,0.47701216313316014,1033,1751,3629,0.4149903554698264
wiser,0.5474800611435301,33,854,3739,0.4148167959347419
academy,0.4933265354689225,637,1438,4032,0.4146825396825397
patronage,0.5391850360360844,244,777,3938,0.41467750126968006
rider,0.6028914418756584,152,301,2332,0.4146655231560892
interest,0.42454233801310665,1402,2598,480,0.41458333333333336
congenial,0.5789599342224145,43,530,2832,0.4145480225988701
wherein,0.43871305491910884,1251,2749,1679,0.41453245979749853
purchases,0.5018857058921126,1215,577,4136,0.4144100580270793
depart,0.4544766275127219,928,3072,3027,0.41427155599603566
therewith,0.5095090594276604,628,1003,4179,0.41421392677674085
lamented,0.5092137834553273,132,1501,4177,0.4141728513287048
representations,0.5237842428947797,249,1013,4164,0.4140249759846302
erroneous,0.5213477135389644,280,1053,4177,0.41393344505626045
odious,0.49649951262505937,283,1623,4098,0.4138604197169351
grow,0.4480604877602701,169,3831,2641,0.41385838697463084
brandywine,0.5537628472801683,85,737,3603,0.4138218151540383
outhouses,0.604197453897337,7,425,2236,0.4136851520572451
ezekiel,0.5240276411628707,540,706,4163,0.41364400672591883
betray,0.5015231945808685,93,1703,4138,0.4134847752537458
keeping,0.4457030811403537,1397,2603,2187,0.41335162322816643
shopkeeper,0.6471944235801405,13,266,1471,0.41332426920462273
economy,0.5142354772207816,390,1093,4205,0.41331747919143874
dispute,0.4478104400210662,858,3142,2609,0.4131851284016865
apparently,0.5105011447980636,195,1373,4204,0.4131779257849667
detected,0.541432137921102,51,925,3912,0.4130879345603272
any,0.4712238484764808,1728,2272,46,0.41304347826086957
fences,0.5399451367721653,514,484,3917,0.4128159305591014
976,0.7510199535347396,40,15,281,0.4128113879003559
conveyed,0.46235471836697944,1122,2406,3251,0.4127960627499231
oak,0.4836068875615004,341,2092,3823,0.41276484436306565
located,0.6006105784431142,272,193,2385,0.4125786163522013
regular,0.44468624750024566,1012,2988,2159,0.412227883279296
turpentine,0.5501223968612173,179,682,3685,0.41221166892808686
metcalf,0.691732839223803,95,61,825,0.4121212121212121
director,0.5218879069398754,738,565,4167,0.41156707463402925
repairs,0.5421303353369734,569,386,3872,0.41141528925619836
perfidy,0.5670720503372142,73,606,3211,0.4113983182809094
exchange,0.44489681799778374,1698,2302,2319,0.4113842173350582
steady,0.48523843464866184,105,2252,3888,0.4112654320987654
benevolent,0.4699604233197277,99,2929,3497,0.4112096082356305
impressions,0.4876112515865543,291,2007,3928,0.4111507128309572
criminals,0.5395847582669998,266,717,3916,0.4108784473953013
huntingdon,0.6536772977641249,21,238,1363,0.41085840058694056
formation,0.5220616068849393,376,912,4167,0.41084713222942165
furnished,0.44533903027556876,1249,2751,2237,0.410818059901654
anne,0.5087091216289411,781,808,4191,0.4106418515867335
richest,0.5382743268275112,23,993,3937,0.41046482092964187
conditions,0.4487955939580579,1214,2786,2831,0.41045566937477923
politic,0.5027626657482165,849,877,4159,0.4104352007694157
sleigh,0.6522007725440431,66,198,1394,0.4103299856527977
lowest,0.4794340641162719,201,2342,3737,0.41022210329141023
lewis,0.4488512499762361,1519,2481,2817,0.410010649627263
deceived,0.46939172070932755,134,2860,3515,0.40995732574679944
binds,0.5944923794532746,74,412,2476,0.40993537964458804
nye,0.7392081302397294,74,11,444,0.4099099099099099
agents,0.444683662757552,2075,1925,2303,0.40990013026487193
military,0.4265348281944841,1640,2360,1259,0.40984908657664815
mothers,0.5465727590082655,45,836,3726,0.40982286634460546
devise,0.5126367356302632,755,749,4212,0.4097815764482431
miseries,0.49893204517939854,55,1768,4116,0.4096209912536443
connor,0.696029808878782,13,130,750,0.4093333333333333
penny,0.4768281983588534,1346,1304,3694,0.4093123984840282
divide,0.4701018842416134,736,2241,3528,0.409297052154195
levelled,0.5765284762382054,62,522,2881,0.4092329052412357
emit,0.6129171848166521,201,183,2009,0.4091587854654057
for,0.4962254240812214,1362,2638,22,0.4090909090909091
ferry,0.4605943115169942,1362,2200,3237,0.40902069817732467
keep,0.42119418401695674,904,3096,734,0.4087193460490463
turks,0.5100729970368115,43,1488,4206,0.4087018544935806
constitution,0.4221465848611668,1556,2444,465,0.40860215053763443
reach,0.4459622546162225,344,3656,2548,0.4085557299843014
tenant,0.4889703547345039,1430,791,3958,0.4085396664982314
daughter,0.4381107279825995,190,3810,1765,0.4084985835694051
intolerable,0.526281228420781,59,1122,4094,0.40840254030288226
georgia,0.4371962177758231,2454,1546,1663,0.40829825616355986
gaoler,0.5696712552178486,345,282,3056,0.40804973821989526
correspondence,0.4644789301875864,1141,2139,3366,0.4079025549613785
impression,0.46434692510695047,378,2919,3359,0.4078594819886871
demanded,0.4522603735697301,1093,2907,2987,0.4077669902912621
method,0.4363448342367611,525,3475,1598,0.4073842302878598
list,0.4458427766049762,1278,2722,2553,0.4073638856247552
clothing,0.5042112650952086,778,882,4183,0.4073631365049008
enriching,0.6810164642383221,7,169,928,0.4073275862068966
translated,0.5181992145924336,56,1285,4174,0.40704360325826544
warehouse,0.5589702355736993,461,270,3360,0.4068452380952381
constable,0.48819223276822055,1106,1101,3966,0.40670700958144224
constant,0.4434080092334438,273,3727,2120,0.4066037735849057
61,0.5008525190021501,889,850,4154,0.40659605199807414
goes,0.44589837919626024,456,3544,2652,0.40648567119155354
view,0.41995732922180656,721,3279,640,0.40625
admission,0.48978199720320137,747,1402,3983,0.4062264624654783
subordination,0.5348261878821546,72,974,3976,0.4061871227364185
contrive,0.5674875117173032,45,602,3127,0.4061400703549728
affect,0.46204873308480243,698,2714,3304,0.40587167070217917
connecticut,0.4345017291590949,2192,1808,1582,0.40581542351453853
part,0.4299047543821559,1252,2748,138,0.4057971014492754
150,0.47187862109453144,549,2298,3593,0.40578903423323126
cruelty,0.4573206263227107,163,3465,3213,0.4055399937752879
communication,0.4505392892896231,1017,2983,2932,0.40552523874488405
attracted,0.551607217420397,29,761,3519,0.405512929809605
rates,0.4504591466097824,2677,1323,2931,0.4053224155578301
sprung,0.5176172958589735,46,1299,4172,0.40532118887823587
congressional,0.6664987665828778,137,74,1113,0.4052111410601977
massachusetts,0.4260755490846877,2231,1769,1276,0.4051724137931034
longitude,0.5148340319183401,70,1345,4189,0.4051086178085462
applications,0.5006209373028676,538,1196,4160,0.4050480769230769
weekly,0.5505136187557046,230,577,3562,0.40482874789444134
overseers,0.4793557984222948,1859,626,3782,0.40481226864093073
extortion,0.605501381464799,80,327,2122,0.4048067860508954
grayson,0.5478242100495128,795,46,3644,0.40477497255762895
habits,0.46744869492911584,309,2735,3484,0.40470723306544204
esteem,0.44262043292581654,178,3822,2051,0.4046806435884934
orders,0.4252242564828782,1234,2766,1053,0.4045584045584046
preceeding,0.5507800706456417,263,536,3541,0.40440553515955946
security,0.4247922635880436,1668,2332,1103,0.4043517679057117
emerging,0.6664453985094844,5,206,1113,0.40431266846361186
european,0.4470937402856135,545,3455,2842,0.40429275158339195
depo,0.7905771380970127,33,5,193,0.40414507772020725
language,0.4296626514369552,362,3638,1404,0.40384615384615385
bayonets,0.5697806058982781,103,502,2969,0.40383967665880766
intending,0.5319280431378923,187,892,4003,0.40369722707969025
calamity,0.4859061807085182,160,2090,3951,0.40369526702100733
grievous,0.5145577963441663,115,1296,4189,0.4036762950584865
liquors,0.45867765005721306,1378,2108,3262,0.4034334763948498
furs,0.5794914393791404,123,411,2683,0.40327991054789414
distinctions,0.513723807726384,203,1229,4196,0.40324118207816967
expel,0.5753883952599689,114,453,2805,0.4032085561497326
flank,0.6152498335352071,26,329,1859,0.4029047875201721
restraint,0.48998689089261727,310,1687,4056,0.40285996055226825
weighty,0.5071726160584097,143,1405,4200,0.40285714285714286
proficiency,0.6332776886387242,17,293,1631,0.4028203556100552
repetition,0.5350123665127087,140,879,3934,0.40264361972547025
manifold,0.5849229153075041,25,481,2567,0.4024152707440592
clerk,0.4244174284491285,2955,1045,1188,0.40235690235690236
britons,0.5375181394048291,38,939,3910,0.4023017902813299
maize,0.6820492539558914,5,163,885,0.40225988700564974
traded,0.6780297877417398,38,137,920,0.40217391304347827
management,0.4606524906233511,621,2792,3303,0.4020587344838026
sometime,0.5323790570532504,116,948,3987,0.4020566842237271
spaight,0.5700268540682324,578,17,2925,0.40205128205128204
vigorous,0.4898639533540792,254,1789,4032,0.4020337301587302
brunswick,0.5197801608385154,296,966,4164,0.4020172910662824
yarn,0.5196190588635557,28,1236,4164,0.4020172910662824
imaginary,0.5189240144715901,115,1162,4167,0.4019678425725942
imports,0.4992958350301589,906,823,4160,0.40192307692307694
peaceable,0.4831722433784251,297,2003,3925,0.40152866242038215
consciousness,0.5175245670029778,37,1276,4170,0.4014388489208633
submission,0.45830532489525155,333,3145,3269,0.401345977363108
dissolve,0.5173603611899082,151,1169,4177,0.4012449126167106
lodgings,0.5339795739582617,64,963,3948,0.4012158054711246
jealousy,0.4667760432484233,440,2585,3497,0.4012010294538176
deal,0.44306555478024556,305,3695,2381,0.4010919781604368
partake,0.4996860042582474,88,1627,4159,0.40105794662178407
army,0.4186273904427415,1620,2380,601,0.40099833610648916
debate,0.44459483741475575,2314,1686,2651,0.4009807619766126
disposing,0.5403707251557036,334,575,3776,0.4009533898305085
exacted,0.6118463145431559,59,319,1978,0.40091001011122346
comprehend,0.4974054408674531,330,1428,4150,0.40072289156626506
scarce,0.4454127766010268,86,3914,2731,0.4005858659831564
partial,0.467491999069126,678,2267,3553,0.40050661412890515
discharged,0.4408688764732014,1973,2027,2077,0.4000962927298989
settled,0.4341551137271377,753,3247,1736,0.39976958525345624
contention,0.5268783259356205,93,1033,4050,0.3997530864197531
adventurers,0.5287894420902,130,971,4035,0.39975216852540274
succeeded,0.45087400985407183,181,3819,3038,0.3996050032916392
sloop,0.4242922888715808,154,3846,1104,0.39945652173913043
jackson,0.4803950616965683,1231,1143,3874,0.39932885906040266
direction,0.43882350924297303,849,3151,1974,0.39918946301925023
laurens,0.5039500544865976,1244,336,4199,0.39914265301262203
deputies,0.4565664533674467,1675,1887,3237,0.3991350015446401
submitted,0.4484184045244468,1664,2336,2944,0.399116847826087
carries,0.492274991510284,94,1804,4097,0.3990724920673664
directs,0.4962488817725331,302,1481,4141,0.3989374547210819
forcing,0.5671848835267755,61,549,2994,0.3984635938543754
lordship,0.4496078162270226,190,3810,2987,0.398393036491463
university,0.49297965913179104,248,1599,4110,0.39829683698296836
want,0.4200031665985645,674,3326,796,0.39824120603015073
functions,0.508951556880537,315,1170,4207,0.3981459472308058
declared,0.42411154310806937,1462,2538,1068,0.397940074906367
banished,0.5081030468729403,83,1409,4215,0.39786476868327403
naval,0.4426859575037765,2617,1383,2573,0.39759036144578314
earl,0.467348861771666,298,2618,3557,0.3975260050604442
seasons,0.47186230092825854,126,2539,3678,0.39749864056552475
resisting,0.5738621960923083,76,477,2755,0.397459165154265
anthony,0.4755093851663554,627,1867,3775,0.3973509933774834
thorough,0.5363590397023071,88,874,3881,0.3973202782787941
taverns,0.5973319482760683,171,272,2292,0.3970331588132635
corder,0.6965754774880772,106,19,660,0.396969696969697
evening,0.42402228965073935,83,3917,1071,0.3968253968253968
summary,0.5356049966126882,297,673,3894,0.3967642526964561
second,0.42076983639238397,1179,2821,489,0.3967280163599182
formal,0.5062146899850686,265,1243,4216,0.3963472485768501
ridge,0.5356905922881724,185,774,3877,0.3961826154242971
distilled,0.495289728703476,1127,665,4136,0.3960348162475822
guard,0.4349184767760445,621,3379,1813,0.39602868174296746
abstract,0.5230308533779063,331,829,4072,0.39587426326129665
unremitting,0.6156619017356059,17,327,1804,0.39578713968957874
commanded,0.43855948518832877,546,3454,1971,0.395738203957382
protestant,0.4792931369032013,97,2281,3872,0.3956611570247934
willington,0.7713671049977667,34,10,230,0.39565217391304347
grecian,0.5638437148041837,28,595,3041,0.3955935547517264
330,0.5982628169642843,228,200,2221,0.3953174245835209
begin,0.43771260265892453,349,3651,1989,0.3951734539969834
perceives,0.643192677180029,9,252,1375,0.39490909090909093
prosecute,0.4676986085693379,1728,1110,3601,0.394890308247709
contracting,0.5024812494112193,434,1131,4204,0.3948620361560419
voluntary,0.4824021651746836,529,1723,3952,0.39473684210526316
increasing,0.45964425243888807,562,2715,3367,0.3947133947133947
indications,0.5798286796510702,45,465,2587,0.39466563587166603
landing,0.4634705416819544,939,2184,3454,0.39461493920092644
promotion,0.5138515213157646,383,978,4174,0.3945855294681361
yielded,0.5037405521003324,155,1394,4197,0.3945675482487491
mankind,0.42337157695081495,156,3844,991,0.39455095862764883
suggestions,0.5520550355701743,134,608,3385,0.39438700147710487
express,0.43035658576545366,847,3153,1509,0.39430086149768057
prosecuting,0.5320911953671336,486,531,3935,0.39415501905972045
sincere,0.4423480315550498,300,3700,2546,0.3939512961508248
thereof,0.4236397445818006,2793,1207,358,0.39385474860335196
discontent,0.5161437794155638,169,1102,4165,0.3937575030012005
morgan,0.4891521412453884,668,1272,4094,0.3937469467513434
quantity,0.42290157152450647,886,3114,996,0.39357429718875503
earnestly,0.4479502673965999,462,3538,2981,0.3934921167393492
proprietors,0.43950838097246003,2725,1275,2204,0.3933756805807623
hes,0.6954076621970637,92,35,669,0.3931240657698057
presenting,0.5264252480360465,216,882,4037,0.39311369829081
ecclesiastical,0.48049200130694086,105,2189,3929,0.392975311784169
overturned,0.6017573785236147,31,375,2118,0.392823418319169
wheat,0.44301605887300166,491,3509,2732,0.39275256222547583
neighbors,0.5643287750523913,169,429,2939,0.3926505614154474
sentiment,0.44299642333153655,542,3458,2754,0.3925199709513435
nicholson,0.5114769548076781,203,1196,4184,0.3924474187380497
ambitious,0.4902320975490453,164,1712,4109,0.39230956437089315
becometh,0.6692676799589193,8,187,1028,0.39202334630350194
muslins,0.5704976890126566,23,530,2755,0.39201451905626133
contemplate,0.5057731438670946,264,1230,4212,0.39197530864197533
azores,0.7159904668269123,4,99,536,0.3917910447761194
unrelenting,0.609192442274702,12,360,1945,0.39177377892030846
required,0.4176517107010662,2427,1573,748,0.3917112299465241
messuage,0.46817757616180405,22,2745,3637,0.39153148199065163
grateful,0.45094338875209367,168,3597,3135,0.39138755980861245
brotherly,0.5555416349723731,12,684,3266,0.391304347826087
insensibly,0.5481915474342028,30,735,3458,0.39126662810873336
weigh,0.5147993074110202,269,1020,4166,0.3912626020163226
wines,0.48655293172674835,720,1328,4032,0.39112103174603174
began,0.42018906819548846,129,3871,1151,0.39096437880104257
forfeiting,0.5570065660972535,525,155,3213,0.39091192032368505
worst,0.46198486399107513,192,2874,3470,0.39077809798270896
serious,0.43864790640663465,518,3482,2138,0.39055191768007486
boots,0.562139224283056,79,557,3094,0.39043309631544926
77,0.4997464281517441,845,754,4186,0.3903487816531295
vendues,0.677263867578263,49,115,866,0.3903002309468822
representing,0.5049647057807038,432,1060,4215,0.3902728351126928
employer,0.656443981057358,66,164,1212,0.39026402640264024
vanished,0.55423611984967,16,696,3316,0.3902291917973462
newfoundland,0.5156317624821709,88,1162,4170,0.39016786570743406
illustrated,0.5418246768549471,52,792,3655,0.39015047879616965
independant,0.6066972846671798,55,328,2002,0.3901098901098901
endeavours,0.4426437476716127,229,3771,2767,0.38995301770870977
choose,0.4308019620341739,1021,2979,1749,0.389937106918239
365,0.5914257495857169,252,192,2298,0.38990426457789384
month,0.42112762903451234,1266,2734,990,0.3898989898989899
emperor,0.43888823491622014,225,3775,2420,0.3896694214876033
gov,0.5358766127470237,503,411,3786,0.3895932382461701
sued,0.48087004950129625,1611,622,3953,0.3895775360485707
thatcher,0.5401639309016613,730,130,3684,0.38952225841476656
powell,0.5605751405299843,165,481,3127,0.3895107131435881
deserving,0.5052928191349852,167,1312,4203,0.3894837021175351
distressed,0.46389975312876297,237,2696,3553,0.3892485223754574
interested,0.44553516766616785,1174,2826,2935,0.38909710391822827
consume,0.5352042372134058,162,760,3808,0.38891806722689076
made,0.41824505645646687,1321,2679,90,0.3888888888888889
where,0.42340629298882626,944,3056,126,0.3888888888888889
cows,0.5124603347762638,65,1274,4174,0.3888356492573071
spurned,0.6730768446742302,16,166,962,0.3887733887733888
convoy,0.5135928110410684,203,1110,4170,0.38872901678657074
beneficent,0.5624550912154019,27,589,3016,0.3885941644562334
distance,0.4220293865775407,296,3704,1279,0.3885848318999218
ideas,0.43785421170708794,499,3501,2168,0.38837638376383765
enlarge,0.506389283495732,248,1201,4202,0.38814850071394574
bottoms,0.533616967553146,228,717,3855,0.3880674448767834
universe,0.4675338967938441,75,2643,3664,0.38782751091703055
chuses,0.6444738702339222,11,236,1297,0.38781804163454126
gibraltar,0.5334001307536765,24,922,3859,0.3876651982378855
banishment,0.563481158249878,52,542,2923,0.3876154635648307
commission,0.4302251229986917,1352,2648,1730,0.3872832369942196
complicated,0.5303349063644437,103,894,3916,0.3868743615934627
ratio,0.5256990836845112,670,401,3993,0.38667668419734536
traitors,0.5423669452288347,116,702,3595,0.3866481223922114
sacrificing,0.5831363972256406,60,431,2499,0.3865546218487395
asia,0.4870791876102011,63,1871,4097,0.3863802782523798
forbidden,0.5033366214295748,217,1276,4211,0.3863690334837331
generals,0.49121822866951836,378,1417,4136,0.38636363636363635
42d,0.7350937499495244,10,65,391,0.38618925831202044
length,0.42089362171343336,380,3620,984,0.3861788617886179
tax,0.42101488968641393,2794,1206,1049,0.38608198284080075
inhabited,0.5031733989512377,111,1391,4209,0.3860774530767403
humbly,0.4554527678516891,586,2742,3344,0.3860645933014354
repeating,0.5443123395519883,93,686,3488,0.38589449541284404
moderate,0.4463745724181803,363,3573,3051,0.3857751556866601
reasonings,0.5367660234224941,82,804,3738,0.3857677902621723
swede,0.7325742008580749,7,76,433,0.3856812933025404
submitting,0.5424217367471708,161,645,3563,0.3856300870053326
laboring,0.6553717684751972,42,184,1193,0.38558256496227994
brandy,0.5032492230020953,211,1277,4212,0.3853276353276353
administration,0.4331807412512158,732,3268,1875,0.38506666666666667
remarks,0.4387665671981526,1026,2974,2613,0.3849980864906238
comptroller,0.4760049789026938,1040,1306,3894,0.38495120698510527
consisting,0.4383809464980808,1461,2539,2437,0.3848994665572425
tribute,0.48080273560239095,144,2028,3986,0.38484696437531357
variance,0.5720452869675366,143,386,2661,0.38481773769259675
lemons,0.6078383526488879,15,344,1882,0.3846971307120085
nays,0.44147237646301973,3467,533,2855,0.38458844133099823
fittest,0.6288525021940212,26,265,1537,0.3845152895250488
administered,0.47636349972971753,614,1724,3896,0.3844969199178645
unconscious,0.6002856608255868,14,389,2102,0.384395813510942
shorten,0.6125091715082411,34,306,1785,0.3843137254901961
prosecutor,0.5504189467898034,382,343,3344,0.38427033492822965
censured,0.558596567807529,56,587,3116,0.38414634146341464
pronounced,0.47343765155336265,282,2128,3845,0.38413524057217163
held,0.41755454097768885,1607,2393,789,0.3840304182509506
controuling,0.680476244181797,23,128,797,0.383939774153074
weakens,0.6672935912524505,11,180,1008,0.38392857142857145
weapon,0.5422552672922519,131,669,3545,0.3839210155148096
oned,0.6958296362904806,107,13,636,0.3836477987421384
advancement,0.5128127310875282,202,1074,4168,0.383637236084453
negroes,0.4393314278843174,903,3097,2692,0.3833580980683507
attacks,0.4942061148844612,273,1403,4171,0.38312155358427236
wentworth,0.5832465373904311,102,372,2426,0.3829348722176422
scandalous,0.5255280062189547,97,945,3970,0.38287153652392947
progressive,0.5635237378850297,96,480,2842,0.3828289936664321
leads,0.45392393288714666,215,3175,3307,0.382824312065316
137,0.5314155047698609,628,316,3855,0.38261997405966275
230,0.5506423217382621,243,462,3288,0.38260340632603407
whereon,0.48512832691039626,522,1443,4078,0.38254046101029915
nor,0.4218816937035729,667,3333,238,0.38235294117647056
stewart,0.5172211439107742,339,840,4092,0.38220918866080156
dreaded,0.5140672637532869,94,1138,4147,0.3822040028936581
irvine,0.5766868116463821,272,234,2567,0.38215816127775615
metals,0.556596054284044,176,477,3146,0.3820724729815639
wolcott,0.559583302950309,503,105,2982,0.38195841716968476
supplies,0.4373633089742192,1815,2185,2511,0.3819195539625647
reflections,0.45419986366285225,190,3126,3355,0.38181818181818183
used,0.41827802891593885,598,3402,901,0.38179800221975585
predecessors,0.5357358715087376,92,788,3724,0.3815789473684211
auction,0.5413301674357887,237,562,3541,0.3815306410618469
volume,0.47185761992981323,330,2117,3811,0.3815271582261874
lulled,0.6545698799695155,12,209,1164,0.38144329896907214
seditious,0.5277651281068467,171,839,3930,0.38142493638676844
generosity,0.4804442981085558,143,2012,3980,0.38140703517587937
reject,0.47108462751498975,502,1952,3808,0.38130252100840334
keeper,0.4516216321810386,1696,1782,3269,0.3811563169164882
witnessed,0.5319986558796159,80,850,3826,0.3810768426555149
aggrieved,0.5238068043702213,720,336,3984,0.3810240963855422
naples,0.5282833173192873,23,964,3914,0.3809402146142054
else,0.4324405821319351,315,3685,1922,0.3808532778355879
fired,0.457841048866156,140,2970,3459,0.38074588031222895
reference,0.45801477479565145,1449,1658,3459,0.38074588031222895
bergen,0.6012387961759917,200,194,2057,0.38065143412736996
controversy,0.4544582763663706,858,2417,3366,0.3805704099821747
parsons,0.5406236108565278,325,468,3524,0.380533484676504
edition,0.48534978820606484,250,1677,4097,0.38052233341469366
effectually,0.4388848896550127,796,3204,2742,0.38037928519328956
pasting,0.7847665676520812,24,7,142,0.38028169014084506
exception,0.47248701377186947,872,1492,3879,0.3802526424336169
let,0.41966554960467856,296,3704,242,0.38016528925619836
exactness,0.5609654680088532,28,556,2881,0.38007636237417564
destination,0.5378716395809371,169,678,3661,0.3799508331057088
favourable,0.44406587930707153,155,3845,3011,0.3799402191962803
value,0.4185755144874389,1831,2169,874,0.37986270022883295
details,0.5521479582157494,263,409,3203,0.37964408367155794
rts,0.7155957775198514,65,32,506,0.3794466403162055
quarrel,0.49228353189737856,152,1545,4161,0.37923576063446285
salem,0.444120620717559,902,3095,3038,0.37919684002633314
thanked,0.5383473964040577,29,801,3618,0.37893864013267
year,0.41957560320811516,1733,2267,301,0.3787375415282392
managers,0.4559902227167594,1101,2056,3438,0.3787085514834206
noes,0.49339749541898065,1527,120,4179,0.3785594639865997
oppress,0.5128778726218551,136,1094,4145,0.37852834740651387
obligations,0.44567896361887277,696,3150,3099,0.37850919651500486
fortitude,0.46381409245949107,88,2705,3620,0.3784530386740331
presented,0.4267058470785855,1420,2580,1620,0.37839506172839504
prevalence,0.5387098748832398,40,770,3574,0.3782876329043089
claiborne,0.579715758147037,458,26,2467,0.3781921361978111
indians,0.4144159897808195,968,3032,788,0.37817258883248733
interwoven,0.578673666742897,43,452,2515,0.37813121272365807
bind,0.4583910976508305,891,2082,3534,0.37804187889077534
please,0.4266016642541287,310,3690,1593,0.37790332705586943
pemberton,0.5607820689685337,52,527,2858,0.37788663400979705
course,0.4146258562608756,888,3112,757,0.37780713342140027
shou,0.5509413612292035,21,653,3206,0.3777292576419214
blacks,0.5379087022093776,143,690,3622,0.37769188293760353
valentine,0.576371628561483,41,460,2542,0.3776553894571204
nevertheless,0.43717546656697837,1305,2695,2582,0.3772269558481797
exhibiting,0.5345764498470871,221,653,3720,0.37661290322580643
infirm,0.5611653992603213,111,459,2820,0.37659574468085105
570,0.6623763629708311,111,83,1025,0.37658536585365854
design,0.41863083287161323,284,3716,1243,0.37650844730490746
warriors,0.49549422433235285,99,1473,4202,0.37648738695859113
occasionally,0.48565785768308317,153,1729,4105,0.3763702801461632
rapidity,0.5298597831482958,43,880,3813,0.3763440860215054
boats,0.4439791843415957,701,3226,3057,0.37618580307491006
makers,0.5348027633804602,103,764,3703,0.3759114231704024
arithmetic,0.5585107746967617,48,545,2919,0.3758136348064406
roberts,0.5070677275938915,110,1227,4176,0.3757183908045977
eastern,0.4364080928939906,1318,2682,2643,0.3757094211123723
du,0.4644229809428696,1222,1427,3693,0.37557541294340646
stores,0.4360420881909986,1535,2465,2250,0.37555555555555553
latitude,0.44473105533742613,594,3233,3103,0.37544311956171444
lived,0.42710852941739746,169,3831,1766,0.3754246885617214
collect,0.4588152274429675,978,1930,3564,0.37542087542087543
proved,0.4251604644259478,948,3052,1500,0.37533333333333335
carefully,0.43843512273682506,576,3424,2859,0.3753060510668066
pamphlets,0.5803954014646905,47,424,2411,0.3749481542928246
individual,0.4308720058123606,1485,2515,2022,0.37487636003956476
demand,0.426123460035166,1737,2263,1617,0.3747680890538033
kingdoms,0.4625740431921269,96,2671,3637,0.37475941710200716
animate,0.5269617610883076,36,932,3890,0.3745501285347044
aspersions,0.6350526074210006,14,242,1349,0.374351371386212
deaf,0.5302358056088496,53,858,3780,0.37433862433862436
houses,0.4175894377222923,1119,2881,895,0.3743016759776536
undecided,0.6935270404539771,34,85,628,0.37420382165605093
attend,0.41766847241699,1116,2884,1093,0.37419945105215
denounces,0.7225973198138125,16,73,465,0.3741935483870968
weights,0.5159843058946916,596,559,4066,0.37407771765863257
jure,0.6608619288205486,66,130,1035,0.3739130434782609
honesty,0.48549530648040745,113,1731,4114,0.37384540593096743
walter,0.4939417583804667,604,978,4197,0.3738384560400286
ample,0.45508277951034093,761,2346,3459,0.3738074588031223
dictates,0.4797632123876919,125,1952,4030,0.373697270471464
what,0.4315198296268992,549,3451,83,0.37349397590361444
630,0.6760241258976708,75,75,793,0.37326607818411095
bought,0.4548098175680812,513,2560,3465,0.37316017316017314
commute,0.7426189508928431,29,23,268,0.373134328358209
donation,0.5576218627081285,206,381,2893,0.3729692360871068
capable,0.4264719754980868,690,3310,1763,0.37266023823028926
bundles,0.6053784493019269,54,300,1855,0.3725067385444744
roman,0.43505143238043725,222,3778,2564,0.37246489859594384
balanced,0.6112126427475608,65,265,1732,0.37240184757505773
balances,0.49630491500588764,1134,374,4216,0.3723908918406072
remarkably,0.47302032437248936,37,2208,3953,0.3723754110801923
analysis,0.6579194084584139,22,177,1053,0.37226970560303896
spend,0.4722288949166419,122,2162,3936,0.3722052845528455
their,0.4874700262419497,790,3210,43,0.37209302325581395
families,0.431943134856012,530,3470,2085,0.37170263788968827
ingenuity,0.5059697622936974,158,1169,4174,0.3713464302827024
hancock,0.49637656013261755,801,703,4212,0.37132003798670465
inspire,0.47625620201910607,114,2044,3986,0.37104867034621175
americans,0.43211105595935545,241,3759,2173,0.3709157846295444
even,0.41813050163948284,367,3633,302,0.3708609271523179
limited,0.433248973247036,2026,1974,2284,0.37084063047285465
385,0.6010452503859015,242,139,1993,0.37079779227295534
seizing,0.5198203155609604,245,823,3991,0.37058381358055625
transporting,0.5330877027157215,336,529,3698,0.37047052460789615
spaniards,0.45387941732407294,140,2976,3456,0.37037037037037035
performed,0.43420245022849796,906,3094,2214,0.37037037037037035
suggests,0.583754962909692,107,333,2279,0.3703378674857394
peculiarity,0.6104506950111759,57,271,1723,0.3702843876958793
contingent,0.5087038146196949,1001,250,4167,0.3700503959683225
anticipated,0.548415388995585,137,534,3197,0.37003440725680325
agreed,0.41607708259910925,2175,1825,981,0.37003058103975534
eldest,0.491840100663053,255,1365,4185,0.36989247311827955
views,0.431566083097079,739,3261,2093,0.36980410893454374
purest,0.5249197712561047,57,909,3884,0.36972193614830073
shewn,0.43621004817661346,258,3742,2800,0.36964285714285716
success,0.41965182616566676,324,3676,1372,0.369533527696793
making,0.4110344535073475,1607,2393,636,0.3694968553459119
gunpowder,0.5332530310901094,148,705,3670,0.3694822888283379
turbulent,0.5483331203605977,52,615,3186,0.369428750784683
disputed,0.5124040308404615,220,968,4108,0.3692794547224927
skins,0.48971684946321864,272,1400,4175,0.36910179640718566
interview,0.4964954503788614,88,1390,4205,0.3690844233055886
forget,0.4355792050787221,127,3873,2718,0.36902133922001473
committed,0.414821056884911,1953,2047,903,0.3687707641196013
1710,0.6638370623091471,35,137,909,0.36853685368536854
ponds,0.5667465254975628,160,358,2616,0.36850152905198774
gaols,0.6065987659569761,272,70,1793,0.36809815950920244
whiting,0.6201914624990941,116,180,1565,0.3680511182108626
994,0.7355322426341203,43,15,299,0.36789297658862874
distinction,0.432752119367177,561,3439,2493,0.3678299237866025
distressing,0.49112507898247165,129,1474,4187,0.36780511105803676
fraud,0.4628212052196576,983,1591,3726,0.36741814278046164
appear,0.4136799596611559,1240,2760,539,0.3673469387755102
firelock,0.639191424906141,71,168,1258,0.3672496025437202
partiality,0.48225194533913607,448,1440,4107,0.36717798879961044
intimate,0.4842758619030793,148,1676,4116,0.36710398445092324
capitol,0.6249791150315634,90,191,1482,0.36707152496626183
pay,0.41503000880542384,2340,1660,297,0.367003367003367
directly,0.43171807153463637,477,3523,2330,0.3669527896995708
clemency,0.5564764009554803,44,529,2832,0.3668785310734463
removed,0.42418716476285795,1149,2851,1543,0.3668178872326636
ezra,0.5442387254449071,369,337,3294,0.36672738312082576
efficient,0.522094066502559,283,712,3916,0.36670071501532175
juridical,0.7178733773951477,26,56,431,0.3665893271461717
arrest,0.48019412734530614,944,992,4098,0.3665202537823328
proprietor,0.4623090678654918,1496,1078,3726,0.3663446054750403
alter,0.4355424205031133,2043,1957,2859,0.36621196222455404
port,0.4154631899203219,1443,2557,986,0.3661257606490872
telling,0.47542107205715184,78,2029,4018,0.3661025385764062
temporary,0.44666262342710383,1212,2267,3267,0.36608509335782063
devising,0.610916292890833,139,182,1683,0.3660130718954248
reached,0.4485407878195272,119,3271,3307,0.3658905352283036
inserting,0.5298385119662518,608,267,3718,0.3657880580957504
ridiculous,0.472208659375358,134,2047,3983,0.36530253577705246
contented,0.4803050419686736,126,1792,4096,0.365234375
right,0.41569726027147985,1133,2867,293,0.3651877133105802
trader,0.5432150522297465,209,488,3267,0.36516681971227427
successively,0.518480009814019,277,770,3977,0.3650993210963037
combined,0.4821033158851434,246,1620,4114,0.36509479824987845
richmond,0.5035701810402297,380,946,4177,0.36509456547761554
hours,0.4181827388616304,412,3588,1348,0.3649851632047478
imprisonment,0.46677839882885713,891,1534,3832,0.36482254697286015
displaying,0.5901726073099894,21,379,2087,0.364638236703402
chearfully,0.5272338816076602,48,856,3771,0.36462476796605675
wilkinson,0.5577072884390463,126,425,2745,0.36429872495446264
obeyed,0.4881426989058081,140,1553,4161,0.36409516943042536
boldly,0.49603282605182847,58,1395,4200,0.36404761904761906
benefits,0.44911389175670835,677,2576,3368,0.3640142517814727
desisted,0.6728234848855636,3,156,838,0.3639618138424821
nearer,0.4582175807751739,165,2612,3633,0.36388659510046795
parliaments,0.5222553381762247,35,936,3896,0.3637063655030801
plans,0.46829517484275374,638,1665,3923,0.3634973234769309
marque,0.5240167556039806,353,578,3827,0.3634700810033969
seaman,0.520467571958594,467,547,3932,0.36342828077314343
reflects,0.5678991298685778,16,487,2551,0.3633869070952568
forage,0.5144851236874122,806,309,4040,0.36336633663366336
projects,0.5230697539919803,106,843,3862,0.36328327291558776
wrote,0.4284905486921981,210,3790,2076,0.3631984585741811
days,0.41325911571468993,889,3111,375,0.3626666666666667
settlements,0.44834892590604586,669,2641,3356,0.3626340882002384
distinguished,0.4275481583581608,286,3714,2060,0.36262135922330097
innovation,0.5553469312145969,89,479,2812,0.36237553342816503
inst,0.4423772200750254,328,3458,3122,0.36226777706598334
pull,0.51421453046731,136,975,4039,0.36221837088388215
sumner,0.6250650505193388,128,145,1436,0.362116991643454
failure,0.48256366615054375,1023,802,4115,0.362089914945322
schuylkill,0.4864720342422991,36,1666,4162,0.3620855358000961
thankfully,0.5803260914212484,9,431,2279,0.362000877577885
485,0.6234668789197269,194,88,1489,0.36198791134989927
rutledge,0.4897559704906902,1389,196,4194,0.36194563662374823
efficacy,0.4895333909474687,200,1412,4187,0.36183424886553617
susceptible,0.5235260113883182,127,799,3824,0.36166317991631797
sherman,0.4674844683636097,2129,202,3905,0.3615877080665813
receive,0.41297856037379443,1498,2502,520,0.36153846153846153
threatened,0.4545483154912973,280,2595,3582,0.36152987158012284
elias,0.5151668623207573,532,553,4013,0.3613256915026165
inspection,0.4694364854236364,834,1392,3955,0.361314791403287
inhuman,0.51696749149858,59,1009,3991,0.36131295414683035
able,0.4102520669765769,752,3248,764,0.3612565445026178
enslaved,0.5422681660095747,54,640,3259,0.3611537281374655
confirms,0.5443394690555904,53,616,3193,0.3611024115252114
signify,0.4899090708430108,306,1253,4205,0.36099881093935793
event,0.4262343146166907,566,3434,1892,0.3609936575052854
jeremiah,0.47100467405955193,941,1224,3986,0.36076266934269946
holden,0.4465628728974963,2638,779,3302,0.36069049061175046
stead,0.48264357446840156,609,1193,4136,0.36049323017408125
desks,0.6904244796212556,10,105,605,0.3603305785123967
durable,0.5326773370805513,115,698,3583,0.36031258721741555
rated,0.5085611938236011,837,358,4111,0.36025297981026516
consider,0.41218719765106976,928,3072,797,0.3601003764115433
baker,0.4849810691940221,508,1234,4160,0.35985576923076923
goods,0.4093562337986766,1880,2120,620,0.3596774193548387
whence,0.4259474225532182,535,3465,1899,0.3596629805160611
likewise,0.41424844609781264,390,3610,1079,0.35959221501390176
stratton,0.7334172298603047,28,29,292,0.3595890410958904
disabled,0.494058843521446,913,553,4208,0.3595532319391635
germans,0.5332445442106194,53,739,3525,0.35943262411347515
44,0.45122200948751695,1129,1887,3500,0.35942857142857143
soap,0.5323122305998177,76,735,3578,0.35941866964784797
communications,0.4833620503909474,806,960,4149,0.35936370209689084
violently,0.5141336553684305,54,1045,4034,0.3591968269707486
coast,0.4287772444677675,469,3531,2247,0.35870048954161105
experience,0.4174739420809406,622,3378,1358,0.3586156111929308
doz,0.6561782670314621,17,173,1004,0.35856573705179284
chiefs,0.4752392475261162,149,1824,4075,0.3585276073619632
invaders,0.5892946684491233,31,367,2073,0.35841775205016885
convenient,0.4230240164856688,1270,2730,1675,0.3582089552238806
ition,0.6714893454492104,130,22,804,0.3582089552238806
encouragement,0.4290282750336852,889,3111,2413,0.3580605055946954
idea,0.41374377194999407,790,3210,1229,0.3580146460537022
prudently,0.5707713410879027,29,451,2450,0.3579591836734694
paymaster,0.501397551838192,1065,242,4169,0.3578795874310386
eady,0.7719226272812043,18,8,109,0.3577981651376147
association,0.4685504162522069,306,1897,3969,0.35777273872511967
cxc,0.7445971630776334,41,4,232,0.3577586206896552
preparations,0.4764304918032908,198,1739,4095,0.35775335775335776
pursuit,0.4440120902590991,309,3218,3251,0.3577360812057828
nichols,0.5895143325505287,222,174,2066,0.3576960309777348
adhering,0.5485197751313686,169,431,2947,0.3576518493383101
denomination,0.4722237578414306,555,1530,4024,0.3576043737574553
negociation,0.49192507946441866,97,1398,4209,0.3573295319553338
interval,0.5027172293432564,129,1139,4162,0.3570398846708313
delude,0.642363042908108,16,200,1140,0.3570175438596491
abdicated,0.6999811965929755,13,92,547,0.35648994515539306
oftener,0.5278908041175474,220,636,3676,0.3563656147986942
prelude,0.6232211619131097,14,260,1443,0.3562023562023562
asa,0.5830970577734922,255,161,2162,0.3561517113783534
cattle,0.4274551408819643,1176,2824,2300,0.3560869565217391
fertile,0.4818248335307572,79,1711,4137,0.3560551124002901
indignation,0.4520921806034125,181,2722,3567,0.35576114381833474
clandestine,0.6001974320102397,51,301,1844,0.3557483731019523
valuation,0.4872082427379892,1400,225,4181,0.35565654149724946
proportionable,0.5368779818271016,238,502,3382,0.35541099940863397
reflected,0.5044016386199097,77,1148,4143,0.3552980931692011
wallace,0.5290740384842294,82,749,3620,0.3552486187845304
arose,0.4373427187956284,602,3398,3032,0.35521108179419525
persuasion,0.4814217077442119,137,1654,4136,0.355174081237911
still,0.41008249263905217,324,3676,414,0.35507246376811596
shut,0.43609629547853457,236,3764,2969,0.35500168406871
flattered,0.5144454255010306,65,997,3985,0.3548306148055207
side,0.40829941915205475,379,3621,623,0.3547351524879615
retaining,0.5312454846987458,306,491,3533,0.35465609963204076
reason,0.4099928698158016,573,3427,409,0.3545232273838631
thank,0.44864395681147645,110,3013,3454,0.35437174290677476
adultery,0.5250457122990523,150,728,3720,0.3543010752688172
subjects,0.4135391480848517,624,3376,864,0.3541666666666667
mines,0.5007984605085688,155,1132,4165,0.35414165666266506
indiscriminately,0.5643437002389385,84,415,2533,0.3541255428345835
punished,0.44023528005275586,938,2767,3150,0.353968253968254
ambition,0.4302487956625687,254,3746,2670,0.3539325842696629
reflecting,0.5072654147538568,65,1113,4092,0.35386119257087
events,0.427172132131836,459,3541,2244,0.3538324420677362
expressions,0.44310682313748484,371,3192,3236,0.353831891223733
reputed,0.531957692616623,281,500,3495,0.3536480686695279
severed,0.6455935845416996,9,199,1100,0.35363636363636364
pond,0.49232186709709336,437,1022,4206,0.3535425582501189
knives,0.495232778405416,23,1393,4190,0.35346062052505967
inflicts,0.6710531501789107,11,137,781,0.353393085787452
instance,0.41760700966217706,689,3311,1418,0.3533145275035261
instant,0.4135872503183267,566,3434,1053,0.35327635327635326
be,0.5006777367100457,1555,2445,17,0.35294117647058826
lawful,0.41294847394991274,2698,1302,1125,0.35288888888888886
inhumanity,0.587735410356105,20,376,2066,0.3528557599225557
beer,0.4783196492459262,315,1535,4113,0.3527838560661318
removal,0.43439515533346457,1947,2053,2954,0.3527420446851727
composing,0.5453211814750153,157,458,3011,0.3527067419461973
porto,0.5949450697079389,5,357,1897,0.3526620980495519
comparison,0.4559997700891266,344,2263,3708,0.35248112189859765
captains,0.439751294065354,983,2728,3152,0.3524746192893401
disentangle,0.7715929669509093,3,25,122,0.3524590163934426
widows,0.4868737384755158,611,965,4198,0.3523106241067175
need,0.41743425436923365,496,3504,1415,0.3519434628975265
anxious,0.4405383234652138,395,3264,3194,0.3519098309329994
correct,0.4537613824320072,642,2100,3646,0.3518924849149753
resistance,0.45433393430562447,280,2448,3661,0.35181644359464626
resident,0.47299295233505123,1145,804,4085,0.35177478580171356
disappointed,0.46087338602852834,175,2267,3813,0.35169158143194335
surveyed,0.49629331420104333,627,741,4177,0.3516878142207326
western,0.42457538872679607,1380,2620,2005,0.3516209476309227
sailors,0.4727160049961384,307,1641,4086,0.35144395496818404
davidson,0.5500886387159168,49,519,2812,0.35135135135135137
literature,0.4913570379259304,126,1328,4204,0.35133206470028544
pamphlet,0.49538792035524587,142,1243,4182,0.3512673362027738
indiscriminate,0.609697637282642,49,255,1603,0.3512164691203993
ready,0.4125763614544228,589,3411,1034,0.35106382978723405
heinous,0.5538531918513033,41,499,2709,0.35105204872646734
abundant,0.4914892950089533,93,1359,4202,0.3510233222275107
licence,0.4674125411863514,1345,831,3986,0.35097842448569994
surpasses,0.6604837353480093,9,160,889,0.35095613048368957
destructive,0.4527180144164308,237,2567,3619,0.35092567007460623
acknowledged,0.42713111563779854,969,3031,2374,0.35088458298230835
spanish,0.42685278744650373,632,3368,2414,0.3508699254349627
hessian,0.6026013517766504,31,304,1756,0.35079726651480636
plundered,0.5115682996268259,102,997,4034,0.35076846802181455
repealed,0.4279760799922778,2872,1128,2647,0.3505855685681904
largest,0.48798853126046965,165,1366,4206,0.35045173561578696
489,0.6534609285977018,152,39,1008,0.3501984126984127
embarkation,0.5928507724828157,45,320,1911,0.3500784929356358
theodorus,0.6688035261573184,108,45,806,0.34987593052109184
position,0.45119556367850433,593,2280,3582,0.3498045784477945
culpable,0.5771212065405654,58,377,2253,0.3497558810474922
concerned,0.42391119104585895,981,3019,1990,0.349748743718593
enumeration,0.5006814657008855,747,497,4163,0.3497477780446793
accustomed,0.44012650637654127,255,3394,3194,0.34971822166562305
allison,0.5650780639478765,37,452,2488,0.3496784565916399
confinement,0.46333638209094313,414,1914,3908,0.34953940634595704
station,0.42879691054357283,342,3658,2678,0.34951456310679613
loaf,0.49580040971698874,173,1189,4175,0.34946107784431135
overt,0.5934929723629554,147,210,1872,0.34935897435897434
doing,0.41869188055329354,810,3190,1500,0.34933333333333333
viewing,0.5163399420181308,168,819,3914,0.34925907000510986
alliance,0.4401608606125006,863,2728,3227,0.3492407809110629
indigent,0.5430496033244983,129,501,3071,0.34907196352979486
frederica,0.6768135978452422,66,65,691,0.34876989869753977
periods,0.46052703069477935,546,1878,3834,0.34872196139801775
elsewhere,0.4666911890879494,593,1571,3988,0.3485456369107322
defrauding,0.7062147352449964,28,65,485,0.34845360824742266
emigrants,0.5230227895281694,189,682,3708,0.3484358144552319
114,0.5344803681630151,324,411,3367,0.3483813483813484
indulge,0.4612629947551855,156,2207,3879,0.3482856406290281
proportionably,0.5377149149582529,204,484,3239,0.34825563445507873
handed,0.5016439327395497,127,1092,4141,0.3482250664090799
forgotten,0.4572245597084041,212,2272,3781,0.3480560698227982
flour,0.4269008808401562,1385,2615,2471,0.3480372318899231
caprice,0.52171285601803,96,788,3739,0.34795399839529284
remitted,0.53134116809463,437,322,3443,0.3479523671216962
apportionment,0.5426279099501308,554,81,3090,0.3478964401294498
quarrels,0.5285188084934287,120,677,3533,0.34786300594395697
heifer,0.6228164658069015,48,205,1331,0.3478587528174305
other,0.43664050767902385,1312,2688,69,0.34782608695652173
extending,0.44363977226666923,975,2342,3353,0.347748285117805
iii,0.4093488566616216,1682,2318,1162,0.3476764199655766
unqualified,0.590659743180618,82,287,1930,0.3476683937823834
medium,0.45926493186389195,402,2036,3818,0.34756416972236776
coin,0.46513340091329514,1420,774,3974,0.3475088072471062
fixing,0.4807518445731117,792,941,4159,0.34743928829045445
487,0.630368805580625,188,50,1255,0.34741035856573704
professor,0.5110283624684603,96,993,4020,0.3472636815920398
compose,0.47855946552407636,323,1476,4133,0.3472054197919187
retain,0.4409882688108859,1138,2363,3255,0.34715821812596004
comprehension,0.6008269097654656,26,312,1772,0.34706546275395034
instituted,0.4679925149298451,466,1633,4014,0.3470353761833582
forfeiture,0.46157768415034933,1764,589,3888,0.3469650205761317
hogs,0.4946869180042462,423,946,4177,0.34689968877184585
humanity,0.42508955751236227,339,3661,2116,0.34688090737240074
debtor,0.4447748323981015,2386,805,3418,0.34669397308367467
compensation,0.425167465622234,2601,1399,2395,0.3465553235908142
livingston,0.4518306402905989,1980,771,3644,0.34632272228320526
choosing,0.4688633966006354,522,1507,4046,0.3462679189322788
passengers,0.45186958369548136,384,2374,3645,0.34622770919067214
inhabitant,0.44982060140292096,1689,1182,3579,0.3461860854987427
wright,0.4829970164997955,545,1095,4177,0.3461814699545128
hudson,0.47504225115568854,480,1361,4114,0.34613514827418573
deposit,0.5254313203364064,274,553,3612,0.34606866002214837
defenceless,0.5330396056446232,104,637,3384,0.3460401891252955
sheriffs,0.4522922989326796,1751,960,3662,0.3459858001092299
fervent,0.5004509847848512,49,1179,4146,0.3458755426917511
hillhouse,0.5487236345456207,522,32,2763,0.34563879840752804
equality,0.4509916071605782,894,1913,3617,0.3455902681780481
imperceptibly,0.6091024892397423,17,280,1566,0.3454661558109834
legible,0.6408953654691674,64,144,1100,0.34545454545454546
719,0.7100244729055402,62,22,440,0.34545454545454546
wars,0.4436768313516471,338,2899,3384,0.34544917257683216
commentary,0.6357204269669089,30,190,1161,0.3453919035314384
valid,0.46146501415900965,1654,658,3915,0.34533844189016605
gilman,0.5178660879688742,813,116,3824,0.34518828451882844
serves,0.49582668139885977,106,1218,4173,0.34507548526240117
which,0.48261919203888837,839,3161,29,0.3448275862068966
byrd,0.6964829818624139,25,75,525,0.34476190476190477
descendants,0.5143709426980294,101,891,3916,0.3447395301327886
repeal,0.43674335898132266,1736,2031,3133,0.34471752314075965
natu,0.7386693901792478,25,21,238,0.3445378151260504
occurrences,0.5267659511285078,60,739,3541,0.3442530358655747
heartily,0.4629392886881409,94,2159,3948,0.34422492401215804
654,0.7113615296011073,57,26,433,0.3441108545034642
volumes,0.4838972648529589,140,1422,4208,0.344106463878327
conditioned,0.5290309138164596,580,189,3471,0.3439930855661193
hampton,0.5198243040466763,258,634,3748,0.34391675560298823
misled,0.543695547976636,61,528,2902,0.3439007580978635
fraternal,0.5877803340028414,22,352,1957,0.3438937148696985
declarations,0.4841873214129492,370,1200,4202,0.3438838648262732
foregoing,0.42824682605758874,1512,2488,2865,0.343804537521815
from,0.4830510821211872,947,3053,32,0.34375
fitted,0.4592458348876472,368,2011,3870,0.3434108527131783
fortifications,0.48938490700560006,779,677,4205,0.34340071343638523
judiciously,0.5794216807115791,29,384,2147,0.34326967862133206
manners,0.42209216227377855,176,3824,1906,0.34312696747114374
ruler,0.48301948443744014,58,1540,4191,0.3431162013839179
dislike,0.5155479604805583,87,874,3877,0.3430487490327573
imprudently,0.6347187933070491,15,202,1144,0.34265734265734266
leading,0.4242978383670626,640,3360,2439,0.34235342353423537
espouse,0.588291677593479,24,341,1911,0.34222919937205654
elizabeth,0.4246636158752454,696,3304,2636,0.34218512898330805
suffolk,0.49538333387503164,631,686,4174,0.34211787254432197
generally,0.40974935762925746,530,3470,933,0.34190782422293675
commemorate,0.5914577607225606,5,343,1825,0.34136986301369865
suppressed,0.5213782533998732,114,737,3664,0.3411572052401747
richardson,0.5142767317504381,221,751,3899,0.34111310592459604
quietly,0.5051821452769137,98,1047,4050,0.34098765432098765
plunge,0.5238190452328408,37,779,3588,0.34085841694537344
intreat,0.5246066288530011,18,790,3565,0.34081346423562414
inculcating,0.6751742041593253,10,127,725,0.3406896551724138
camden,0.5696246726629184,126,324,2322,0.3406546080964686
employed,0.4093077707645398,1293,2707,1040,0.3403846153846154
execute,0.4229826777970867,2321,1679,2133,0.340365682137834
mizen,0.6207998409612706,4,246,1317,0.340167046317388
retire,0.44827886168843395,249,2574,3611,0.3400720022154528
newbury,0.5129593188729344,381,611,3916,0.3398876404494382
whereas,0.4077171580534828,2039,1961,883,0.33975084937712347
espoused,0.5723532097001407,46,387,2240,0.33973214285714287
grand jury,0.5022408030397271,553,615,4084,0.3396180215475024
unwearied,0.5395503055846067,21,604,3048,0.3395669291338583
keepers,0.5069777286729491,582,514,4031,0.33936988340362195
listen,0.4672841809437072,116,1894,4052,0.3393385982230997
increased,0.4234501485055819,667,3333,2185,0.3391304347826087
invented,0.4948175736388827,92,1207,4167,0.3390928725701944
estimate,0.4426694973759271,1674,1538,3401,0.33901793590120555
flourish,0.49576468713995464,48,1225,4165,0.339015606242497
acknowledgments,0.5192562617592142,120,755,3718,0.3388918773534158
covenanted,0.6161345074008637,90,163,1331,0.33884297520661155
trading,0.47238196324733606,489,1344,4113,0.3386822270848529
phrases,0.5557712505514757,71,433,2557,0.3386781384434885
trifling,0.4456329207298061,328,2606,3554,0.3384918401800788
implied,0.48342492400142106,416,1118,4204,0.3384871550903901
agreeably,0.42401463874063866,2180,1820,2574,0.3383838383838384
discouraging,0.5780417713946429,46,364,2137,0.33785680861020123
cultivation,0.4646593849190721,193,1901,4017,0.3378142892706
accumulation,0.5449217148845482,100,459,2774,0.3377793799567412
citizen,0.4202741175616298,1466,2534,1914,0.3375130616509927
superintendant,0.4793474086128901,1338,342,4166,0.3374939990398464
declaration,0.4196592795085033,1560,2440,1858,0.33745963401506995
dared,0.49190521408049404,87,1259,4176,0.3371647509578544
suffrages,0.5446790375714389,59,500,2774,0.3370583994232156
explaining,0.5293064901330019,182,556,3374,0.3369887374036752
unequal,0.46859389013028124,541,1372,4093,0.33691668702663086
traffic,0.520984309753376,131,703,3627,0.33664185277088504
statesmen,0.5384886720231743,45,580,3048,0.33661417322834647
entire,0.43322158326942567,909,2902,3111,0.3365477338476374
conformity,0.45975262433652253,673,1567,3955,0.33653603034134005
restored,0.4312972219388141,478,3522,3023,0.33642077406549786
finally,0.4227721782228021,966,3034,2390,0.3364016736401674
ix,0.43074235916154874,1867,2133,3000,0.3363333333333333
impri,0.7484821588882972,40,3,223,0.336322869955157
arrived,0.40416839948031336,170,3830,794,0.336272040302267
marched,0.4473498322565725,285,2526,3614,0.3361925843940232
warehouses,0.5367768587585637,441,214,3153,0.33618775769108783
wishing,0.4883170242286513,204,1228,4196,0.33603431839847475
blount,0.4716536845446338,1689,145,4117,0.3359242166626184
encomium,0.6661485948939158,11,136,774,0.3359173126614987
versailles,0.5248719929260479,329,450,3488,0.3357224770642202
talents,0.4261656307346846,321,3679,2821,0.33569656150301314
privateering,0.6599466667370446,64,97,849,0.33568904593639576
71,0.47387417122367786,911,856,4147,0.3356643356643357
produced,0.4116694535158975,1011,2989,1338,0.33557548579970103
attacked,0.43771849809427876,284,3199,3264,0.33547794117647056
empire,0.41969378674901187,284,3716,1914,0.335423197492163
millions,0.42214989010488296,1056,2944,2180,0.33532110091743117
residence,0.4327658750771459,1059,2810,3090,0.3352750809061489
substantial,0.48044614407223796,339,1272,4186,0.33516483516483514
imprudent,0.5193614970134729,108,745,3670,0.335149863760218
lend,0.4744812739826882,395,1352,4156,0.33493743984600577
interruption,0.4939586589576158,188,1098,4166,0.33485357657225157
assisting,0.4990758679801106,290,896,4105,0.3347137637028015
freeholders,0.43729929545652113,2235,1297,3248,0.33466748768472904
heirs,0.4195547630896926,2529,1471,1877,0.3345764517847629
pleased,0.41026892818211075,377,3623,1345,0.3345724907063197
while,0.40961679926477634,316,3684,323,0.33436532507739936
elaborate,0.6243911121385058,30,206,1245,0.334136546184739
proofs,0.4390243809689431,627,2717,3337,0.3341324543002697
candour,0.4791416276176562,60,1593,4181,0.3341305907677589
point,0.4041542484858655,999,3001,677,0.33382570162481534
dare,0.4232458683273409,153,3847,2530,0.33359683794466405
stop,0.42269396485419297,423,3577,2493,0.3333333333333333
under,0.4178361109261547,1190,2810,120,0.3333333333333333
tools,0.47985751193596765,330,1290,4185,0.3333333333333333
tended,0.4935906269076798,333,944,4167,0.3333333333333333
of,0.49141561318852384,1197,2803,3,0.3333333333333333
logical,0.6615515968939525,19,133,804,0.3333333333333333
that,0.5063437907078256,1071,2929,12,0.3333333333333333
contradiction,0.48458424882934953,115,1366,4204,0.3330161750713606
guarded,0.4702909425940909,381,1450,4115,0.33292831105710813
venice,0.497681788010549,83,1104,4106,0.3329274232830005
flagitious,0.6377094779115255,13,190,1073,0.33271202236719477
conveniences,0.5305211652690263,79,611,3245,0.3325115562403698
seeing,0.4194329797001243,114,3886,1877,0.3324453915823122
rescue,0.5059091721200675,98,972,3993,0.33233158026546455
pirate,0.5702298448074256,103,320,2191,0.33226837060702874
fortress,0.5330172735022651,67,603,3198,0.3320825515947467
industry,0.42075970519599987,380,3620,2154,0.3319405756731662
revolution,0.4210487264128747,654,3346,2148,0.3319366852886406
clash,0.6287994609726492,36,179,1133,0.3318623124448367
detach,0.5811254674114016,189,196,2013,0.33184302036761054
fortunately,0.5205211862253409,40,771,3578,0.33174958077138067
speedy,0.43792757615189565,802,2607,3304,0.33171912832929784
philadelphia,0.4069055264286607,336,3664,398,0.3316582914572864
conferrence,0.7487199624337489,6,32,193,0.3316062176165803
legal,0.41880663089069553,2087,1913,1876,0.3315565031982942
rapacity,0.6114458970813862,26,246,1433,0.3314724354501047
navigators,0.6237677911246406,19,214,1225,0.3314285714285714
monsieur,0.48198473772486833,188,1334,4212,0.3311965811965812
distresses,0.46003894614350566,256,1906,3986,0.33115905669844453
preceded,0.5009581356245375,103,1040,4051,0.33102937546284866
manor,0.5095650528177302,189,804,3916,0.33094994892747703
arrested,0.47669649527738284,591,1074,4179,0.33094041636755206
searched,0.529214949430838,100,611,3309,0.33091568449682685
consistency,0.5272167753303291,120,616,3370,0.33086053412462907
taking,0.40729532873881086,1318,2682,853,0.3305978898007034
deserved,0.46411884364547246,179,1812,4062,0.33037912358444116
prese,0.7507014373746244,8,18,109,0.3302752293577982
following,0.4059554325865187,1369,2631,415,0.3301204819277108
appeals,0.4413140055807158,2138,965,3457,0.33005496094879955
vessel,0.4050947509532591,1657,2343,847,0.3293978748524203
lake,0.4212318938785791,585,3415,2596,0.3293528505392912
effect,0.40242716787809085,940,3060,747,0.3293172690763052
pursued,0.4216807143513516,573,3427,2661,0.32919954904171367
far,0.40651858510883454,819,3181,398,0.32914572864321606
happiest,0.5115229767603143,29,912,3845,0.328998699609883
owing,0.4223322084017165,829,3171,2679,0.3288540500186637
embarked,0.48485491833886224,82,1365,4200,0.32880952380952383
convincing,0.5108857954829984,68,886,3872,0.3287706611570248
granted,0.4045720947326754,2298,1702,867,0.328719723183391
dependants,0.6038667380329327,34,253,1515,0.3287128712871287
baltimore,0.420140067514416,1054,2946,2319,0.32858990944372574
disagreeable,0.4381192436124079,350,2930,3366,0.3285799168152109
through,0.4088957694140265,445,3555,350,0.32857142857142857
kent,0.4372266095440838,2002,1402,3309,0.3284980356603203
imputation,0.513046105288233,133,777,3777,0.3283028858882711
computation,0.5288031762949889,147,562,3303,0.3281864971238268
whither,0.46767658059463474,65,1809,4111,0.3281440038919971
lumber,0.4939866719398358,335,899,4148,0.3281099324975892
proposes,0.4957527859033465,444,755,4113,0.3279844395818138
conduct,0.40304301525498587,579,3421,619,0.32794830371567046
completion,0.5179796937609892,242,589,3620,0.3279005524861878
depreciation,0.4456621875365617,1465,1278,3645,0.3278463648834019
artillery,0.43077558738419236,1546,2301,3096,0.3278423772609819
swamp,0.4993997347419735,194,956,4058,0.32774765894529323
prosperous,0.5003048735809956,104,1017,4041,0.32764167285325413
properties,0.4578249047286427,192,2009,3968,0.3276209677419355
ignorant,0.4211111818523275,215,3785,2488,0.327572347266881
carlisle,0.4782593799135617,179,1426,4186,0.32752030578117536
exceptions,0.4775711085565632,707,905,4187,0.32744208263673275
smaller,0.4501974436157128,608,1886,3775,0.32741721854304634
sole,0.42546083263121454,1294,2706,2942,0.32732834806254246
known,0.4041652093085514,610,3390,605,0.32727272727272727
objected,0.4458887075907586,1214,1480,3671,0.3271588123127213
chevalier,0.500032059155053,328,795,4042,0.32706580900544285
repairing,0.4648835211228437,1259,657,4095,0.326984126984127
number,0.4073450354618212,1139,2861,358,0.3268156424581006
uniting,0.5130266369894286,128,773,3764,0.32678002125398514
harbour,0.4215495764237667,664,3336,2535,0.32662721893491126
commence,0.44165804543027387,1807,1133,3552,0.32657657657657657
connection,0.43460142737490554,230,3326,3240,0.32654320987654323
bank,0.4136565270536071,1395,2605,1504,0.32646276595744683
called,0.40830174763466653,852,3148,334,0.3263473053892216
deficiency,0.4590675651412028,1113,1027,3990,0.3263157894736842
bordering,0.5475093622466208,63,447,2587,0.3262466177039041
franklin,0.42391475561066566,1498,2502,2903,0.3262142611091974
merchandize,0.43748968529570675,1043,2198,3379,0.3261319917135247
inquiries,0.5055745480272784,173,854,3948,0.32598784194528874
simply,0.49704390483294986,173,988,4068,0.32595870206489674
urged,0.42258554875792087,1356,2644,2851,0.32585057874430023
resolutions,0.4182486363270048,2314,1686,1999,0.32566283141570784
dignity,0.41761192671435726,453,3547,1975,0.3250632911392405
desultory,0.6388070669981528,85,109,1025,0.3248780487804878
74,0.4570751738102924,828,1355,3980,0.32487437185929646
louis,0.4635902096235285,205,1730,4097,0.32487185745667563
sullivan,0.48768484020790676,767,603,4178,0.3247965533748205
combination,0.48643670307473513,271,1118,4178,0.3247965533748205
inventories,0.6699950292915641,101,27,676,0.3239644970414201
sell,0.41925042846634175,1067,2933,2121,0.32390381895332393
crew,0.4339843977041398,428,3065,3258,0.3238182934315531
bullion,0.5823658202823974,268,89,1872,0.32371794871794873
memorials,0.5185010000442059,336,455,3522,0.32367972742759793
sexes,0.48980105506081445,47,1241,4167,0.32349412047036236
secured,0.4199275363906808,1255,2745,2500,0.3232
conclusion,0.4246135942114993,707,3293,2954,0.3229519295870007
perceiving,0.47736941736671257,36,1521,4205,0.32294887039239
defensive,0.5011152177014411,409,670,4003,0.3227579315513365
280,0.5384072109553638,247,315,2789,0.32269630692004303
delay,0.4189567392674016,1514,2486,2241,0.32262382864792505
candidate,0.5067805641779072,167,813,3913,0.32251469460771787
702,0.6985025397320338,42,40,431,0.3225058004640371
reality,0.45342168254904486,162,2164,3909,0.32233307751343054
industrious,0.45878922423515983,125,1954,4028,0.32224428997020854
zeal,0.4188885763103229,353,3647,2194,0.32224247948951684
remember,0.4144198069848784,107,3893,1803,0.32224070992789794
prudent,0.42725322986400394,546,3417,3048,0.32217847769028873
demands,0.4173167516124056,990,3010,1971,0.3221714865550482
contributions,0.5118990186103506,189,709,3761,0.32198883275724544
obstructs,0.6862352163236978,5,96,528,0.32196969696969696
tyranny,0.4210469146491708,313,3687,2752,0.32194767441860467
prevalent,0.5098524371767847,63,856,3799,0.3219268228481179
frederick,0.42947544416068667,1011,2785,3119,0.32189804424495033
census,0.5101295999816877,681,232,3785,0.32179656538969614
peculiar,0.41465644731857,459,3541,1818,0.3217821782178218
dangers,0.43211077737891024,440,3161,3220,0.3217391304347826
specious,0.5073329199478948,66,891,3873,0.321714433255874
warranted,0.4953197272473236,361,815,4091,0.32143730139330234
discovering,0.4909859956745705,138,1104,4160,0.3213942307692308
recognised,0.6148602745098157,125,115,1264,0.3212025316455696
fortified,0.5048581298718792,119,887,3925,0.3207643312101911
obedient,0.43581014253630357,347,2935,3364,0.3207491082045184
purposes,0.402398439778438,1881,2119,1182,0.3206429780033841
influence,0.40365429211552833,597,3403,977,0.3203684749232344
regulated,0.44459199300545893,1023,1603,3706,0.3202914193200216
referred,0.40044745402352033,3413,587,791,0.3198482932996207
625,0.653543984731303,88,71,838,0.3198090692124105
bullets,0.6071414133859979,47,216,1386,0.31962481962481964
tutors,0.5714359395925949,128,272,2087,0.319597508385242
astonished,0.46100590181343964,138,1819,4085,0.31946144430844553
receiving,0.4179844841319781,1516,2484,2185,0.3194508009153318
livermore,0.5006681612289446,949,119,3991,0.31921824104234525
paragraphs,0.4964362817603587,483,640,4042,0.3191489361702128
levi,0.5076492080065458,288,636,3818,0.31901519119958094
loan,0.4128742796360653,2781,1219,1637,0.3188759926695174
savages,0.4395307695073715,255,2655,3563,0.31883244456918325
marshal,0.4693312951299132,558,1157,4159,0.318586198605434
sacrificed,0.47852788438883626,159,1350,4213,0.3185378590078329
ambassadors,0.48834913871826235,375,913,4167,0.31845452363810894
mistaken,0.42496690989836555,519,3481,3018,0.3184227965540093
becoming,0.4274467814146723,535,3313,3096,0.31815245478036175
afterwards,0.4032348276053531,817,3183,1104,0.3179347826086957
material,0.4262340453412557,988,2912,3061,0.3178699771316563
recognition,0.6057143473026922,128,137,1398,0.31759656652360513
springfield,0.49009631973986967,486,745,4145,0.3174909529553679
subscriptions,0.4969350287167372,323,784,4035,0.3174721189591078
frequent,0.4172326183142531,372,3628,2284,0.31742556917688264
selling,0.46540102299657155,446,1359,4132,0.31727976766698934
formed,0.4021944067933984,724,3276,1135,0.31718061674008813
feared,0.4440156175454215,306,2276,3721,0.31711905401773716
inquiry,0.43731680800636336,1227,1809,3488,0.3170871559633027
correspondents,0.5916853718032304,35,277,1640,0.3170731707317073
now,0.4040980580201897,584,3416,101,0.31683168316831684
goal,0.4184807872414859,1015,2985,2478,0.3167877320419693
trespasser,0.7156275885275,40,15,281,0.3167259786476868
separated,0.44023327331334644,290,2535,3608,0.3165188470066519
arming,0.5161113268717263,487,314,3545,0.3165021156558533
useless,0.4395696875614682,478,2392,3580,0.3164804469273743
consist,0.41964728166966236,1515,2485,2753,0.316382128586996
promoted,0.46733227986814896,398,1362,4151,0.3160684172488557
election,0.4108520844715631,1255,2745,1582,0.31605562579013907
crime,0.4164805207943516,763,3237,2173,0.31569259088817303
spite,0.4562219857582416,78,2000,4030,0.3153846153846154
lasting,0.45800131786065196,132,1879,4050,0.31530864197530867
breach,0.4237594410965964,1792,2208,2994,0.3152972611890448
suffers,0.5124024516479225,65,799,3696,0.3152056277056277
forced,0.4193851435922443,335,3665,2714,0.315033161385409
useful,0.4079416997904596,456,3544,1464,0.31489071038251365
depress,0.6138251488640162,30,206,1245,0.314859437751004
scrutiny,0.5681822028806034,50,351,2091,0.31468197034911527
governors,0.4394816570996363,563,2286,3591,0.31467557783347255
thus,0.40337503236264693,334,3666,372,0.31451612903225806
alexander,0.41610981601022223,1085,2915,2179,0.3143643873336393
amiss,0.4926172463835375,54,1118,4088,0.31433463796477495
thither,0.43794341387183083,216,2711,3555,0.3142053445850914
brink,0.5253974018971292,14,652,3187,0.31408848446815185
opponents,0.5126901646740438,114,721,3627,0.3140336366142818
boston,0.4016245795755911,493,3507,991,0.313824419778002
gerry,0.42696363978173574,3173,588,3137,0.3133567102327064
magistrates,0.4243285455960276,405,3491,3064,0.3133159268929504
duke,0.4194814735921395,336,3664,2847,0.313312258517738
using,0.45199934659228325,316,1913,3955,0.31327433628318585
freely,0.41760552554400393,417,3583,2564,0.31318252730109203
modification,0.556303814284583,233,216,2315,0.31317494600431967
disorderly,0.49735673010417136,342,736,4001,0.31317170707323166
judged,0.42309789081032795,943,3057,3005,0.31314475873544095
fees,0.4160050396289253,3122,878,2196,0.3128415300546448
vast,0.416192254393756,178,3822,2251,0.3127498889382497
450,0.5393170487529082,238,288,2649,0.31257078142695355
listened,0.4777085910907258,70,1401,4206,0.3124108416547789
professional,0.5756530535160379,54,326,1988,0.31237424547283704
constituent,0.5502643923414531,82,390,2417,0.3123707074886223
breadth,0.4324832251157336,396,2968,3319,0.3121422115094908
provision,0.4067870142274379,2220,1780,1429,0.31210636808957315
14,0.4015230123681194,1166,2834,962,0.31185031185031187
restraints,0.4963587062590996,137,949,4017,0.3116753796365447
impartial,0.4403638581383763,465,2276,3645,0.31165980795610426
proportions,0.4707172092932541,1016,601,4182,0.3115734098517456
roi,0.5980458499901599,206,81,1515,0.31155115511551157
proposal,0.44338584745475623,391,2151,3740,0.3114973262032086
dependence,0.44805511796841013,357,2012,3875,0.31148387096774194
cannon,0.42475788087053845,1081,2723,3115,0.3110754414125201
goodhue,0.5173088454048153,623,140,3453,0.3110338835794961
instructions,0.41544966937253563,1387,2613,2216,0.3109205776173285
245,0.5489326873426215,260,218,2443,0.310683585755219
privilege,0.41509417186192693,1155,2845,2398,0.31067556296914095
equilibrium,0.6037761351527552,40,224,1394,0.31061692969870874
incapable,0.4323950930793176,987,2329,3355,0.3105812220566319
emigration,0.540633114570904,179,333,2596,0.31047765793528503
taxable,0.501871947650558,670,298,3890,0.3102827763496144
opposition,0.4101749377989468,730,3270,1673,0.3102211595935445
intricate,0.5339420227897314,74,488,2789,0.3101470060953747
564,0.6374852062076877,146,38,974,0.31006160164271046
permit,0.41321698660554324,1209,2791,1971,0.3099949264332826
promotes,0.5648950059382283,19,386,2110,0.30995260663507107
barnes,0.5771141057074979,106,251,1872,0.30982905982905984
income,0.4877575193050306,443,793,4153,0.30965567059956656
491,0.6270242492467878,155,42,1040,0.3096153846153846
lawyers,0.4969218288104435,157,892,3980,0.30954773869346736
peruse,0.5563152260294251,19,418,2265,0.30949227373068433
17,0.39984019918765834,1640,2360,1228,0.30944625407166126
morning,0.3990269373582679,191,3809,795,0.30943396226415093
severest,0.5165416053965434,26,737,3453,0.30929626411815814
casks,0.45557760386917345,493,1527,4053,0.30915371329879104
goodwin,0.552364883405151,145,316,2368,0.3091216216216216
source,0.41490354161667015,683,3317,2256,0.30895390070921985
punishments,0.45533550213211615,240,1782,4053,0.308906982482112
mischief,0.4274299868801658,402,3235,3205,0.3088923556942278
notification,0.5209027957793112,519,182,3277,0.30881904180653036
restitution,0.49063510728544324,335,842,4091,0.3087264727450501
precaution,0.495763700052167,171,917,4023,0.3087248322147651
attain,0.4655388839486832,174,1542,4160,0.30865384615384617
politics,0.4571233818491437,226,1716,4093,0.30857561690691426
vigilant,0.519170300209107,85,643,3355,0.30849478390462
arthur,0.45093294817145796,1035,1166,3968,0.3084677419354839
desolated,0.5981064689758024,18,266,1501,0.3084610259826782
naturalization,0.5134263639605511,586,201,3508,0.30843785632839227
seemeth,0.5628062427794474,104,306,2137,0.30837622835751055
repassed,0.6952709002828782,15,66,425,0.30823529411764705
major,0.3995150536016701,2054,1946,1165,0.30815450643776826
vanish,0.5104809631693918,34,799,3622,0.308117062396466
commendable,0.5606644085274667,37,380,2165,0.30808314087759814
collecting,0.4616263350162998,642,1184,4116,0.3080660835762877
loyal,0.4766652300119704,88,1367,4204,0.3080399619410086
chose,0.4405402076559934,314,2295,3705,0.3076923076923077
bohea,0.5118759536345583,91,722,3583,0.3072843985487022
serjeant,0.49455564084262676,209,891,4036,0.3072348860257681
heavily,0.5480125063690373,70,406,2432,0.3071546052631579
nothing,0.40300880550185864,494,3506,381,0.30708661417322836
powerful,0.41221767270201526,355,3645,2019,0.3070827142149579
punish,0.4334528091411601,652,2511,3432,0.3068181818181818
contradict,0.5035505727164149,69,845,3786,0.30665610142630745
danger,0.4013363952189623,707,3293,920,0.3065217391304348
reasoning,0.42411516947423095,629,3130,3138,0.3062460165710644
henshaw,0.7019873255816108,22,49,369,0.3062330623306233
adjourning,0.5900473904697797,222,78,1584,0.3061868686868687
preferring,0.5684325572634981,61,329,2038,0.30618253189401373
buildings,0.4154483200707786,1414,2586,2613,0.3061615001913509
examining,0.45936777653714206,630,1229,4110,0.30608272506082723
threatens,0.5280631369107475,54,559,3003,0.30602730602730605
keeps,0.46783100091864754,102,1532,4178,0.3058879846816659
inquiring,0.5552995968159288,66,369,2253,0.3058144695960941
faithfully,0.43369545456653247,1035,2076,3458,0.305668016194332
francis,0.4133878104791135,1246,2754,2241,0.30566711289602855
terrify,0.5750268465041982,31,329,1888,0.305614406779661
near,0.40168767620094226,327,3673,432,0.3055555555555556
designing,0.4960343225264327,123,920,3971,0.3054646184840091
republicans,0.5276108113552589,56,558,3009,0.30541708208707213
think,0.4054798018352468,773,3227,321,0.3052959501557632
traced,0.5016905533439031,81,849,3826,0.30501829587036067
batallions,0.6014463988621797,259,5,1394,0.3048780487804878
immediate,0.4077048437694164,804,3196,1640,0.3048780487804878
barracks,0.47328580549649496,367,1112,4203,0.3047822983583155
publications,0.4900578596027103,187,976,4069,0.30474318014254115
conclude,0.41336482579605716,522,3478,2355,0.30445859872611464
register,0.43471783744982734,1555,1367,3558,0.30438448566610454
tranquility,0.42813012743570356,470,3021,3260,0.3042944785276074
enjoying,0.47474599256943983,145,1308,4200,0.30428571428571427
charlestown,0.4418030423622678,315,2194,3767,0.3042208654101407
adoption,0.4493354370898868,985,1200,3978,0.30417295123177474
bernard,0.4931441972464632,169,932,4035,0.30408921933085503
christopher,0.4644406459803568,446,1270,4160,0.30408653846153844
joshua,0.43699021671715255,706,2102,3618,0.30403537866224434
moreover,0.43587289767327314,783,2080,3583,0.3039352497906782
advise,0.43992517172186213,365,2225,3718,0.30392684238838086
schooner,0.40753920416703576,145,3855,1613,0.30378177309361437
professions,0.4728574969751191,165,1320,4207,0.30377941526028046
particular,0.39839088798340966,908,3092,619,0.3037156704361874
abuse,0.42111501513773747,870,3072,3049,0.3037061331584126
feelings,0.4125517833634245,402,3598,2243,0.3036112349531877
hazards,0.5668541230755814,26,365,2039,0.30358018636586565
denies,0.5212510304608237,74,594,3192,0.30357142857142855
educated,0.4812516657629932,59,1279,4177,0.3033277471869763
conveying,0.4855212500480104,593,635,4146,0.3031837916063676
augmented,0.4975278177174946,222,769,3913,0.30309225658062866
enjoyed,0.41800352533259544,438,3562,2908,0.3029573590096286
barnard,0.5994052721771713,86,185,1426,0.302945301542777
conjecture,0.47091532929564184,132,1385,4209,0.3029223093371347
higher,0.4143823504712911,535,3465,2500,0.3028
blacksmith,0.5468297931594569,24,447,2411,0.3027789299046039
philip,0.4147228510661741,763,3237,2646,0.30234315948601664
commencing,0.5179747721287575,396,321,3327,0.30207394048692515
449,0.6089032405366274,188,48,1245,0.30200803212851407
requisition,0.4514541647859347,1308,790,4014,0.30194319880418535
leaving,0.4119544417120323,802,3198,2276,0.30184534270650265
cunningham,0.5329078952645435,59,485,2720,0.3011029411764706
procedure,0.5311264036983867,120,436,2768,0.3009393063583815
means,0.4001938336096098,730,3270,419,0.30071599045346065
quartered,0.5238832241574172,158,474,3080,0.30064935064935067
confessed,0.4502676710939691,256,1867,4005,0.3006242197253433
testify,0.467727972830069,155,1412,4202,0.300571156592099
extends,0.44797214485708264,434,1758,3977,0.30047774704551167
youngest,0.5173466092240665,50,667,3327,0.30027051397655546
prejudices,0.43189094545168877,336,2662,3514,0.30022766078542973
646,0.6737525054580346,73,34,557,0.2998204667863555
unlikely,0.5879788001905981,31,265,1565,0.29968051118210864
webster,0.5667721494346818,75,311,2019,0.2991579990094106
modern,0.41944939575930057,268,3732,2994,0.2989311957247829
hubbard,0.5543286406924103,205,217,2188,0.29890310786106034
troop,0.4800894443444902,618,711,4174,0.29875419262098707
endeavouring,0.4432266290313415,115,2262,3871,0.2986308447429605
ramsey,0.6234605795425658,28,165,1018,0.29862475442043224
robbery,0.48263895232716764,279,969,4168,0.29846449136276393
blanca,0.7127518165323826,12,38,258,0.29844961240310075
quitting,0.5216795493853725,46,608,3150,0.2984126984126984
habet,0.716886229245035,8,38,238,0.29831932773109243
explain,0.42749357862893306,682,2719,3309,0.29827742520398914
dimensions,0.5050625497983958,229,621,3662,0.298197706171491
manage,0.4713044070561499,427,1045,4206,0.29814550641940085
rapine,0.5303926394399967,27,523,2741,0.29806639912440713
needed,0.4984115701144895,138,806,3855,0.2980544747081712
date,0.4083016629233894,1867,2133,1936,0.2980371900826446
presumptions,0.6753445707460386,15,90,547,0.2979890310786106
preference,0.44274547446807216,731,1695,3833,0.29793895121314895
dozen,0.4561537350868881,131,1745,4109,0.2978826965198345
well,0.40522739623869447,520,3480,141,0.2978723404255319
recommendation,0.453543907515323,731,1204,4097,0.29777886258237735
posterity,0.4150622776126606,285,3715,2831,0.29777463793712466
ventured,0.46668327399156995,63,1515,4198,0.2977608384945212
expence,0.4060082902687388,1209,2791,1535,0.2977198697068404
thinks,0.4214107544473353,822,2919,3148,0.29764930114358323
commonly,0.4099390711705406,534,3466,2163,0.29727230698104484
astonishment,0.4429272317739398,83,2297,3870,0.2971576227390181
office,0.400151969712102,2252,1748,441,0.29705215419501135
cary,0.6084083824076608,87,143,1212,0.297029702970297
rogers,0.4715389304564244,346,1113,4206,0.2969567284831194
disturbing,0.577110508697073,25,313,1772,0.29683972911963885
allusion,0.569622689025477,60,304,1907,0.29680125852123757
interior,0.4750360829198615,226,1174,4185,0.2967741935483871
patriots,0.4609634843273065,99,1620,4162,0.29673234022104755
swallowed,0.4908720003067817,63,1036,4034,0.2967278135845315
thereby,0.40609290121994124,1261,2739,1628,0.2966830466830467
associated,0.5183706131999742,118,551,3193,0.2965862824929533
inclusive,0.49280171193064387,676,376,3982,0.2965846308387745
new hampshire,0.40763091674701835,2447,1553,1994,0.29638916750250754
wrest,0.5691893089490585,35,329,1907,0.2962768746722601
240,0.5108445864756578,286,484,3474,0.29620034542314333
transportation,0.4873426980959119,605,565,4089,0.2961604304230863
nations,0.39732200395717704,1080,2920,645,0.2961240310077519
barrel,0.45252275962517424,821,1119,4094,0.2960429897410845
recommendations,0.5305094999918939,200,346,2727,0.29592959295929594
hearken,0.5074992536170116,15,779,3530,0.2957507082152975
settlers,0.4458581087246254,713,1480,3974,0.2956718671363865
commencement,0.4339101867574433,892,1928,3613,0.29559922502075836
parliamentary,0.5037940522418005,86,776,3691,0.2955838526144676
assisted,0.4466113350651277,122,2044,3986,0.29553437029603613
consented,0.44772924359858646,391,1746,3990,0.2954887218045113
flows,0.48883410982286,66,1074,4052,0.2954096742349457
concerted,0.5174969572414512,60,619,3211,0.2952351292432264
hopes,0.4058017342052812,229,3771,1640,0.2951219512195122
offender,0.4306046236242627,2063,980,3484,0.29506314580941445
regularly,0.4424542046876424,749,1626,3871,0.2950142082149315
proportion,0.39741554004982715,1572,2428,1068,0.2949438202247191
timely,0.4940126227693837,181,836,3935,0.2947903430749682
detain,0.48463641273031427,422,779,4112,0.29474708171206226
luzerne,0.5687922867067396,129,232,1890,0.2947089947089947
occasion,0.3951464536458063,692,3308,747,0.29451137884872824
lease,0.46546517725327635,705,855,4208,0.29443916349809884
recurrence,0.6031219585840891,88,151,1258,0.29411764705882354
apparent,0.43161707504233704,394,2520,3560,0.29382022471910113
limit,0.4819891678612404,529,709,4153,0.29376354442571634
adjudged,0.42413747817349035,2883,593,3269,0.29366778831446927
subordinate,0.4731677844775932,243,1162,4186,0.2935977066411849
estates,0.40964679808701515,1817,2183,2232,0.29345878136200715
oldest,0.5495846787661122,40,393,2240,0.29330357142857144
superiority,0.4437546194684784,206,2029,3955,0.29329962073324906
hereditary,0.46877587757424716,198,1277,4204,0.29329210275927686
stations,0.46495566939536864,150,1410,4208,0.29325095057034223
exact,0.43010576739303874,455,2618,3465,0.2932178932178932
enlightened,0.43025019151273064,401,2626,3496,0.2931922196796339
almost,0.39475292464685735,201,3799,788,0.29314720812182743
strengthen,0.45621080994878055,158,1658,4127,0.29294887327356434
coins,0.4910009771187481,738,329,3988,0.2928786359077232
pretends,0.5031702488850156,40,808,3661,0.29281617044523356
harbors,0.51655292159224,632,45,3207,0.29279700654817586
safely,0.43229717519728394,668,2196,3584,0.29268973214285715
spirituous,0.4820960480195901,348,878,4146,0.29257115291847563
accused,0.440927924769962,413,2005,3838,0.29233976029181863
fort,0.40425509329834264,903,3097,1560,0.2923076923076923
modifications,0.5792638729464522,116,204,1680,0.2922619047619048
speeches,0.4788534080414755,225,1078,4167,0.29205663546916244
russell,0.5061522373355318,196,606,3551,0.29203041396789636
during,0.40041862407333334,1294,2706,572,0.291958041958042
quell,0.587104973843728,59,229,1521,0.29191321499013806
connexions,0.49858422729494156,187,719,3771,0.2914346327234155
hardships,0.46773965002062545,134,1369,4211,0.2913797197815246
published,0.40429224832425614,529,3471,1583,0.2912192040429564
afternoon,0.40783360296756155,127,3873,2071,0.29116368903911155
exposed,0.4045618178922668,411,3589,1650,0.2909090909090909
engaged,0.4054209589204392,640,3360,1678,0.2908224076281287
information,0.39682855246932747,1677,2323,1077,0.2906220984215413
prosecuted,0.44695781307446003,1079,980,4033,0.29060252913463924
1728,0.6408545908081549,23,132,819,0.2905982905982906
encounter,0.4772582844070199,105,1207,4171,0.2905777990889475
medes,0.623827608027895,4,180,974,0.29055441478439425
quashed,0.6761678133548521,63,34,506,0.29051383399209485
arise,0.40445227006633955,1163,2837,1680,0.2904761904761905
trumbull,0.47656661614349183,925,398,4173,0.29043853342918763
country,0.4060059959809754,674,3326,200,0.29
expose,0.4348106845651008,443,2168,3704,0.28995680345572356
transfer,0.468309073790418,930,540,4209,0.2898550724637681
appurtenances,0.4957923377963361,342,595,3835,0.2897001303780965
proportioned,0.4894261417346686,304,781,4013,0.28955893346623474
earned,0.5403085273525079,39,439,2443,0.28939828080229224
support,0.39572674691639137,1103,2897,695,0.2892086330935252
soon,0.3992336841547471,370,3630,415,0.2891566265060241
northern,0.4079439153255535,1001,2999,2214,0.28906955736224027
defense,0.39595773405190576,1378,2622,1180,0.2889830508474576
hatred,0.4405414291677685,136,2180,3914,0.2889626980071538
materials,0.41644238114658527,1107,2893,3004,0.28894806924101196
great,0.40213856023312844,535,3465,90,0.28888888888888886
hundred,0.40260346264242,2354,1646,284,0.2887323943661972
deputy,0.4074442731588775,2864,1136,2286,0.2887139107611549
emoluments,0.4821419702657383,738,464,4112,0.28866731517509725
forbear,0.44543634166214124,302,1809,4012,0.28863409770687937
obligation,0.4098765179722731,1358,2642,2565,0.2884990253411306
exceed,0.4098634948085448,2039,1961,2652,0.28846153846153844
beans,0.5091031611541594,64,687,3419,0.2880959344837672
conducted,0.4117416212062306,359,3641,2825,0.287787610619469
judges,0.3976748410428651,1791,2209,1338,0.28774289985052315
supported,0.4073520068589687,855,3145,2054,0.28773125608568645
importing,0.5068251922917371,323,445,3471,0.2875252088735235
more,0.4166676243991262,618,3382,80,0.2875
explanation,0.44318599802951464,537,1650,3977,0.287402564747297
safety,0.4000784793473687,975,3025,1451,0.28738800827015853
inches,0.4019735101084352,199,3801,1500,0.28733333333333333
charles,0.3960637346665104,963,3037,1073,0.2870456663560112
avoiding,0.48988423170811224,236,812,3979,0.28700678562452875
paley,0.727484915622435,5,38,223,0.28699551569506726
reversion,0.56224414987823,210,166,1967,0.2867310625317743
vols,0.43066814816767046,48,2797,3594,0.2865887590428492
equal,0.39427208499806243,1187,2813,796,0.2864321608040201
flourishing,0.4595265292823551,93,1558,4182,0.28622668579626975
mediterranean,0.5004286933195257,157,684,3644,0.2862239297475302
money,0.40242769199645556,1937,2063,318,0.2861635220125786
meriting,0.6579173254432983,17,107,657,0.2861491628614916
220,0.504141251485786,306,480,3509,0.28612140210886294
capt,0.39640314795534537,659,3341,1046,0.2858508604206501
calamities,0.4335852524962132,230,2433,3681,0.28579190437381147
satisfied,0.4065565956266978,975,3025,2132,0.2856472795497186
transferred,0.47818611203017014,736,520,4166,0.28564570331253003
456,0.6031922458212201,161,68,1205,0.2854771784232365
spoken,0.4090043130741519,423,3577,2547,0.2854338437377307
exhort,0.49830686778525035,24,852,3718,0.28536847767616996
195,0.5204796832900641,312,284,2931,0.28522688502217675
administrators,0.4388607194544776,1605,800,3847,0.2851572654016116
majesties,0.5184224436200475,60,556,3016,0.28514588859416445
69,0.46296666598543634,678,875,4199,0.2850678733031674
allotted,0.474190324807656,447,868,4171,0.2850635339247183
campbell,0.44395436918443687,522,1586,4018,0.2849676455948233
notify,0.48182007679406136,942,245,4106,0.28494885533365805
emolument,0.4963384168240798,256,644,3764,0.28480340063761955
leagues,0.42404327652652374,143,3099,3379,0.2846996152707902
countrymen,0.41349841323027337,182,3818,2930,0.28464163822525596
205,0.5180434064592361,350,270,3032,0.2846306068601583
undeniable,0.5377771300887738,33,447,2450,0.28448979591836737
earliest,0.47189949295533357,144,1224,4177,0.2844146516638736
assemblies,0.42941916935550023,448,2458,3567,0.2842724978973928
desiring,0.4504825256992272,346,1541,4106,0.28421821724305896
assistance,0.4026728652212684,465,3535,1615,0.28421052631578947
determining,0.45505415107890024,747,1009,4152,0.2842003853564547
adds,0.43991770360848637,158,2136,3929,0.2840417409009926
disaffection,0.5364052865130651,51,435,2476,0.28392568659127626
borderers,0.7349483184187947,19,14,155,0.2838709677419355
languages,0.4634187791837205,106,1422,4209,0.28367783321454026
rufus,0.4916178529358545,837,140,3910,0.28337595907928387
thereupon,0.40781798195783314,2804,1196,2609,0.28325028746646225
756,0.6667775612516587,60,48,565,0.2831858407079646
invited,0.43937684867143245,153,2144,3928,0.2830957230142566
mexico,0.501136487602738,36,773,3568,0.2830717488789238
dams,0.5182416703382297,328,285,3003,0.28305028305028307
acres,0.39336120740794583,642,3358,675,0.28296296296296297
260,0.5348294879596515,184,309,2506,0.28292098962490025
statutes,0.45223102487001926,445,1385,4115,0.28286755771567434
vi,0.40652811326268873,1795,2205,2107,0.2828666350261035
enterprise,0.4885653673440629,208,836,3973,0.28265794110244147
gratitude,0.40641530080903854,206,3794,2081,0.2825564632388275
hesitation,0.49018328844151365,133,876,3926,0.282475802343352
ayes,0.4569156535203697,1541,146,4162,0.2823161941374339
impressed,0.43303496378391954,571,2008,3721,0.28218220908357966
delays,0.5019638302082916,260,528,3513,0.2820950754341019
finds,0.436566641358818,269,2172,3813,0.2819302386572253
insomuch,0.48549050549359857,35,1073,4037,0.2818924944265544
interposition,0.46637276255569476,331,1120,4201,0.2818376577005475
rulers,0.4106972965624353,187,3813,2814,0.2818052594171997
riotous,0.5613125640609199,53,314,1920,0.28177083333333336
situations,0.45939931359549835,212,1374,4195,0.28176400476758046
gratifies,0.6909708147731007,5,69,387,0.28165374677002586
mention,0.4039433267802614,375,3625,1830,0.2814207650273224
jealous,0.44458297707864314,223,1810,4041,0.281365998515219
210,0.5199552177647079,244,342,2890,0.28131487889273354
associators,0.5732750666611259,38,288,1710,0.28128654970760236
farmers,0.4473064911736352,255,1655,4098,0.28111273792093705
unreasonable,0.4432890686708715,424,1662,4025,0.2809937888198758
batallion,0.5229682350615845,553,7,2780,0.2805755395683453
weber,0.7464086930775822,5,17,82,0.2804878048780488
wanting,0.4159384384346055,582,3292,3084,0.2804798962386511
uncertain,0.4298323767875416,476,2336,3616,0.28042035398230086
recruiting,0.4969026598547019,492,359,3664,0.28029475982532753
aaron,0.4583391008627924,547,1063,4185,0.2802867383512545
rivers,0.40715042063898294,926,3074,2484,0.28019323671497587
makes,0.39712092460447873,343,3657,1371,0.2800875273522976
appropriated,0.4088123544481792,2797,1203,2764,0.28002894356005786
bribery,0.5205552291706577,191,382,2832,0.2800141242937853
verbal,0.5124230431610873,250,414,3180,0.279874213836478
effort,0.4429201833007631,199,1886,4024,0.2798210735586481
continue,0.3939564585353583,1466,2534,1012,0.27964426877470355
consequent,0.4867598740445395,200,857,3984,0.2796184738955823
inventory,0.5032526092701295,444,323,3466,0.2795729948066936
creator,0.4295334609200202,85,2700,3626,0.27937120794263653
voyage,0.4073146752247055,776,3224,2632,0.27925531914893614
advised,0.4302164875066078,310,2447,3644,0.27908891328210755
commissioner,0.41174024875599413,3126,874,2924,0.27906976744186046
carolinians,0.7055897429934673,7,43,258,0.27906976744186046
only,0.39817622884606685,666,3334,104,0.27884615384615385
siege,0.46462688187076884,73,1396,4208,0.27875475285171103
losing,0.468897851243519,197,1174,4176,0.27873563218390807
incur,0.4884158143869108,470,552,3943,0.27872178544255644
senatorial,0.6519088539749313,68,69,725,0.2786206896551724
agreement,0.40735713334390083,1476,2524,2545,0.2785854616895874
exertion,0.43383914975606874,331,2148,3784,0.2785412262156448
accepting,0.48642762652683313,482,582,3987,0.27840481565086533
trumpeter,0.6758727232860402,56,37,485,0.27835051546391754
removing,0.4337467383135182,947,1534,3783,0.2780861749933915
gist,0.6533781470118512,48,79,669,0.27802690582959644
invaded,0.4741538894611098,241,1014,4166,0.27796447431589055
knox,0.4899141440365491,483,493,3912,0.27786298568507156
attest,0.49093690510223253,247,711,3877,0.27779210729945836
indigo,0.48573697543922334,123,950,3993,0.27773603806661656
distinctly,0.4811729334593159,122,1036,4073,0.2774367787871348
respects,0.40652301782732053,842,3158,2594,0.2771781033153431
enemy,0.3908503964084397,838,3162,747,0.27710843373493976
introduced,0.4049102696139305,820,3180,2325,0.27698924731182795
permanent,0.41424312697516646,1629,2281,3060,0.27679738562091505
adjourned,0.40612680249707617,2850,1150,2563,0.27662895044869296
carried,0.3926515625707272,806,3194,810,0.2765432098765432
termination,0.4950914768925565,194,685,3720,0.2763440860215054
illustrious,0.4201439872051922,131,3262,3308,0.2762998790810157
designs,0.4087887709551766,323,3677,2834,0.276287932251235
expressed,0.4003401231967694,1123,2877,1745,0.27621776504297996
threaten,0.4831771740843012,136,969,4037,0.27619519445132523
injoined,0.6962887909560557,10,44,279,0.27598566308243727
holton,0.6619318899465068,40,72,587,0.27597955706984667
estimation,0.4702414108073364,151,1171,4175,0.27592814371257485
soldiery,0.512592423461951,65,591,3154,0.2758402029169309
maintained,0.4209014453284569,845,2431,3368,0.2755344418052256
iv,0.3998178646778696,1967,2033,1620,0.27530864197530863
wm,0.4655365974194492,327,1092,4189,0.2752446884698019
paid,0.3979653928127526,2170,1830,367,0.27520435967302453
produces,0.43062401789885446,143,2445,3718,0.27514792899408286
horses,0.39953875748291773,873,3127,1636,0.27506112469437655
time,0.4148445685907437,1212,2788,80,0.275
experienced,0.4084904287486326,418,3582,2844,0.2749648382559775
sunday,0.41484514688100543,301,3544,3099,0.2749273959341723
160,0.48616062058205006,315,726,3967,0.2747668263171162
civilized,0.4599754136511267,207,1314,4208,0.2747148288973384
struggle,0.4486161997628603,164,1674,4118,0.2746478873239437
cadiz,0.46863777668708445,59,1299,4177,0.2745989944936557
forts,0.4592633961128964,551,985,4203,0.27456578634308826
distinguish,0.4290416556514995,185,2572,3644,0.27442371020856204
selected,0.48259353186942405,165,941,4038,0.2743932639920753
perilous,0.5193725349632851,42,524,2803,0.27434891188012844
displayed,0.4385974426145415,154,2030,3980,0.27386934673366836
governour,0.44334937004457775,1273,694,4077,0.2737306843267108
hughes,0.5070286917603856,121,594,3322,0.273630343166767
exceeded,0.4649542287978596,289,1129,4191,0.273204485802911
eminently,0.4725158676724406,52,1197,4167,0.2730981521478282
infallibly,0.501600259597135,22,736,3440,0.2729651162790698
9d,0.5414759320247357,57,370,2213,0.2729326705829191
answer,0.3911746811488968,898,3102,623,0.27287319422150885
pillaged,0.6098680634877712,12,179,1008,0.2728174603174603
mere,0.40429869812585006,772,3228,2119,0.2727701746106654
northerly,0.4877178588227016,598,403,3917,0.2726576461577738
cecil,0.5379628479462112,84,368,2329,0.27264920566766854
correcting,0.5432046979756167,67,352,2175,0.27264367816091956
commodore,0.48505414041170314,118,935,3980,0.27261306532663315
politicians,0.5028689161519021,56,691,3406,0.2724603640634175
maxims,0.44861650924127644,254,1550,4133,0.2724413259133801
algerines,0.511047438414648,160,495,3153,0.2724389470345703
determination,0.40745845875397785,1386,2614,2781,0.2722042430780295
mortgage,0.4466690611311438,1379,479,4112,0.2721303501945525
relates,0.42159510963473334,1572,1548,3455,0.27206946454413894
contract,0.4061968315257656,1878,2122,2714,0.27192336035372144
alarmed,0.42107736549349434,224,2955,3421,0.2718503361590178
149,0.4923434516912084,621,276,3756,0.27183173588924386
police,0.48789920286088784,205,783,3918,0.27182235834609497
knowingly,0.5071838202491898,405,281,3236,0.2716316440049444
dues,0.5140681485779239,337,272,2986,0.2716008037508372
occupations,0.49093829758769136,100,813,3785,0.2715984147952444
filed,0.45287441688051056,1405,269,4174,0.2714422616195496
abundantly,0.4500973502142096,62,1702,4149,0.2713906965533864
decisive,0.4605848425013508,201,1297,4209,0.2713233547160846
90,0.42069602095514613,1741,1464,3406,0.27128596594245447
national,0.3906952242811266,1306,2694,1224,0.27124183006535946
peter,0.3967335018377414,613,3387,1449,0.2712215320910973
acquitted,0.4796713781098474,305,846,4058,0.2710694923607688
317,0.5571056272404719,259,103,1897,0.2709541381128097
continues,0.42411571454119884,232,2665,3573,0.2709207948502659
ordering,0.4588751390016817,573,946,4208,0.2709125475285171
nobody,0.4531638166066537,161,1500,4180,0.2708133971291866
new jersey,0.3967641768382063,1993,2007,1455,0.27079037800687283
consigned,0.4894458728368776,236,706,3848,0.2707900207900208
numerous,0.4011762321688757,409,3591,1877,0.27064464571124136
endeavour,0.4013458145748414,220,3780,2040,0.27058823529411763
shorts,0.7193002668629193,3,37,207,0.27053140096618356
west,0.38944032682646795,496,3504,769,0.270481144343303
injustice,0.4164446124520226,528,3042,3235,0.2704791344667697
misconduct,0.504679228556285,112,609,3336,0.27038369304556353
wished,0.3987094335971363,1652,2348,1650,0.2703030303030303
pretence,0.4116519448545646,799,3175,3045,0.2702791461412151
route,0.47489575369514586,273,920,4109,0.2701387198831833
algerine,0.5557055277580026,78,294,1945,0.2699228791773779
51,0.43937386643405124,678,1419,4014,0.26980568011958145
imposed,0.40733355758413675,1557,2443,2822,0.26966690290574064
prerogative,0.45063105403275394,226,1513,4154,0.2696196437168994
often,0.39318665696166344,382,3618,601,0.26955074875207985
channel,0.43387702260420324,367,1968,3900,0.2694871794871795
jurors,0.4326070295587448,1929,504,3823,0.26942191995814807
points,0.4041657132785792,807,3193,2398,0.2693911592994162
most,0.38843112312229083,425,3575,104,0.2692307692307692
abandonment,0.6382376278468543,82,63,762,0.2690288713910761
requested,0.4011673293686368,986,3014,1937,0.26897263810015487
fought,0.43376413391966784,189,2147,3900,0.26871794871794874
prevail,0.4054415453130392,608,3392,2713,0.2687062292664947
powerfully,0.4861379655302368,37,962,3917,0.2685728874138371
disability,0.5074330807837903,569,94,3174,0.2684310018903592
some,0.4126648400037371,518,3482,82,0.2682926829268293
annual,0.40414113938730606,1871,2129,2379,0.2681799075241698
argued,0.47914303998304264,459,677,4050,0.2679012345679012
uncommon,0.4210635568824429,139,2907,3483,0.2678725236864772
pays,0.4691273084373004,327,947,4168,0.2675143953934741
postponed,0.4118989407111235,3230,638,3090,0.26731391585760517
prior,0.4350793406628352,1096,1141,3955,0.2672566371681416
stevens,0.504014641252202,304,396,3278,0.2669310555216595
refusing,0.42075642393052115,1270,1729,3511,0.2668755340358872
polls,0.4856774912231431,857,133,3916,0.26685393258426965
treasurer,0.3909605437900155,3290,710,1072,0.2667910447761194
monarchy,0.43782802248179803,340,1782,4007,0.26678312952333416
had,0.4210214732168577,671,3329,45,0.26666666666666666
fraudulent,0.5005918219351578,406,337,3387,0.26660761736049604
returnable,0.4710479464266402,1143,84,4145,0.26658624849215923
assistants,0.46275526360186864,545,875,4191,0.2665235027439752
hoping,0.4828901052251258,70,969,3966,0.26626323751891073
insinuations,0.5097641734941453,123,519,3114,0.2662170841361593
award,0.4547949746979608,1266,305,4201,0.2661271125922399
obliged,0.39185607268490086,768,3232,951,0.26603575184016826
resentment,0.41224770067141503,230,3478,3150,0.266031746031746
principles,0.3864814939706442,836,3164,745,0.2657718120805369
argument,0.3984905257877385,798,3202,1810,0.26574585635359116
fitzsimons,0.4853898934820446,506,499,3922,0.26568077511473737
shares,0.44255012795745474,725,1173,4097,0.26556016597510373
amended,0.422897357336224,2428,417,3594,0.2654424040066778
indeed,0.39366514331307634,344,3656,584,0.2654109589041096
energy,0.42252727094453024,403,2481,3576,0.26538031319910516
beheaded,0.5544794680737916,7,357,1907,0.26533822758259046
02,0.6136623271280355,106,71,931,0.2653061224489796
mostly,0.4467429685911251,113,1676,4137,0.2651679961324631
windsor,0.4996980243337439,268,480,3410,0.26510263929618766
buy,0.4235007738599993,464,2355,3611,0.2650235391858211
defective,0.47036124569234977,290,937,4145,0.26489746682750304
480,0.5425294449120909,228,179,2122,0.2648444863336475
pretensions,0.44571172268043696,282,1534,4127,0.2648412890719651
dayton,0.48636473466141233,806,159,3880,0.26469072164948454
benefit,0.39597725013665425,1575,2425,1478,0.2645466847090663
assume,0.43169122736871024,413,1951,3879,0.26450116009280744
operations,0.40554364270128745,801,3199,2798,0.2644746247319514
frazer,0.5938342444220258,30,190,1161,0.26442721791559
careful,0.4140787548462787,290,3362,3193,0.2643282179768243
energetic,0.5167306551717902,162,397,2774,0.2642393655371305
profess,0.4327389365456315,131,2176,3921,0.26421831165519
butchered,0.6007477239570984,12,195,1094,0.26416819012797077
cancel,0.5825465050338536,103,155,1359,0.26416482707873434
remembered,0.4223545014285788,311,2537,3595,0.2639777468706537
simpson,0.5186915720404696,66,469,2686,0.26396128071481756
extend,0.3995664037634466,1802,2198,1936,0.26394628099173556
popularity,0.5096954577852743,84,537,3032,0.2638522427440633
erection,0.5219935260499577,244,273,2612,0.26378254211332314
nov,0.4223294163605274,888,1944,3605,0.2635228848821082
poland,0.4926727495831442,76,754,3618,0.26340519624101716
doubtful,0.4318122596600136,547,1796,3892,0.26336073997944504
begged,0.4378042654297376,187,1869,4034,0.263262270699058
communicated,0.40752797525806045,930,3070,2933,0.26321172860552333
supply,0.39752235426132637,1142,2858,1801,0.2631871182676291
40,0.3993585513638413,788,3212,1919,0.2631578947368421
446,0.5868679464504126,191,51,1273,0.2631578947368421
wharves,0.5277073083733064,179,309,2486,0.26307320997586486
opposing,0.46341334699851605,227,1146,4176,0.2629310344827586
asked,0.3956841880819994,677,3323,1519,0.2626728110599078
defender,0.5330978114693341,107,339,2304,0.2625868055555556
dragged,0.49331255838412247,38,782,3599,0.2625729369269241
cruize,0.5078600656373337,99,541,3109,0.2624638147314249
disposed,0.3974117285207211,1033,2967,1806,0.26245847176079734
oppressions,0.4968653375765923,99,660,3443,0.26227127505082776
elijah,0.4818062328078028,356,683,3966,0.26197680282400404
indispensible,0.5072552410354024,33,619,3146,0.2619198982835346
combinations,0.4944054112155549,241,552,3524,0.2619182746878547
teas,0.48335325133688534,546,463,3926,0.2618441161487519
absurdity,0.45178412840592425,180,1437,4182,0.2618364418938307
evils,0.40296047409117036,640,3360,2564,0.26170046801872077
declaring,0.4112561563857864,1432,2360,3119,0.26162231484450144
nation,0.38855573831654494,899,3101,627,0.26156299840510366
behave,0.4629390720607893,179,1194,4176,0.2614942528735632
vessels,0.3880914410245898,1270,2730,723,0.26141078838174275
enrich,0.5075218060875264,37,602,3104,0.2612757731958763
island,0.38997066558745946,558,3442,1072,0.26119402985074625
19,0.39261077363401614,1606,2394,1409,0.26117814052519517
somerset,0.507503532199717,334,304,3103,0.26103770544634225
maintain,0.4003629144793099,1048,2952,2219,0.2609283461018477
is,0.4808620436594627,753,3247,23,0.2608695652173913
connolly,0.6406123825309594,103,34,725,0.26068965517241377
drive,0.4300808903517109,248,2193,3813,0.26068712300026226
somewhat,0.40526006049880553,233,3767,2867,0.26055109870945237
class,0.40294196091894274,1146,2854,2583,0.2605497483546264
59,0.4439460956605785,726,1089,4126,0.2605428986912264
harm,0.44371728372508423,166,1658,4116,0.26044703595724006
intimation,0.5008425232933783,73,623,3266,0.26025719534598896
cambridge,0.4389778556449915,491,1478,4076,0.26005888125613347
vigor,0.4858837093203245,172,760,3830,0.2597911227154047
succeed,0.41701303837666737,372,2774,3445,0.2595065312046444
offered,0.39441091795877725,850,3150,1500,0.25933333333333336
64,0.43384534109744727,944,1225,3986,0.2591570496738585
control,0.4112422931369669,1147,2541,3172,0.25851197982345525
borough,0.4226629024264832,932,1760,3672,0.25844226579520696
musket,0.5006109037275641,167,521,3239,0.25841309046001854
exercised,0.40316203238865256,1119,2881,2742,0.25820568927789933
liberal,0.4150752734556497,557,2824,3308,0.2581620314389359
successful,0.41673768500378516,296,2846,3449,0.2580458103798202
extravagant,0.45516502750730914,176,1326,4209,0.25778094559277737
publicly,0.4367388111653896,369,1662,4044,0.25766567754698316
miscarry,0.6501109157832984,8,110,625,0.2576
very,0.38712362329581224,330,3670,101,0.25742574257425743
lottery,0.4298309387769165,1107,1310,3838,0.25742574257425743
unlawful,0.45025876587891905,514,1085,4186,0.25728619206880077
popular,0.4179744151725969,543,2429,3535,0.2571428571428571
maritime,0.45149363021589395,727,837,4205,0.2568370986920333
deem,0.43515944213811447,1050,1014,4037,0.2566262075798861
rectitude,0.4645235042061977,79,1214,4171,0.25653320546631503
impeding,0.6665763408458385,24,56,421,0.25653206650831356
accommodating,0.5575141903401187,96,241,1766,0.2565118912797282
carriages,0.43028542291774535,1201,1108,3920,0.25637755102040816
america,0.3920327189986015,798,3202,441,0.2562358276643991
aware,0.44888045237767893,257,1346,4187,0.2560305708144256
replaced,0.5627322944209525,99,221,1680,0.25595238095238093
compact,0.4318388108077613,749,1465,3962,0.25593134780413934
price,0.39030472414846595,1104,2896,1405,0.25551601423487547
editor,0.488446901553358,106,768,3720,0.2553763440860215
charter,0.39988474709505817,664,3336,2440,0.255327868852459
distillery,0.5875721944306173,74,158,1222,0.2553191489361702
default,0.4368731658161412,1625,348,4075,0.2552147239263804
providing,0.4115680158506921,2301,1323,3213,0.255213196389667
established,0.38602629052467413,1035,2965,1141,0.25503943908851884
unpleasant,0.5181577669896825,66,457,2635,0.25502846299810245
observe,0.3900912978582332,524,3476,1405,0.25480427046263343
interpretation,0.4677252991324537,325,893,4141,0.2547693793769621
transactions,0.41948930017556785,487,2360,3593,0.25466184247147233
unite,0.41199966148549433,565,2969,3248,0.2546182266009852
opportunities,0.43518080929195824,144,1896,4030,0.254590570719603
examine,0.3971695883258078,1634,2366,2043,0.2545276554087127
accusation,0.46005415519496884,150,1218,4177,0.25448886760833134
gladly,0.47832966878905997,22,1029,3981,0.25445867872393874
suffrage,0.4812677085648431,498,504,3920,0.2543367346938776
fishery,0.4732547240317969,205,909,4042,0.2543295398317664
251,0.5375927505927659,260,153,2147,0.25430833721471824
genoa,0.5266440669995991,49,421,2407,0.2542584129621936
disaffected,0.5084123995294337,112,476,2899,0.2542255950327699
steadily,0.4980203433237431,43,669,3316,0.2542219541616405
shilling,0.4207567145827338,1327,1418,3643,0.25418611034861377
entituled,0.4356539321324542,628,1374,4057,0.253882178949963
egress,0.6754220367823706,15,48,327,0.25382262996941896
treasury,0.38477361900414886,3324,676,796,0.2537688442211055
assumption,0.4828806871025064,612,333,3855,0.2536964980544747
behalf,0.3973564226449473,2084,1916,2015,0.25359801488833744
schmyser,0.6507410118250735,13,100,593,0.25295109612141653
magnanimity,0.4795894987549286,147,871,3938,0.2526663280853225
prompted,0.4814079177351842,49,926,3909,0.25249424405218723
discern,0.45217882833619777,68,1450,4210,0.2524940617577197
societies,0.4178542615292569,709,2163,3583,0.25202344404130617
attack,0.39775492405318663,519,3481,2262,0.2519893899204244
jesse,0.48107235799781733,354,631,3914,0.2519161982626469
creeks,0.44259983650545404,574,1187,4150,0.25180722891566265
epithet,0.5464562861893604,34,339,1950,0.2517948717948718
various,0.3850059937182557,412,3588,1144,0.2517482517482518
49,0.4315872183933912,828,1337,3986,0.25163070747616656
getting,0.416881700422906,370,2548,3558,0.2515458122540753
insufficient,0.44718949337907243,755,857,4187,0.25149271554812513
copies,0.4003826542165011,2142,1858,2708,0.2514771048744461
situation,0.3794961699699411,819,3181,736,0.2513586956521739
arising,0.3966719054012672,2044,1956,2046,0.2512218963831867
manned,0.5135120973874368,95,441,2692,0.2511144130757801
insult,0.42029182777306107,340,2376,3666,0.2509547190398254
norfolk,0.45278040277206166,422,1053,4204,0.25095147478591817
needlessly,0.6604625334277814,8,98,554,0.2509025270758123
too,0.3943880290917205,404,3596,323,0.25077399380804954
lesser,0.46407805234552046,366,886,4168,0.2507197696737044
burgesses,0.49865871220367114,284,388,3203,0.25070246643771466
unjust,0.404444150962977,769,3231,2944,0.250679347826087
defend,0.3973732936783161,907,3093,2319,0.25053902544200085
placed,0.3926901086974609,715,3285,1602,0.25031210986267166
usually,0.40414111376739253,748,3252,2913,0.25025746652935116
perpetuate,0.4804582148964108,216,765,3913,0.25019166879631993
1732,0.5737264148858884,48,225,1436,0.25
members,0.3816202021639053,1645,2355,660,0.25
failed,0.4197430624853969,522,2192,3663,0.2497952497952498
exchequer,0.5204538508862034,165,333,2531,0.24970367443698144
consulting,0.48830966144401633,111,732,3650,0.24958904109589042
forcibly,0.4656391859720508,208,999,4123,0.2495755517826825
col,0.39275101449482425,1525,2475,1655,0.24954682779456194
condescend,0.5167843487885723,25,489,2605,0.2495201535508637
hinder,0.44001712221071504,431,1391,4120,0.24951456310679612
positive,0.4152506019829729,590,2415,3503,0.24950042820439622
find,0.3891768230321737,568,3432,469,0.24946695095948826
recognizance,0.4633958743706333,1113,142,4166,0.24939990398463754
despotism,0.4273060787025861,251,2103,3888,0.2492283950617284
garrison,0.41015741003328826,744,2850,3226,0.24922504649721017
positions,0.5156103298536903,118,406,2641,0.24914804998106777
contemplated,0.444187534365394,865,810,4171,0.24910093502757133
quarters,0.3994951809161413,611,3389,2599,0.2489419007310504
difficulty,0.3941185512209327,712,3288,1810,0.24861878453038674
sessions,0.405571912010345,2671,1329,3029,0.2485968966655662
reduced,0.39677320883466516,823,3177,2104,0.24857414448669202
residue,0.4414857200391474,1110,649,4148,0.24855351976856316
fidelity,0.4151464205632963,574,2440,3498,0.24842767295597484
correctness,0.6063590747526012,46,133,942,0.2484076433121019
capture,0.4275805620918221,1184,1118,3923,0.24827937802702013
revenues,0.43880258902173175,852,992,4114,0.24817695673310647
enjoined,0.41912719743020294,1101,1624,3663,0.24815724815724816
blackstone,0.5255018243956425,91,369,2365,0.24778012684989428
contend,0.4272424710002647,553,1775,3908,0.24769703172978505
ireland,0.39965206857722285,362,3638,2750,0.24763636363636363
excellency,0.3854444300830056,1199,2801,1345,0.24758364312267658
inquire,0.4239939309706136,1116,1354,3793,0.24756129712628527
councils,0.414869723373607,575,2430,3503,0.24750214102198115
classes,0.43097667846191534,575,1565,3990,0.24686716791979949
halfpence,0.6726125443015945,14,47,316,0.2468354430379747
receives,0.4339430390981388,327,1626,4085,0.2467564259485924
morals,0.4213320377182377,158,2380,3744,0.2465277777777778
syllable,0.5226503057280338,29,449,2443,0.24641833810888253
claiming,0.4473338173365871,1009,535,4203,0.24601475136807044
inspectors,0.4648115044837898,591,616,4123,0.2459374242056755
acquit,0.49677797467284035,152,525,3207,0.24571250389772373
67,0.4404280017617143,864,884,4157,0.24560981477026703
ruggles,0.5865684184097684,155,68,1173,0.24552429667519182
483,0.5818904295101006,169,63,1222,0.24549918166939444
barrier,0.5012406994622617,109,509,3023,0.24545153820707907
81,0.45453135887124274,768,644,4190,0.24534606205250598
protecting,0.48114305967431703,243,680,3813,0.24521374246000524
acquired,0.4009331460813277,508,3492,2878,0.24496177901320362
confess,0.39803742069902054,364,3636,2609,0.24492142583365273
arrangement,0.4320482853266549,803,1238,4030,0.24491315136476427
prudence,0.39983700140130973,442,3558,2850,0.2449122807017544
preferred,0.4331893887910858,499,1485,4071,0.24490297224269222
00,0.41978682298057046,1911,668,3721,0.24482665950013438
delivering,0.4452773894557023,570,1019,4191,0.2448103078024338
caused,0.40228884638090595,656,3344,2914,0.24468085106382978
easterly,0.49048082278433575,295,475,3474,0.24467472654001152
creates,0.512742145692098,70,456,2649,0.24462061155152887
bring,0.37874675851173856,765,3235,725,0.24413793103448275
knows,0.39574541767342825,184,3816,2245,0.244097995545657
greece,0.4561825578480052,60,1306,4178,0.24389660124461465
candor,0.45169456439499156,446,1009,4204,0.24381541389153188
comes,0.3942769207783389,360,3640,1890,0.24338624338624337
shallop,0.5449480698535812,27,331,1879,0.24321447578499203
unpopular,0.549859677825728,130,212,1793,0.24316787506971557
174,0.5001783477638464,392,233,3048,0.24311023622047245
oyer,0.4799361203720855,503,422,3819,0.24299554857292485
quebec,0.4316010915339139,172,1860,4044,0.24258160237388723
hypothesis,0.5036147412124099,35,557,2919,0.24254881808838644
tyrannical,0.4737694178001066,87,938,3946,0.24252407501267106
ruined,0.4363510336914632,163,1686,4109,0.242394743246532
explained,0.414586237837293,539,2397,3553,0.2423304249929637
guadaloupe,0.4816379263561009,45,862,3768,0.2423036093418259
defended,0.43303254772023275,298,1648,4087,0.24223146562270614
encountered,0.5202512621898657,57,428,2470,0.24210526315789474
beg,0.39283481565311773,1300,2700,1963,0.24197656647987772
interesting,0.39922946943309784,381,3619,2823,0.24194119730782856
foreign,0.376216061057147,2062,1938,744,0.24193548387096775
pistols,0.49562942596734666,98,578,3208,0.24189526184538654
occupied,0.4121666080208369,457,2629,3461,0.24183761918520658
rapids,0.583032524772376,44,175,1154,0.24176776429809357
larger,0.40951046603037755,793,2699,3260,0.24171779141104294
regard,0.38114928243676144,683,3317,869,0.24165707710011508
arranged,0.4910329773573589,181,567,3410,0.24164222873900293
villages,0.45584902963627294,190,1169,4176,0.24161877394636017
declares,0.4165398442759866,585,2146,3656,0.24152078774617067
confesses,0.5595484398424287,22,282,1603,0.24142233312538988
negatively,0.6457363512285151,10,101,580,0.2413793103448276
confide,0.48941998562207173,135,636,3473,0.2412899510509646
surprises,0.6641243656762005,7,69,398,0.24120603015075376
italy,0.4171157187096748,63,2590,3689,0.2409867172675522
judicial,0.3989786747236147,2600,1400,2814,0.24093816631130063
athens,0.4889492211156579,41,731,3476,0.2407940161104718
regimental,0.45652379357436446,722,591,4170,0.2407673860911271
prevails,0.4480922868604841,112,1389,4208,0.2407319391634981
westmoreland,0.49451500082422256,94,591,3232,0.2407178217821782
feme,0.546597783062842,306,42,1825,0.24054794520547945
independence,0.3905329677560678,1071,2929,1813,0.2404853833425262
settle,0.3976325537272229,1089,2911,2678,0.24047796863330845
statute,0.4144201748875404,1311,1597,3564,0.24046015712682378
involved,0.41675921705864566,646,2018,3681,0.2404237978810106
limits,0.39431432957722384,1860,2140,2123,0.24022609514837495
transmitting,0.48550932924983853,543,289,3622,0.2401987852015461
divulged,0.6394800460247391,10,106,612,0.24019607843137256
learnt,0.46532511576053104,36,1124,4072,0.24017681728880158
propriety,0.39219085626507083,1275,2725,1966,0.24008138351983724
does,0.386180094307998,671,3329,588,0.23979591836734693
coasting,0.49873435851380765,298,317,3011,0.23978744603121888
provisions,0.38686395160375114,1584,2416,1565,0.23961661341853036
760,0.5842901645162824,103,111,1131,0.2396109637488948
purpose,0.3855898890701925,1420,2580,468,0.23931623931623933
weal,0.5091381399877738,75,463,2700,0.23925925925925925
encourage,0.4041746540400566,805,3075,3081,0.2392080493346316
neighborhood,0.520510770654856,160,309,2400,0.23916666666666667
demanding,0.48849328473427905,283,488,3473,0.23898646703138496
theory,0.4363358526616668,277,1540,4126,0.23897237033446436
appeared,0.3785258444711093,575,3425,816,0.23897058823529413
rightly,0.44166224055373493,155,1482,4173,0.2389168463934819
likely,0.39145663168465,761,3239,1880,0.23882978723404255
lands,0.3823909873289881,2299,1701,511,0.23874755381604695
47,0.4262828635928541,879,1327,3967,0.23846735568439628
potowmack,0.5691209815624805,35,232,1405,0.23843416370106763
communicating,0.4681956901878269,235,860,4029,0.23827252419955325
cherish,0.4550566163346008,124,1218,4176,0.23826628352490423
prizes,0.41216449286340423,1102,1867,3539,0.23820288217010455
93,0.4709914949701772,510,527,3960,0.23813131313131314
harbor,0.49694577444084725,479,164,3116,0.2381258023106547
lui,0.642837442633531,61,50,580,0.23793103448275862
determinate,0.5293422401813352,65,346,2140,0.23785046728971962
disregarded,0.49248444209010206,112,578,3245,0.23759630200308166
forming,0.4025070017807917,987,3013,3022,0.23759099933818664
encouraged,0.41030392346568595,264,2948,3401,0.23757718318141724
average,0.47338105569541344,411,585,3919,0.23730543505996426
jointly,0.4699523050928279,541,509,3983,0.23725834797891038
tickets,0.43537696219854105,491,1340,4115,0.23718104495747266
magistrate,0.40309504933067875,1074,2834,3057,0.2371606149820085
accommodated,0.47009956525456514,146,905,3981,0.23712635016327555
viewed,0.4252748507134157,507,1714,3958,0.23698837796867103
augmentation,0.4920522007086381,356,340,3266,0.23698714023270054
affidavit,0.4718071524338302,524,492,3937,0.23698247396494793
withdrawing,0.5065743850930137,106,449,2764,0.23697539797395079
hence,0.38133904826145376,300,3700,1397,0.23693629205440228
instead,0.3791430902014394,629,3371,1297,0.23670007710100233
edicts,0.5650725596201014,24,256,1479,0.23664638269100743
teams,0.5083643055065097,331,198,2661,0.2363773017662533
defendant,0.3865567397861215,3262,738,1638,0.23626373626373626
cooperation,0.5235154483696213,62,375,2265,0.23620309050772628
informing,0.4290494212187906,664,1406,4035,0.23618339529120197
458,0.5804408790042264,145,78,1173,0.2361466325660699
calumnies,0.538726025602935,38,340,1978,0.23609706774519718
originate,0.47977222597563923,310,586,3756,0.23588924387646432
suffice,0.46870517108748394,80,983,3983,0.23575194576952047
alien,0.4399323410217627,1052,610,4180,0.23564593301435408
sensible,0.38886773688388887,263,3737,1774,0.23562570462232243
examined,0.39541380844918633,1360,2640,2534,0.2355958958168903
navigable,0.46529719670308783,277,844,4041,0.23558525117545162
gloves,0.4752903725863474,25,918,3847,0.2355081881985963
compliance,0.4158532068339134,717,1938,3686,0.23548562126966902
expectation,0.4037405515832091,474,3383,3092,0.23544631306597671
armies,0.3951335842760663,735,3265,2608,0.23542944785276074
mentioning,0.45592651791927635,232,1058,4170,0.23525179856115108
rye,0.46485563538433555,176,967,4051,0.23500370278943472
deerfield,0.5579038554693342,120,167,1515,0.23498349834983498
insults,0.4612559386729267,161,1035,4112,0.23492217898832685
vigilance,0.461166404401217,143,1052,4111,0.23473607394794455
negociations,0.4959501989903593,88,553,3110,0.23440514469453377
engage,0.3960078500148597,687,3313,2773,0.23440317345834835
maintenance,0.4305811018059723,886,1060,4087,0.23440176168338633
currently,0.6389465192914137,16,97,593,0.23440134907251264
deepest,0.4664024255614034,49,1051,4036,0.23439048562933598
probabilities,0.618428594448176,20,128,781,0.23431498079385404
transaction,0.43598222557659155,374,1391,4148,0.2340887174541948
repelling,0.5541215040701236,110,204,1650,0.23393939393939395
place,0.39987377693628595,1011,2989,201,0.23383084577114427
exercising,0.45262542757002294,374,965,4174,0.2338284619070436
designed,0.3955325009799848,350,3650,2767,0.23382724972894833
seem,0.38031138669916575,513,3487,1420,0.23380281690140844
assign,0.45795005696123153,442,796,4153,0.2333253070069829
imputed,0.45391299581606454,102,1216,4175,0.2332934131736527
dispose,0.40522102062027254,1117,2542,3194,0.2332498434564809
debated,0.4469178249860187,784,675,4206,0.2332382310984308
123,0.4892753748363305,423,319,3385,0.23308714918759232
mutual,0.3937690248929277,731,3269,2426,0.23289365210222587
calculations,0.4743573312456577,307,618,3819,0.23252160251374707
appointment,0.38701150563828457,2161,1839,1787,0.23223279238947958
quite,0.38857658240769166,168,3832,1848,0.23214285714285715
1784,0.3947118650225714,2542,1458,2750,0.232
undertakers,0.6086712249801065,38,119,828,0.2318840579710145
utensils,0.46577969518893825,149,935,4015,0.23188044831880447
subaltern,0.548856007362028,173,152,1704,0.2318075117370892
truest,0.540743755756127,24,332,1869,0.23167469234884966
justifiably,0.7207379290850728,3,21,95,0.23157894736842105
modes,0.42693094762209954,399,1691,4019,0.23115202786762876
grants,0.402834544830553,2008,1767,3128,0.2311381074168798
dealt,0.4580756236121006,197,1016,4130,0.23075060532687652
offer,0.3871895402195476,694,3306,1868,0.23072805139186295
recommend,0.39301185790455034,874,3126,2566,0.23070927513639908
debt,0.37692901092315506,2472,1528,841,0.23067776456599287
emissaries,0.524412062095433,58,362,2181,0.23062815222375058
belgic,0.6657389066660594,18,46,334,0.23053892215568864
absolute,0.3903507752619413,780,3220,2353,0.23034424139396514
recommends,0.49855977492920817,86,499,2883,0.23031564342698577
informant,0.5260025957155354,138,270,2128,0.23026315789473684
clamor,0.5671264493464738,133,122,1342,0.23025335320417287
committing,0.448361564375828,498,895,4183,0.23021754721491752
possessors,0.4834914114770932,245,545,3519,0.23017902813299232
appealed,0.4783364290749525,390,487,3717,0.23002421307506055
sundry,0.38848911036150546,1824,2176,1913,0.23000522739153162
quantities,0.40599431590033275,779,2723,3255,0.22980030721966205
willing,0.3856792209114952,786,3214,1680,0.22976190476190475
402,0.5766234090415436,168,58,1193,0.22967309304274938
charters,0.44847893432953134,268,1116,4185,0.22962962962962963
disperse,0.4942189220047367,86,546,3080,0.22954545454545455
suffer,0.37649726351508483,384,3616,1299,0.2294072363356428
hutchinson,0.46839723123458665,199,826,3946,0.22934617334009122
909,0.6650596274235564,50,22,375,0.22933333333333333
employing,0.46879565276573465,267,744,3930,0.22900763358778625
intends,0.45408850588597094,84,1197,4169,0.22883185416166946
maintaining,0.4341745661645555,719,1038,4149,0.2287298144131116
timber,0.4060227361363521,1059,2391,3287,0.22847581381198662
remove,0.3871775909099484,1233,2767,1937,0.22818791946308725
wisest,0.45827479382029207,62,1140,4112,0.22811284046692606
secure,0.3812669891128485,983,3017,1548,0.2280361757105943
intirely,0.47073484462611703,31,928,3877,0.228011348981171
privileges,0.3848682665741609,1115,2885,1702,0.22796709753231492
allows,0.4627910683046745,139,980,4042,0.22785749628896587
persisted,0.48223387743697665,81,721,3551,0.2278231484088989
debtors,0.42526120692949865,1258,812,4035,0.22775712515489469
loyalty,0.45582541745899985,40,1199,4151,0.22765598650927488
deviation,0.4986190448131611,154,417,2825,0.22761061946902655
cognizable,0.48216768889858197,628,176,3557,0.22743885296598257
attained,0.4315842586236503,242,1604,4112,0.22738326848249027
profits,0.41907232506778963,905,1434,3893,0.22733110711533522
48,0.41307315708715153,888,1761,3693,0.22718656918494448
423,0.5458707962205602,258,72,1732,0.22690531177829099
prescribed,0.39886526857793675,2051,1928,3043,0.22674991784423265
underwritten,0.5937915234543965,98,76,918,0.22657952069716775
oats,0.4927066688748377,82,544,3053,0.22633475270226008
traders,0.43606696326907585,262,1416,4169,0.22595346605900696
outrage,0.4769645185538093,130,742,3711,0.225815144165993
subscribe,0.43348000826527316,723,1039,4150,0.22578313253012047
410,0.5413523325756813,189,155,1804,0.22560975609756098
effectual,0.3902061582205112,1141,2859,2505,0.22554890219560877
faire,0.6216017727258571,83,58,741,0.2253711201079622
articles,0.3756558801390359,1758,2242,831,0.2250300842358604
defiance,0.44488114438270904,129,1299,4191,0.22500596516344548
sufficient,0.37198195182062477,1421,2579,640,0.225
pronounce,0.43492861240294345,181,1520,4157,0.22492181861919652
manufactories,0.5110536280110564,81,413,2512,0.2249203821656051
defame,0.6132437102070973,31,116,774,0.2248062015503876
resource,0.45512124571228896,278,950,4146,0.22479498311625662
255,0.5104645995351139,272,225,2525,0.22415841584158416
college,0.38987263672159994,745,3255,2579,0.22411787514540518
progressed,0.6620981506331698,17,41,299,0.22408026755852842
confined,0.384604398108636,835,3165,2044,0.22407045009784735
conscious,0.4084525242200567,111,2871,3524,0.2238933030646992
dispatches,0.46604599278504294,132,891,3944,0.2238843813387424
dissemination,0.6662442883045803,7,45,268,0.22388059701492538
guns,0.3893124924659776,531,3469,2515,0.2238568588469185
pervade,0.5407726359755333,65,278,1796,0.22383073496659242
examination,0.3877912241881043,1314,2686,2319,0.2238033635187581
firmness,0.4133227089022177,285,2287,3727,0.22377247115642607
lots,0.3840563749988287,1925,2075,2038,0.2237487733071639
despotic,0.45213266703932775,144,1136,4170,0.2237410071942446
detachment,0.41819849929532577,835,1464,3925,0.22369426751592356
hague,0.5246437438282769,133,269,2098,0.22354623450905625
contest,0.40995111290312325,465,2418,3576,0.22343400447427292
addressed,0.3976628806994222,538,3356,3066,0.22341813437703847
expense,0.38921827838981166,2763,1237,2513,0.2232391563867887
warrants,0.4040770364804136,2747,795,3244,0.22318125770653513
illegal,0.44654183187591273,400,975,4181,0.22315235589571872
especially,0.37076886296970835,375,3625,1188,0.22306397306397308
sanction,0.42063563747749133,573,1615,3977,0.2230324365099321
approve,0.40520878500398383,991,2413,3309,0.22272589906316106
37,0.40347484549206236,1105,2465,3235,0.22256568778979907
volunteers,0.46011894648494694,422,691,4040,0.22252475247524753
jacob,0.3844238630991972,798,3202,1838,0.22252448313384113
unsuccessful,0.47549057124880945,94,768,3691,0.22216201571389868
fully,0.37005916305212516,1246,2754,1202,0.2221297836938436
assembly,0.3760801717804807,1390,2610,599,0.22203672787979967
46,0.4165989972253413,873,1502,3871,0.2219064841126324
adopts,0.5903353803431612,35,144,942,0.2218683651804671
bringing,0.38919666358943955,1073,2927,2651,0.22180309317238778
ships,0.37168964579300695,995,3005,1141,0.22173531989482909
contributing,0.4982129612114501,69,488,2770,0.2216606498194946
gives,0.37716930345339367,429,3571,1435,0.221602787456446
india,0.38573237842375185,486,3514,2216,0.22157039711191337
peers,0.47631275355054603,75,765,3643,0.2209717265989569
orleans,0.46981448798936487,167,766,3832,0.22077244258872653
clerks,0.3962400768292071,3260,740,3035,0.22075782537067545
potatoes,0.4681899139965137,31,927,3877,0.2205313386639154
lxxx,0.5447492868362896,257,69,1710,0.22046783625730995
apportioned,0.48655482327824146,602,104,3294,0.2204007285974499
76,0.4379544794357367,730,806,4203,0.22031881989055438
newport,0.42328557710305814,386,1658,4034,0.22012890431333665
wisher,0.5878414556207302,7,174,954,0.22012578616352202
134,0.4941853472693134,303,288,2912,0.22012362637362637
suspend,0.43407947108887757,812,854,4180,0.22009569377990432
135,0.4806653681382853,364,417,3495,0.2200286123032904
153,0.48482633207636067,456,281,3369,0.21994657168299198
woollen,0.48652561780069065,54,654,3301,0.21993335352923357
magazines,0.4624119405031774,515,555,3993,0.2198847983971951
apprehensions,0.40865357994968526,338,2519,3584,0.21986607142857142
exclusion,0.4743242313449799,231,626,3674,0.21965160587915078
pertaining,0.573734627065228,35,179,1131,0.21927497789566755
warmest,0.4521873489135422,76,1167,4160,0.21923076923076923
governor,0.3761374949095896,1613,2387,502,0.21912350597609562
defects,0.4306303491944299,380,1387,4147,0.2189534603327707
concessions,0.4771600927998719,166,656,3603,0.21870663336108798
jefferson,0.418938518657555,1087,1128,3960,0.21868686868686868
impartially,0.4683905474682149,386,554,3846,0.21866874674987
strict,0.403693775884468,349,3071,3303,0.2185891613684529
fallacy,0.5253124753963146,51,341,2046,0.218475073313783
property,0.37558357344031157,1441,2559,554,0.2184115523465704
roxbury,0.49495643989989824,186,392,2853,0.21836663161584297
confiscations,0.5946266246182809,64,102,875,0.21828571428571428
concerns,0.40238169347559527,575,2972,3240,0.21820987654320986
highways,0.4294397020753709,1355,466,4120,0.21820388349514563
dangerous,0.37999408204660456,704,3296,1600,0.218125
daniel,0.3833317151501727,1420,2580,1936,0.21797520661157024
surrendered,0.45904566939144215,186,917,4037,0.21773594253158285
possession,0.3687512707174827,817,3183,1273,0.2175962293794187
became,0.3735535708704185,408,3592,1370,0.21751824817518248
policy,0.3828006617804998,1163,2837,1927,0.21743642968344576
sarah,0.4237658462192236,510,1450,4084,0.21718903036238982
offenders,0.4163996581377127,1208,1095,3923,0.21718072903390262
presumes,0.5752414575137925,46,166,1119,0.21715817694369974
173,0.4901565772341405,376,248,3045,0.21707717569786536
creditor,0.4053940588024429,2281,882,3432,0.21707459207459207
1762,0.4367375061075224,596,937,4204,0.21693625118934348
mischievous,0.46470794022085116,194,815,3926,0.21650534895568008
interrogated,0.5760719668149119,31,178,1104,0.2164855072463768
damages,0.3865403323643117,3080,920,2472,0.21642394822006472
howe,0.41672383517133804,474,1796,3946,0.21642169285352256
nath,0.5855882212586685,87,95,962,0.21621621621621623
alarming,0.41512185294330006,289,2121,3845,0.21612483745123537
duly,0.38267376978690454,2128,1872,2055,0.21605839416058395
disposal,0.43898201657277747,343,1148,4212,0.21604938271604937
credence,0.5681367676554736,141,91,1222,0.2160392798690671
performing,0.43393959759589423,468,1127,4191,0.2159389167263183
suspected,0.40752833753099843,280,2606,3577,0.21582331562762092
hurting,0.5580267313508841,21,241,1381,0.21578566256335988
trade,0.3685835212573287,1075,2925,751,0.21571238348868177
possessions,0.41554291062452836,523,1807,3908,0.21571136131013305
recent,0.44629819996722364,191,1126,4174,0.21562050790608528
already,0.3679317710946503,989,3011,734,0.21525885558583105
altering,0.4419729225885029,861,559,4191,0.2152230971128609
monmouth,0.4911043491458868,147,448,2925,0.21504273504273505
done,0.3787404317377935,901,3099,400,0.215
moment,0.3694656166283792,338,3662,940,0.2148936170212766
surrender,0.40827957415629107,647,2151,3618,0.21475953565505804
relating,0.38890885920086304,1793,2207,2847,0.2146118721461187
florida,0.4427939723151154,225,1149,4181,0.21430279837359484
piracies,0.5458151429207911,177,131,1624,0.21428571428571427
possessed,0.3809675959524463,773,3227,1840,0.2141304347826087
oxen,0.4622803869906306,220,808,3951,0.214123006833713
martinico,0.4646266154637942,32,962,3920,0.21403061224489797
whatever,0.36962238092540467,854,3146,902,0.2139689578713969
petitions,0.4045769431131077,1198,1953,3445,0.213933236574746
writs,0.40711070611606937,2111,771,3576,0.2139261744966443
rents,0.42385883486065784,1062,844,4098,0.21376281112737922
discharging,0.4291975156302138,886,876,4150,0.21373493975903615
severely,0.43093691154238845,131,1572,4161,0.21365056476808458
particularly,0.36859091542282596,705,3295,1011,0.21364985163204747
expectations,0.41083792925389345,261,2288,3734,0.21317621853240493
elderkin,0.7122731332087457,20,8,122,0.21311475409836064
reduce,0.40549479015221584,769,2189,3545,0.21297602256699577
fund,0.3954543195942405,1964,1803,3133,0.21257580593680178
instances,0.3796520419008608,523,3477,1763,0.21213840045377197
admiral,0.4056454209951729,183,2744,3555,0.2120956399437412
american,0.36623417372550504,824,3176,741,0.21187584345479082
fertility,0.4896805155664642,46,566,3002,0.21185876082611593
576,0.594532043229221,106,54,845,0.2118343195266272
constructed,0.4614789072112453,158,864,3943,0.2117676895764646
batteries,0.4701082541374301,157,708,3698,0.21173607355327204
newspaper,0.4882610384667513,209,439,3132,0.21168582375478928
observance,0.4547218598136301,253,906,4070,0.21154791154791155
were,0.41325324397163893,652,3348,52,0.21153846153846154
flatter,0.414245832084036,187,2143,3908,0.21110542476970318
161,0.48997298871744344,358,242,2947,0.21106209704784526
inconveniencies,0.4624526861556464,261,747,3927,0.2108479755538579
enumerate,0.4839759622577786,96,587,3222,0.21073867163252638
insurrections,0.4846444998958617,228,452,3213,0.21070650482415187
consent,0.36681749652922385,1525,2475,1201,0.21065778517901748
escort,0.5361533820004882,63,276,1777,0.2104670793472144
sep,0.547115924931629,134,152,1511,0.21045665122435472
religiously,0.5106165636579058,51,404,2342,0.21007685738684884
occasioned,0.38017904660946306,503,3497,2057,0.21001458434613515
323,0.5341122190191594,237,104,1786,0.20996640537513997
impeachment,0.4134207818705509,1554,800,3888,0.20987654320987653
depositions,0.47254491183611613,458,365,3603,0.20982514571190675
edward,0.38010014886841115,1193,2807,1956,0.20961145194274028
407,0.5385210311427236,241,89,1732,0.20958429561200922
multiplicity,0.5125916938306954,92,342,2249,0.20942641173855048
period,0.36773548364866465,806,3194,1314,0.20928462709284626
sentiments,0.3687182436354108,558,3442,1372,0.20918367346938777
287,0.5247645094430654,234,141,1960,0.20918367346938777
east,0.36936560897593057,581,3419,1062,0.20903954802259886
suspicions,0.43034289994266633,250,1417,4177,0.2090016758439071
1767,0.44222928439457393,283,1050,4177,0.2090016758439071
restore,0.40032862375946393,352,3047,3308,0.20888754534461912
against,0.38594549856313315,854,3146,158,0.2088607594936709
therefrom,0.43092836111860494,877,753,4182,0.20875179340028693
authentic,0.4404477515144107,282,1098,4183,0.20870188859670094
hourly,0.48868937553827635,19,588,2976,0.2086693548387097
nominal,0.4583524755667387,376,669,3974,0.20835430296930046
with,0.4708131306046904,623,3377,24,0.20833333333333334
toward,0.4116184982789703,192,2245,3818,0.20822420115243584
cited,0.4451454162318225,558,714,4168,0.20801343570057582
unpaid,0.4734634811095014,539,243,3500,0.208
invaluable,0.4687310548804066,71,792,3690,0.2078590785907859
reducing,0.45254518521920234,382,776,4073,0.20770930518045666
extensive,0.3796977909046648,604,3396,2057,0.2075838599902771
jun,0.38364752454881385,1563,2437,2535,0.20749506903353057
moderation,0.41089823280971627,318,2154,3791,0.20733315747823794
purchasing,0.4247242042684101,899,922,4120,0.20728155339805826
cro,0.5155323318089318,300,114,2152,0.20724907063197026
countervail,0.6321862166127843,32,79,580,0.20689655172413793
prevailed,0.38331860663287404,348,3652,2621,0.20679130103014118
yield,0.3846961745599045,487,3513,2771,0.20678455431252254
abhorrence,0.45438910457901577,63,1072,4048,0.2067687747035573
250,0.4314246345298606,457,1124,4195,0.2066746126340882
import,0.41158438635785216,654,1772,3833,0.20662666318810333
extension,0.456349275153726,342,729,3993,0.2066115702479339
individuals,0.3781364416288243,1280,2720,2038,0.20657507360157018
sales,0.41889012788595253,1275,738,4048,0.20652173913043478
harris,0.45571293491010517,287,808,4029,0.2065028543062795
inimical,0.49130025650784725,173,384,2770,0.20649819494584837
gained,0.3910106236682746,379,3559,3051,0.20648967551622419
equivalent,0.4170206805871231,970,1107,4030,0.2064516129032258
say,0.38040698741160506,454,3546,320,0.20625
relieve,0.40591096925587344,372,2377,3643,0.20614877847927532
apprehension,0.40255394794598937,417,2589,3504,0.2060502283105023
authenticated,0.4764171909360544,365,389,3433,0.20594232449752403
purchased,0.38152760366084193,1519,2481,2433,0.2059186189889026
curators,0.6620349799134838,11,42,272,0.20588235294117646
without,0.3856957701545993,823,3177,136,0.20588235294117646
heavier,0.5108968705715401,59,375,2249,0.2058692752334371
distillers,0.5575100937624113,116,126,1273,0.20581304006284368
organized,0.4824481048899742,277,395,3203,0.2057446144239775
critical,0.41169482467913865,365,2004,3875,0.20567741935483871
paying,0.37620624270422137,1822,2178,1678,0.20560190703218117
partly,0.3955806207399899,550,3041,3227,0.20545398202665013
dispassionate,0.5401338906254284,41,274,1655,0.2054380664652568
excise,0.40142027889382453,1950,1210,3437,0.2054116962467268
conrad,0.47115192897413977,64,737,3545,0.20535966149506346
methods,0.4068178669828112,246,2391,3696,0.20535714285714285
138,0.47077956540409566,518,297,3585,0.20529986052998606
stronger,0.4109187962719759,214,2230,3814,0.20529627687467225
contiguous,0.4563786623318251,226,832,3985,0.2052697616060226
319,0.5297155979140654,230,114,1804,0.20509977827050999
officer,0.36425492864145237,2462,1538,698,0.20487106017191978
needless,0.43790379208698477,95,1314,4189,0.20482215325853426
freemen,0.38549075818290357,1421,2579,2853,0.2046968103750438
regarded,0.40438169403080726,436,2406,3596,0.20467185761957732
navigation,0.3807623338095603,1461,2539,2351,0.20459378987664822
southern,0.3812037713628247,1702,2298,2439,0.2045920459204592
368,0.5506803932390026,177,88,1398,0.20457796852646637
woollens,0.5785150153735944,25,160,978,0.20449897750511248
attention,0.3675511606430686,549,3451,851,0.2044653349001175
intents,0.4172557883640208,1551,478,4046,0.20439940682155214
stigmatize,0.6527975867220148,12,75,455,0.2043956043956044
spain,0.3790069221389344,999,3001,1939,0.20422898401237752
hostile,0.40855105271056313,586,1945,3752,0.20415778251599148
surrendering,0.554227402182345,84,173,1353,0.2039911308203991
inventors,0.5953969615336292,40,114,815,0.20368098159509201
211,0.49251298253947307,321,212,2677,0.2035861038475906
85,0.44334269028485496,488,775,4162,0.20326765977895242
solemnly,0.4103608038017948,581,1853,3824,0.20319037656903766
54,0.41778484669050875,648,1330,4072,0.2030943025540275
bestow,0.4076538527305974,108,2440,3735,0.20267737617135206
africa,0.40859858678094463,147,2354,3770,0.2026525198938992
taxation,0.4051395625761298,1402,1346,3642,0.2026359143327842
brigade,0.41566090471201106,1249,880,3999,0.20255063765941486
wharfs,0.5651445386891466,145,73,1151,0.20243266724587317
framed,0.42947913454559977,371,1220,4191,0.20233834407062753
confederacy,0.4285708284828934,680,963,4179,0.20220148360851878
propositions,0.41171934855609027,1130,1163,3929,0.20208704504963096
403,0.5387256673712969,218,95,1643,0.202069385270846
honorable,0.3771991379533126,1907,2093,1935,0.2020671834625323
noticed,0.43771837828359556,322,1069,4179,0.20196219191194065
elliott,0.5720647078688303,62,135,1040,0.20192307692307693
connexion,0.421851735121173,442,1395,4116,0.2018950437317784
worse,0.38107977038062624,311,3689,2632,0.20174772036474165
observable,0.4618914952420688,66,861,3823,0.20167407794925452
less,0.37370608226850754,724,3276,486,0.20164609053497942
productive,0.41146719001602244,539,1780,3913,0.20163557372859697
delegate,0.41765056573963466,1470,477,4085,0.201468788249694
deration,0.6824944796686714,26,6,149,0.20134228187919462
perform,0.37837043785575875,1337,2663,2166,0.2012927054478301
banning,0.6673110341471402,3,31,164,0.20121951219512196
suspicion,0.39184248385476483,498,3231,3147,0.2011439466158246
invade,0.45793540222199525,121,891,3931,0.2009666751462732
latest,0.45164858101176025,62,1078,4052,0.2006416584402764
circumstances,0.3611616933915431,790,3210,783,0.20051085568326948
proposals,0.4215846692759305,362,1473,4115,0.20048602673147023
scotland,0.4004867756381286,186,2790,3532,0.20045300113250283
solicitude,0.4424780670995565,137,1126,4162,0.2003844305622297
363,0.5302367113173927,222,112,1752,0.20034246575342465
omitted,0.4103360637026415,816,1571,3864,0.20031055900621117
53,0.41906816181954903,660,1232,4102,0.20014627011214042
has,0.4014245428541885,650,3350,80,0.2
drawback,0.47908136016515573,539,148,3237,0.19987642879209144
madison,0.3846244978168735,3632,368,2892,0.19986168741355465
skirmish,0.550303669300701,5,257,1381,0.1998551774076756
baggage,0.4400761904179624,278,1031,4167,0.19966402687784976
awarding,0.6509554185459481,63,25,461,0.19956616052060738
1764,0.43155525758412694,485,1031,4210,0.1995249406175772
pursue,0.38023567565567906,607,3393,2564,0.19929797191887674
intended,0.36490373377578667,1118,2882,1109,0.1992786293958521
sovereignty,0.39984124161452084,1057,1958,3498,0.19925671812464266
accept,0.38040779822583237,1227,2773,2565,0.19922027290448344
cherokees,0.4599404896220644,183,755,3841,0.19916688362405624
incurring,0.5220258268954373,101,259,1888,0.19915254237288135
supposed,0.3639650866816165,714,3286,889,0.19910011248593926
presentment,0.49305650144630947,369,151,2622,0.19908466819221968
disturb,0.4271500364605981,174,1469,4179,0.19885139985642497
beyond,0.36474932633786245,614,3386,1318,0.19878603945371776
insinuates,0.5952558824054083,11,138,785,0.19872611464968154
entertain,0.399338264738493,563,2506,3468,0.1986735870818916
wharf,0.4646819960626245,362,508,3706,0.1985968699406368
gratify,0.41623542495720284,146,1859,4054,0.19856931425752344
trustees,0.38397388932894067,2242,1758,2903,0.198415432311402
expenses,0.399305134684941,2514,578,3461,0.19820861022825773
distinct,0.38361729963462193,697,3303,2896,0.19820441988950277
296,0.5293855163725535,194,139,1746,0.1981672394043528
gratefully,0.47589215127764745,21,691,3316,0.19813027744270206
amidst,0.40339556082237077,63,2698,3641,0.19802252128536116
72,0.42167996658945284,685,1088,4142,0.19797199420569772
complying,0.458802219791191,372,582,3872,0.1978305785123967
reversing,0.6201355596623928,67,50,617,0.19773095623987033
115,0.4726084179110185,293,458,3419,0.1974261479964902
postmaster,0.45970106210684913,873,56,3824,0.19717573221757323
1744,0.5387874307928813,73,225,1573,0.19707565162110616
formidable,0.40947779152416747,302,2064,3879,0.19695797886053107
186,0.46858410107872966,532,253,3502,0.1967447173043975
inconsistency,0.4679579160272946,173,627,3545,0.19661495063469675
respect,0.3632391699759864,879,3121,646,0.19659442724458204
insidious,0.4646654314858966,126,731,3674,0.19651605879150788
45,0.39515965091681504,1046,2348,3308,0.19649334945586458
signing,0.45618627274650714,548,459,3925,0.1964331210191083
circumstance,0.3752714069991614,515,3485,1904,0.19642857142857142
republick,0.6210460148562003,7,107,601,0.19633943427620631
heretofore,0.37654871557489894,2568,1432,2160,0.1962962962962963
captain,0.3718659962976558,626,3374,469,0.19616204690831557
surveyor,0.3985089790744212,2300,709,3499,0.19605601600457273
caldwell,0.46681142971085354,210,588,3539,0.19581802769143825
preceding,0.37973108523995863,928,3072,2564,0.19578783151326054
magnitude,0.4290707979806409,353,1201,4203,0.19557458957887222
third,0.36010394984238575,1551,2449,701,0.19543509272467904
signified,0.4420381171601281,230,1007,4153,0.1952805201059475
desirable,0.411317320212157,576,1649,3955,0.19494310998735778
comprehending,0.47809174984977887,183,494,3207,0.1948861864671032
waited,0.3980651171910547,224,2817,3485,0.19483500717360114
usurp,0.5134007896949342,86,309,2060,0.19466019417475727
morality,0.40968767578104814,205,2099,3925,0.1946496815286624
jury,0.37328752545025085,2246,1754,1835,0.19400544959128066
34,0.38799177327904133,1207,2517,3150,0.19396825396825396
bremen,0.6317940094440815,8,99,557,0.19389587073608616
anticipate,0.46988823642946675,114,650,3457,0.19380966155626267
foreigner,0.47426051269103586,265,436,3277,0.19377479401891975
55,0.41097918120852167,724,1494,3960,0.19368686868686869
surprised,0.3968477542543409,393,2714,3459,0.19340849956634865
granting,0.37899810150783864,2664,1336,2638,0.19332827899924185
offenses,0.39274848619754993,1551,1967,3254,0.19330055316533498
tending,0.42478091386620354,424,1201,4181,0.19325520210475963
corporation,0.37973631312094625,2396,1604,2692,0.19316493313521546
commerce,0.36132777736945465,1478,2522,984,0.19308943089430894
inviolable,0.4684554028056102,123,645,3471,0.1930279458369346
take,0.3854761582475034,1046,2954,197,0.19289340101522842
across,0.3964081358796709,580,2533,3458,0.19288606130711394
openly,0.4068047788985583,256,2191,3811,0.19286276567829966
protract,0.5704561433215111,40,148,996,0.1927710843373494
referring,0.45763463241593544,475,466,3845,0.1927178153446034
prefer,0.41393233977819127,395,1654,4030,0.19255583126550868
99,0.44766074674364315,600,527,4051,0.19254505060478894
aggregate,0.4731536655696727,337,377,3325,0.1924812030075188
remote,0.39665926867560714,458,2547,3503,0.19240650870682272
can,0.3789673994835574,509,3491,104,0.19230769230769232
efforts,0.37944388925532413,456,3544,2751,0.19229371137768084
asserts,0.45481955765894627,61,947,3927,0.19225872167048638
superseded,0.5128136051283094,116,273,2031,0.19202363367799113
abolished,0.448702539092638,162,946,4037,0.19197423829576418
procured,0.380743460525884,916,3084,2872,0.19185236768802227
comprehended,0.4345684475646109,423,942,4176,0.19181034482758622
therefore,0.381140715715044,989,3011,219,0.1917808219178082
pleases,0.4274089459968522,184,1358,4203,0.19176778491553653
feudal,0.4810504267513496,72,568,3109,0.19170151174010935
attentively,0.46657815648751005,78,699,3486,0.19162363740676994
destroy,0.3723140993448727,591,3409,1837,0.19161676646706588
quorum,0.4298493868471803,853,635,4212,0.1915954415954416
dictate,0.4446557391200574,185,990,4088,0.1915362035225049
wilmington,0.40931561660489374,534,1740,3941,0.19132199949251458
candid,0.40931818603773307,319,1949,3948,0.19123606889564337
exeter,0.4811282558913608,146,478,3045,0.19113300492610838
betwixt,0.4136097091907208,259,1777,4037,0.19098340351746346
inevitable,0.44717018628259936,184,943,4051,0.19081708220192545
397,0.5426871343135552,198,77,1447,0.19073946095369732
matthew,0.4018393324438268,819,1833,3691,0.1907342183690057
driven,0.3927505522055728,354,3078,3298,0.19072164948453607
tomorrow,0.4547325565401478,199,806,3922,0.19071902090770015
pence,0.36629668973527313,2914,1086,1532,0.1906005221932115
are,0.4643341349182374,706,3294,42,0.19047619047619047
162,0.4856677721343048,288,283,2825,0.1904424778761062
hoped,0.37375422065420677,1738,2262,2106,0.19040835707502374
ancestors,0.4017972934896856,140,2489,3700,0.19027027027027027
381,0.5158886637782347,305,75,1988,0.19014084507042253
venture,0.3948665949297148,247,2922,3427,0.18996206594689233
relinquished,0.47944487366770855,183,464,3127,0.18995842660697154
salutary,0.40779441640627273,257,2068,3908,0.18986693961105425
496,0.5778508954259935,121,47,885,0.18983050847457628
uriah,0.5298897174063165,171,147,1670,0.18982035928143712
acre,0.4013102529070622,1006,1618,3707,0.18964121931480982
43,0.4045816161361446,911,1574,3782,0.18958223162347965
consulted,0.42944548796522786,259,1222,4204,0.18934348239771645
originally,0.39487599779749566,1010,2105,3455,0.18929088277858178
428,0.5365722671287323,200,93,1548,0.1892764857881137
restrain,0.4009884400458791,491,2143,3700,0.1891891891891892
taxes,0.3606163687038753,2482,1518,1126,0.1891651865008881
409,0.5368377917432312,203,89,1544,0.18911917098445596
unfit,0.4290897482213807,294,1199,4211,0.18902873426739492
brun,0.5563180704341817,79,148,1196,0.18896321070234115
experiencing,0.5576144836972475,10,205,1133,0.18887908208296558
1772,0.41438598403817056,508,1424,4098,0.18887262079062958
admirably,0.5054895239762496,14,407,2182,0.18881759853345553
deliberate,0.4263024315214831,347,1185,4206,0.1887779362815026
kinds,0.3740244315987691,392,3608,2238,0.18856121537086684
swamps,0.5004421361698826,60,390,2322,0.18819982773471144
371,0.5278212656038095,230,90,1680,0.1880952380952381
notifying,0.5477523441460095,188,55,1276,0.18808777429467086
indefinite,0.4853623650309125,238,331,2813,0.18805545680767863
immorality,0.4917371455425474,63,438,2542,0.1880409126671912
speaker,0.3743229511342858,1936,2064,2303,0.18801563178462874
denied,0.3794268106302431,811,3189,2835,0.18800705467372134
dissuade,0.540394637679547,24,256,1479,0.18796484110885733
accorded,0.6069703992356782,24,104,676,0.1878698224852071
alternative,0.4488409083724697,257,812,3989,0.18776635748307846
complain,0.39102802237582757,624,2811,3292,0.18772782503037666
impowered,0.37672623635360947,3507,493,2525,0.18772277227722772
disputes,0.402176516772955,938,1619,3730,0.1876675603217158
209,0.48719563241853203,281,254,2686,0.18763961280714817
successors,0.39430989305016007,1357,1755,3458,0.18739155581260844
1788,0.375283407123602,2965,1035,2478,0.18724778046811946
arrives,0.4569307740267184,113,797,3777,0.1871855970346836
fayal,0.6478780049882882,10,59,358,0.1871508379888268
determine,0.3680962668895944,1604,2396,1721,0.18710052295177224
repeat,0.39718159813011555,389,2465,3592,0.1870824053452116
locations,0.5639825421780565,150,48,1048,0.18702290076335878
perused,0.4985271745281443,40,419,2358,0.18702290076335878
punctually,0.4655458358919313,146,621,3466,0.1869590305828044
373,0.5309513150743308,213,94,1617,0.18676561533704392
practised,0.39835690021448716,247,2532,3631,0.18672541999449188
interfering,0.4848874208415882,235,331,2803,0.1865858009275776
except,0.35826335675206894,1435,2565,815,0.18650306748466258
importations,0.4890095248135761,145,375,2622,0.18649885583524028
sterling,0.37892822985856844,1113,2887,2810,0.18647686832740212
gano,0.6980447924423796,7,18,102,0.18627450980392157
263,0.5154275372377249,227,146,1950,0.18615384615384614
erected,0.37473222938203943,649,3351,2364,0.18612521150592218
exchanged,0.421338701820935,539,1115,4182,0.18603538976566236
possess,0.37346041410157194,706,3294,2237,0.1859633437639696
gaol,0.3935637258122021,2081,1023,3458,0.18565644881434354
norristown,0.5759892932905235,4,163,878,0.1856492027334852
bucks,0.38754547134622236,95,3508,3218,0.18551895587321318
enhance,0.5296219708913025,66,243,1625,0.18523076923076923
organization,0.4629624919036914,368,433,3545,0.185049365303244
fallacious,0.48626544950857065,107,429,2692,0.1849925705794948
arguments,0.3713074544362048,944,3056,2141,0.18496029892573565
anything,0.45272278918778375,859,119,3910,0.18491048593350384
hogsheads,0.43208118443428833,190,1159,4176,0.18486590038314177
specie,0.38317984938261873,2254,1589,3098,0.18463524854744998
chairman,0.39457703064386185,1654,1293,3550,0.18450704225352113
passport,0.4635858873639509,287,493,3494,0.18431597023468804
enumerated,0.41622901629938625,900,928,4113,0.18429370289326524
sureties,0.41550958296060503,1536,306,4115,0.1842041312272175
divers,0.37745817631778683,946,3054,2818,0.18417317246273954
lexington,0.4599157563552862,267,572,3638,0.18416712479384276
migration,0.5157404538330638,169,192,1890,0.18412698412698414
tolerate,0.5848040767544306,17,137,815,0.18404907975460122
patriotic,0.41543581316116523,236,1605,4114,0.18376276130286825
told,0.355135145914381,287,3713,762,0.1837270341207349
talked,0.42918041109815624,126,1302,4191,0.1837270341207349
requiring,0.3996249364820755,1454,1130,3721,0.18355280838484278
deny,0.3739246328339922,374,3626,2382,0.1834592779177162
abuses,0.41795803898529155,481,1241,4159,0.18345756191392162
inquired,0.44020031802073295,268,919,4106,0.18339016074037992
1769,0.41607047313256024,247,1573,4124,0.18331716779825413
infinitely,0.38685416647066945,169,3404,3235,0.18330757341576506
appointments,0.4232684705364189,896,659,4203,0.18320247442303117
purchasers,0.4025654072509269,1159,1313,3791,0.1830651543128462
liberally,0.47172976681848516,73,590,3174,0.18304977945809703
reputation,0.37575784649115423,357,3643,2771,0.1829664381089859
currituck,0.6357493807352282,79,15,492,0.18292682926829268
vary,0.4523095446519588,255,719,3909,0.18291123049373242
requisitions,0.4203868824627774,1072,578,4183,0.18288309825484103
questioned,0.4500655919485987,191,827,3938,0.1828339258506856
andrew,0.3752276620067765,1220,2780,2667,0.18260217472815898
counterfeiting,0.47414043692319213,401,253,3150,0.18253968253968253
owners,0.36771994522339746,2567,1433,2046,0.1823069403714565
majority,0.36714593742939994,2135,1865,1761,0.18228279386712096
believes,0.43548956557298896,154,1101,4166,0.18218915026404225
exertions,0.3752435721159916,716,3284,2752,0.18204941860465115
assent,0.39945455407097413,943,1618,3725,0.18201342281879196
relative,0.3636278214811035,2155,1845,1643,0.1819841752891053
forthwith,0.39256240689097754,2053,1066,3455,0.18176555716353113
westerly,0.4575988371713772,330,543,3713,0.18152437382170752
produce,0.35688108197552093,1091,2909,981,0.18144750254842
expenditure,0.4472446824341126,769,274,3971,0.18131453034500125
pursuing,0.41183411263407876,303,1610,4093,0.18128512093818716
exempted,0.4199854853878187,945,691,4176,0.18127394636015326
attempt,0.3597807718913368,633,3367,1425,0.18105263157894738
boudinot,0.42874993189778277,1185,238,4187,0.1810365416766181
97,0.4481215160865812,515,511,3950,0.1810126582278481
securities,0.40044026676596056,1775,725,3773,0.18075801749271136
restrained,0.403467813380238,562,1812,3874,0.18069179143004646
ascertain,0.3888136951436803,1721,1641,3321,0.18066847335140018
hartford,0.4151802927033288,735,1087,4120,0.18058252427184465
released,0.4248891284026917,375,1124,4208,0.18037072243346008
giving,0.35834986455020595,1312,2688,1026,0.18031189083820662
39,0.3941817101328397,934,1966,3572,0.18029115341545351
concluded,0.37265463149158745,1032,2968,2376,0.18013468013468015
expences,0.37223053909701004,2095,1905,2323,0.17993973310374517
largely,0.44219520757496417,124,1018,4055,0.17953144266337853
appropriation,0.40640648672931,1707,473,3984,0.1794678714859438
obtained,0.3568572486411889,1264,2736,1237,0.17946645109135004
revenue,0.36574015947583305,2320,1680,1750,0.17942857142857144
cultivator,0.6379405526048889,13,78,475,0.17894736842105263
ability,0.39031570392127357,929,2273,3409,0.17893810501613377
apprehending,0.4425140670788525,342,781,4042,0.1788718456209797
enjoys,0.45234629155461936,77,848,3819,0.17858078030898142
unlimited,0.433571464924466,326,943,4162,0.17851994233541565
eustatia,0.44447751648139844,20,1066,4017,0.17849141150112025
unmindful,0.5209739689426413,31,296,1715,0.1784256559766764
senate,0.35419703259287466,3036,964,695,0.17841726618705037
seventeen,0.39657730586459394,1516,1096,3706,0.17835941716135995
respectfully,0.4550577559742283,190,698,3741,0.17829457364341086
firmly,0.4048937211648365,284,1956,3955,0.17825537294563842
opinions,0.3684723969656779,839,3161,2177,0.178226917776757
portsmouth,0.410014740438945,424,1596,4053,0.17813964964224033
suffered,0.362362930934537,390,3610,1628,0.17813267813267813
boardman,0.6386933652559194,48,39,455,0.17802197802197803
nathan,0.41018482365673237,1166,827,4060,0.17783251231527095
94,0.44736826454105444,522,494,3937,0.1778003556007112
department,0.3609445646606388,2859,1141,1547,0.1777634130575307
sums,0.3624423514658158,2828,1172,1615,0.17770897832817337
prescribe,0.45219403731765073,251,681,3830,0.17754569190600522
reprinted,0.5528335995912133,46,177,1173,0.1773231031543052
certainty,0.38914182472235154,557,2651,3405,0.17709251101321585
conducting,0.43551317413975316,366,852,4141,0.17701038396522578
become,0.3541874054278707,817,3183,695,0.17697841726618704
george,0.35354906451415796,1229,2771,758,0.17678100263852242
taken,0.3756850593627117,1233,2767,232,0.17672413793103448
84,0.42778957813618174,637,741,4182,0.17647058823529413
57,0.4123159174006281,681,1165,4112,0.17631322957198445
wish,0.35564827573018626,654,3346,834,0.17625899280575538
frugality,0.46194937359439286,68,698,3464,0.17609699769053117
inattention,0.4639410533533625,100,641,3384,0.1758274231678487
cultivate,0.413918551507392,213,1584,4136,0.17577369439071566
tract,0.36483063859260617,481,3519,1799,0.17565314063368537
integrity,0.379537262905879,482,3335,3107,0.17541036369488253
sciences,0.4102053473717674,105,1821,4100,0.17536585365853657
orne,0.632113942748936,63,33,502,0.1752988047808765
embarrassed,0.4558761952731755,197,660,3674,0.1752857920522591
accuse,0.44682394858430774,48,967,3932,0.1752288911495422
given,0.36855187678011453,1174,2826,280,0.175
netherlands,0.4506736998154239,326,614,3846,0.1749869994799792
65,0.4065231751733434,872,1255,4001,0.17495626093476632
compulsory,0.5606955454369243,73,99,909,0.17491749174917492
establish,0.3655530091445475,1458,2542,2019,0.1748390292223873
canadians,0.48150637078154634,94,451,2721,0.17456817346563763
deposition,0.444958507240899,464,565,3948,0.17451874366767983
vote,0.36060110060099015,2646,1354,1582,0.17446270543615677
susquehanna,0.45868852165739704,177,620,3533,0.17435607132748374
request,0.36179205777615037,983,3017,1658,0.17430639324487335
191,0.45854952858636105,572,223,3530,0.17422096317280453
solicitor,0.5097923066327739,131,235,1918,0.17413972888425444
73,0.4114366905366771,881,983,4112,0.17412451361867703
illinois,0.4964229557533447,178,247,2201,0.17401181281235803
entrust,0.5568676463553358,24,178,1069,0.17399438727782976
698,0.6340439178792454,65,27,483,0.17391304347826086
litigated,0.6570947172649827,22,22,230,0.17391304347826086
proposed,0.35451976399915586,1823,2177,955,0.17382198952879582
remain,0.35628550575583706,1281,2719,1105,0.17375565610859728
permitting,0.44937724388601236,372,566,3841,0.17365269461077845
manufacturer,0.507847557601107,118,263,1993,0.173607626693427
appears,0.35237042199403257,1004,2996,778,0.17352185089974292
possessing,0.41974631559588216,251,1285,4203,0.1734475374732334
juror,0.47163549414252587,487,119,2973,0.17322569794820047
authorize,0.41025762639648305,1538,367,4096,0.173095703125
anxiously,0.46411222879239833,75,624,3273,0.1729300336083104
300,0.38289808755120536,634,2881,3252,0.17281672816728166
tenth,0.3831798528760762,1459,2022,3268,0.17258261933904528
deemed,0.3635744112739805,2131,1869,2034,0.17256637168141592
exemption,0.4376126689069993,380,785,4076,0.1724730127576055
prevents,0.438683044864587,102,1046,4053,0.17246484085862324
republican,0.3879193221148459,801,2272,3465,0.1722943722943723
annuity,0.4698902658629347,239,397,3094,0.1722689075630252
beaumarchais,0.5895690761535205,107,26,703,0.1721194879089616
hanged,0.44649508718378356,67,928,3916,0.1721144024514811
throwing,0.41610980393587066,172,1507,4166,0.17210753720595295
87,0.43155433575921776,594,660,4167,0.1720662347012239
diminishing,0.4804608920199567,86,465,2745,0.17194899817850637
oppressive,0.4074446565185657,424,1604,4049,0.1718942948876266
incompetent,0.5024879622730692,209,187,2066,0.1718296224588577
realm,0.4089014213399361,165,1765,4098,0.17179111761835042
squadron,0.4393811496236879,163,959,4044,0.17161226508407518
expensive,0.41526530786240967,445,1255,4159,0.17143544121182977
1785,0.37111128873741195,2604,1396,2697,0.17130144605116795
unconstitutional,0.43170561314936456,463,775,4153,0.1712015410546593
tempore,0.5531875501197533,122,88,1110,0.17117117117117117
348,0.5262331523461826,168,119,1515,0.17095709570957096
excepting,0.3910163468396568,1261,1629,3574,0.17095691102406269
wares,0.3773885253197463,2828,989,3107,0.17090440939813326
occasions,0.36750484632237684,563,3437,2283,0.17082785808147175
35,0.3751881462877495,1078,2922,2998,0.17078052034689792
voting,0.4351373703261811,632,559,4111,0.17076137192897106
bill,0.3602356393970031,3026,974,457,0.17067833698030635
expedition,0.36855494104492886,954,3046,2619,0.1706758304696449
avowed,0.42886494705257766,250,1060,4168,0.17058541266794625
1786,0.3686916539525723,2623,1377,2565,0.17037037037037037
consequence,0.35296602933114185,840,3160,816,0.17034313725490197
264,0.5066052969838136,195,188,2002,0.17032967032967034
1736,0.5474978178447779,49,169,1151,0.17028670721112077
contracts,0.4055280464038339,977,1093,4035,0.17026022304832714
occupy,0.4460821845874777,261,727,3918,0.17023991832567636
mentions,0.41949396996694677,146,1363,4213,0.17018751483503441
insisted,0.3934008073418686,691,1946,3696,0.1701839826839827
1800,0.4283386191027231,171,1145,4172,0.17018216682646212
electors,0.38682379759913166,1186,1923,3456,0.16984953703703703
commissary,0.3735056778352997,3133,867,2911,0.16970113363105463
subsist,0.4222102650337048,210,1226,4197,0.16940671908506075
friday,0.36731177628892925,1081,2919,2285,0.16936542669584245
defined,0.4419793941767976,429,618,3977,0.16922303243650993
entertained,0.3826910322704657,616,2820,3292,0.16919805589307413
privy,0.4126493661516593,554,1191,4156,0.16915303176130894
parole,0.4564714319552774,445,349,3530,0.16912181303116147
unlawfully,0.4908708553384776,267,194,2368,0.16891891891891891
proportionate,0.4909635572282352,149,298,2308,0.16854419410745233
compleated,0.4379018796307336,322,807,4047,0.1685198912774895
proper,0.3602620815535111,1472,2528,386,0.16839378238341968
restoring,0.441455824572698,142,907,3980,0.16834170854271358
assigned,0.36945263814249774,1911,2089,2740,0.16824817518248175
091,0.6611329146879231,32,10,220,0.16818181818181818
75,0.3984914334210224,788,1521,3920,0.16811224489795917
vicinity,0.4282825849380302,212,1082,4172,0.1680249280920422
destitute,0.38508971701135264,228,2974,3409,0.16779114109709592
advantage,0.35415904137126525,841,3159,1109,0.16771866546438233
impowering,0.4408665020316469,986,59,3974,0.16758933064921994
treasurers,0.4163708045495217,1333,245,4198,0.16746069556931872
devoutly,0.490611301786056,24,424,2311,0.16745997403721333
utterly,0.38594342204021087,431,2683,3458,0.16714864083285136
foundation,0.3614044320381004,465,3535,1803,0.16694398225180254
adjustment,0.44933817391371156,514,388,3768,0.166932059447983
postponement,0.4912561071328061,377,52,2223,0.16689158794421952
representative,0.38222898218817397,1526,1855,3308,0.16686819830713423
defect,0.4162028873723671,286,1293,4197,0.16678579938050989
1787,0.36317652461527533,3085,915,2148,0.16666666666666666
signification,0.4866180111533836,61,424,2470,0.16639676113360324
defer,0.4733620647382496,96,475,2825,0.1663716814159292
unable,0.3720067021094874,944,3056,2881,0.16626171468240195
resist,0.3865047503487764,404,2562,3538,0.16619559072922555
nearly,0.35852848837120316,530,3470,1643,0.1661594643944005
habituated,0.5207808989050666,15,291,1613,0.1661500309981401
enlisted,0.45554759077682294,414,394,3565,0.16605890603085555
precedents,0.468163340083238,195,409,2963,0.16604792440094499
governments,0.36313271747742687,1527,2473,2175,0.16597701149425287
monopoly,0.4619712274690434,201,485,3236,0.16594561186650186
plainly,0.37001240250085915,258,3742,2833,0.16590187080833038
traiterous,0.5693644500299347,38,121,838,0.1658711217183771
83,0.43451045517926057,576,595,4085,0.16548347613219094
68,0.41127111581881654,732,1015,4156,0.16506256015399423
regret,0.39085678381802047,335,2357,3672,0.1650326797385621
xxv,0.42402756584346607,743,601,4175,0.16502994011976047
notorious,0.4267030338925327,181,1111,4173,0.16486939851425833
actual,0.3720175767438683,1466,2534,2942,0.16485384092454114
declare,0.35904542283746543,1046,2954,1687,0.16478956727919383
interlineations,0.6599612851902134,24,10,164,0.16463414634146342
inserted,0.3894319934537186,1178,1560,3651,0.16461243494932895
forces,0.36643670560175545,1106,2894,2612,0.16424196018376722
assist,0.36637329882909675,579,3421,2570,0.1642023346303502
degree,0.34901656392440816,537,3463,780,0.1641025641025641
according,0.3586992563450012,1626,2374,451,0.164079822616408
shorter,0.447883191903157,139,763,3768,0.16401273885350318
undertook,0.4361751792018983,119,1005,4044,0.163946587537092
domini,0.45196826509122223,600,254,3672,0.16394335511982572
comparatively,0.4567837244287995,88,674,3453,0.16391543585288154
juries,0.42838809712608733,476,775,4167,0.16390688744900409
unison,0.5276152119818793,36,241,1459,0.16381082933516106
expedient,0.36577615213142345,1790,2210,2584,0.163312693498452
1761,0.4257177388111459,431,864,4170,0.16330935251798562
grantees,0.46531342117698493,384,244,3063,0.16323865491348352
local,0.38793612426680496,832,1942,3635,0.16313617606602476
regulate,0.3726068756304584,2133,1824,3048,0.16305774278215224
concurrent,0.47055452914938084,321,257,2853,0.16298633017875921
knew,0.3528909665673633,428,3572,1117,0.1629364368845121
district,0.3530672046734026,2324,1676,1381,0.16292541636495295
mohawk,0.4910855538055605,93,331,2198,0.16287534121929026
member,0.3529625942524819,1838,2162,1396,0.16260744985673353
majorities,0.6294217029016685,35,46,425,0.1623529411764706
avoided,0.3950398561605144,456,1966,3834,0.16223265519040167
burgess,0.5454124813437373,86,127,1122,0.1622103386809269
118,0.46495939025429056,205,421,3053,0.16213560432361612
tracts,0.3924984987476263,413,2119,3752,0.16204690831556504
incorporation,0.45141634981689965,405,449,3672,0.16203703703703703
placing,0.41548558570390776,378,1172,4198,0.16198189614101954
arbitrary,0.38020484571935403,332,3011,3337,0.16152232544201378
congress,0.37849985706988026,3074,926,161,0.16149068322981366
departments,0.38147205809954543,1836,1377,3401,0.16142311084975008
customary,0.4368844011044248,186,888,3996,0.1614114114114114
admitted,0.3570729828174303,1546,2454,1617,0.1614100185528757
precarious,0.43288469753107506,190,967,4068,0.16125860373647985
inflict,0.437985049907844,124,914,3964,0.16094853683148336
abandon,0.41145475362541184,296,1410,4163,0.16094162863319722
diffusion,0.5025017379347707,34,337,1939,0.16090768437338834
273,0.49077230408525646,263,159,2188,0.16087751371115175
losses,0.40604707806455836,661,1212,4111,0.1605448795913403
importation,0.3780412930107045,1371,2113,3264,0.16053921568627452
lakes,0.4171875777580509,223,1255,4205,0.1605231866825208
261,0.4962474761903183,235,158,2050,0.16048780487804878
islands,0.36032500515980675,559,3441,1995,0.16040100250626566
forbids,0.4428505347656734,118,825,3847,0.16038471536262022
399,0.5259600609971037,202,73,1447,0.1603317208016586
accruing,0.4618226065446977,445,216,3166,0.16013897662665824
contains,0.36717501509941997,524,3476,2842,0.16009852216748768
excluded,0.3976044400000667,484,1700,3980,0.16005025125628142
doubt,0.3501805174912158,678,3322,975,0.16
227,0.48988880264165735,262,166,2221,0.15983791085096805
gradually,0.38010582586132935,116,3188,3360,0.15982142857142856
invasion,0.39457947674525085,864,1519,3869,0.1597311966916516
authorized,0.350432672066199,3162,838,1297,0.15959907478797225
prove,0.3514707424728248,638,3362,916,0.15938864628820962
lately,0.3499841435636134,531,3469,1237,0.15925626515763944
coasts,0.4154165990090052,329,1193,4212,0.1590693257359924
costs,0.37659481597318933,2392,1144,3244,0.15906288532675708
suppress,0.41215781169986604,366,1265,4179,0.1588896865278775
complained,0.38607749695326254,822,1972,3620,0.15883977900552487
colonies,0.3522243231602315,590,3410,932,0.15879828326180256
grounded,0.4101790553846311,419,1304,4157,0.15876834255472697
owe,0.38017425899847085,531,2718,3371,0.15870661524770097
defraud,0.4762058121375698,256,264,2622,0.15865751334858885
payne,0.5181423815788503,96,204,1584,0.15845959595959597
deprecated,0.5786637293197112,44,96,739,0.15832205683355885
lose,0.36269025023500684,585,3415,2353,0.15809604759881002
incurred,0.38596429791799103,1763,993,3645,0.1580246913580247
rupture,0.4527028106468014,176,606,3500,0.158
procure,0.3600699851471636,1302,2698,2064,0.15794573643410853
103,0.4530775689784625,382,392,3479,0.15780396665708538
decease,0.4362135302990844,410,657,3988,0.15772316950852558
indictment,0.41844186603341427,264,1153,4189,0.1575555025065648
suggesting,0.5144446686395503,71,245,1663,0.15754660252555622
albany,0.3855169193817242,940,1839,3631,0.15753236023134123
embroil,0.6041287064823985,20,88,565,0.15752212389380532
whiskey,0.5480932684839822,55,141,1035,0.157487922705314
judicature,0.44596151831289715,482,406,3741,0.1574445335471799
independent,0.3598513970164211,1070,2930,2071,0.15741187831965234
disqualification,0.5247306400295981,173,98,1426,0.1570827489481066
attempts,0.3674446947565307,515,3485,2910,0.1570446735395189
levying,0.4165686643236423,812,658,4209,0.15704442860536943
constables,0.4252818984036651,604,644,4168,0.15690978886756238
ambassador,0.42118487716087155,244,1075,4175,0.1568862275449102
guided,0.4206240831610935,170,1156,4177,0.15681110845104143
remarked,0.3936410080400454,666,1647,3916,0.1567926455566905
wisely,0.41210173333589417,124,1463,4193,0.1566897209635106
inclined,0.3770852363393254,492,2958,3287,0.1566778217219349
prosperity,0.36200186190625944,414,3586,2273,0.15662120545534536
1781,0.36279469134540115,2712,1288,2631,0.15659445077917142
104,0.45247516798523935,333,448,3495,0.15650929899856938
dependent,0.4079030851889025,387,1381,4148,0.15646094503375121
colonists,0.42290240666130613,72,1207,4169,0.156392420244663
years,0.36337106672426184,861,3139,243,0.15637860082304528
was,0.4380890236652373,838,3162,32,0.15625
convened,0.41265044504993653,642,919,4205,0.15600475624256838
existing,0.3809838408216491,1411,1637,3482,0.155944859276278
suggested,0.3798148477823487,1072,2099,3426,0.15586690017513136
bedding,0.4726103034439059,108,420,2660,0.1556390977443609
1000,0.42676574880062645,148,1063,4127,0.1555609401502302
engagements,0.3863409014659307,865,1786,3691,0.15551341099972907
procuring,0.3918698096488056,943,1508,3809,0.1554213704384353
make,0.3731343523778637,1136,2864,148,0.1554054054054054
exerted,0.40396327577840907,179,1696,4109,0.15526892187880262
143,0.4587474857337441,387,274,3166,0.15508528111181302
null,0.42171609374953883,922,365,4165,0.15486194477791115
should,0.3806651428994291,747,3253,84,0.15476190476190477
facto,0.4816343623511897,214,258,2417,0.15473727761688044
issued,0.3583074790322868,2087,1913,1992,0.15461847389558234
wayne,0.43956465396379707,270,692,3881,0.1545993300695697
scrutinize,0.6236423082936121,12,67,414,0.15458937198067632
weeks,0.3586056072416149,559,3441,1877,0.15450186467767715
inherent,0.4437065975013716,96,792,3741,0.1542368350708367
frontier,0.41310928027933735,701,827,4209,0.15419339510572583
allies,0.40571304726159363,523,1278,4132,0.15392061955469508
probity,0.4769598405318951,53,450,2551,0.15366522932183457
chesapeak,0.507891721006557,24,312,1764,0.1536281179138322
gave,0.3444869924477272,347,3653,677,0.1536189069423929
respectability,0.46199225800281324,117,488,2969,0.1532502526103065
326,0.5149104280427304,195,106,1587,0.15311909262759923
publish,0.38742891324460743,525,2000,3756,0.1530883919062833
hinted,0.4402944106093366,115,814,3824,0.15298117154811716
currency,0.37738755663961804,956,2321,3367,0.15295515295515297
119,0.4546083778919185,335,411,3402,0.15285126396237508
definition,0.4464897487885025,226,625,3664,0.15283842794759825
peaceably,0.43850312317315765,190,773,3880,0.15283505154639176
facts,0.35874153156539873,875,3125,2080,0.15240384615384617
transmitted,0.36925011305310107,1975,1845,3106,0.1522858982614295
1780,0.3617034701210479,2728,1272,2530,0.15217391304347827
bestowed,0.39153669579823847,100,2260,3886,0.15208440555841482
62,0.41126301174402663,635,940,4197,0.15201334286395043
disparage,0.6354991893293199,20,47,349,0.1518624641833811
surplus,0.42011262456246345,893,405,4170,0.15179856115107915
provinces,0.3620537786467283,575,3425,2760,0.15144927536231884
03,0.5445683419038831,130,73,1073,0.1509785647716682
loans,0.38105459487852683,1751,1123,3584,0.15094866071428573
easier,0.4260289754033525,99,1095,4112,0.1507782101167315
voluntarily,0.40863583110297014,466,1211,4167,0.15070794336453083
positively,0.4195164794154679,173,1127,4170,0.15059952038369304
726,0.6081503675560912,67,32,518,0.15057915057915058
524,0.5655571134886108,113,38,797,0.15056461731493098
contended,0.3861357130987992,1427,1092,3760,0.15053191489361703
hendrick,0.527578566371455,145,98,1276,0.15047021943573669
severally,0.3924787330698752,1433,835,3948,0.15045592705167174
alledging,0.48394437969178034,118,323,2281,0.15037264357737834
communicate,0.37899775652247464,582,2457,3486,0.15031554790590934
troops,0.3478973216571827,1162,2838,872,0.15022935779816513
rations,0.40024912966331394,1617,277,4101,0.1502072665203609
anarchy,0.4190106888054068,151,1159,4168,0.15019193857965452
citizenship,0.4600271880084208,342,273,3011,0.15011624045167718
haven,0.3932806333693836,574,1622,3974,0.14997483643683945
putting,0.36502338979309074,676,3324,2944,0.14979619565217392
counties,0.34779515799014055,2669,1331,1196,0.1496655518394649
delayed,0.42944773706839784,357,768,4046,0.1495304003954523
necessaries,0.3813816051322764,694,2100,3620,0.1494475138121547
vend,0.5419841770323649,123,82,1084,0.14944649446494465
supplementary,0.4283057108579145,997,155,4063,0.14939699729264092
sorry,0.3712985836166117,526,3099,3213,0.14939309056956115
feel,0.3485940577224848,339,3661,1367,0.14923189465983908
treason,0.36737228487935175,1399,2413,3111,0.14914818386370943
compel,0.3904599282786648,947,1361,3923,0.14912057099158807
awarded,0.43581617712679765,706,279,3914,0.14895247828308636
much,0.3671624856730886,512,3488,141,0.14893617021276595
resides,0.4273790247141027,522,646,4084,0.14887365328109697
avoid,0.3545226661221538,717,3283,2038,0.14867517173699707
fined,0.42263534939853975,802,417,4141,0.1485148514851485
bravery,0.42186489187650544,116,1114,4145,0.14837153196622438
deduction,0.45580245783377754,232,441,3203,0.1482984701842023
1775,0.3694387552683923,1286,2411,3159,0.14814814814814814
limitations,0.44224305809950565,499,370,3703,0.14798811774237106
burlington,0.3866295792588004,494,1976,3793,0.1479040337463749
sustained,0.37699545049410393,877,2178,3477,0.14782858786310038
fairness,0.5449331817577009,51,145,1035,0.14782608695652175
366,0.511770010882016,193,107,1584,0.14772727272727273
haverhill,0.5241989111900734,128,123,1322,0.1475037821482602
sources,0.4079860483751027,323,1325,4180,0.14736842105263157
certificate,0.3540282037141179,3019,981,1805,0.14736842105263157
elapsed,0.4277268209694122,282,868,4058,0.14736323311976343
implies,0.4032508353454442,178,1600,4144,0.1472007722007722
preservation,0.36133962129064867,843,3157,2813,0.1471738357625311
assessors,0.38761165864894853,1669,742,3842,0.14705882352941177
alledged,0.40482276798445604,484,1235,4162,0.1470446900528592
157,0.45588866465074057,395,267,3170,0.1470031545741325
decided,0.3738603123563684,1398,1911,3355,0.14694485842026825
throughout,0.3587570761975922,841,3159,2433,0.1467324290998767
adjournment,0.39032141199217757,1304,973,3940,0.1467005076142132
vindicate,0.42379893141064107,91,1104,4111,0.14667963999027
dernier,0.6162311257839921,37,53,472,0.1461864406779661
cannot,0.3544947275015719,757,3243,301,0.1461794019933555
connect,0.4879709827433573,81,323,2108,0.1461100569259962
completely,0.3853770359037645,441,2047,3781,0.14599312351229835
dollar,0.3626591247500102,2316,1684,2905,0.1459552495697074
endeavoured,0.3588107665367732,101,3899,2612,0.14586523736600307
emitted,0.4081823865588892,1082,539,4185,0.14575866188769415
excluding,0.4661218836702118,167,368,2686,0.14556962025316456
exactly,0.3723618182055667,279,3156,3292,0.14550425273390036
austria,0.46337259319878765,49,516,2799,0.14540907466952482
invested,0.3959456350987292,577,1364,4093,0.1453701441485463
treated,0.3579231771140688,412,3588,2195,0.14533029612756265
burgoyne,0.43096423563113,205,829,3960,0.1452020202020202
completed,0.3930107215352971,751,1400,3982,0.14515318935208438
dawes,0.5310861731988676,106,119,1185,0.1451476793248945
similar,0.3545132846327931,1033,2967,1937,0.14506969540526587
readiness,0.4008199831904797,303,1521,4116,0.14504373177842567
1796,0.36476356804599935,2584,1416,3022,0.14493712772998016
corporate,0.4151162638363964,1021,357,4182,0.1449067431850789
expended,0.38843324818366703,1206,1077,3934,0.14489069649211997
advantages,0.34917341065689006,744,3256,1637,0.144777031154551
actually,0.3586184254902828,846,3154,2454,0.14466177669111654
applies,0.4406002363720377,229,638,3703,0.14447745071563597
originated,0.41763294793642053,361,920,4169,0.1443991364835692
afraid,0.35876914640292373,356,3644,2530,0.1442687747035573
england,0.3499808587944321,414,3586,520,0.14423076923076922
absurd,0.37361221306202147,324,2919,3377,0.14421083802191295
assertions,0.42960404202115193,157,903,3984,0.14407630522088352
clearest,0.4583761377575533,43,558,2950,0.1440677966101695
premium,0.4565099514484734,233,408,3110,0.1440514469453376
tonnage,0.3868675708644284,1720,588,3923,0.14402243181238847
arrival,0.3537412932241718,652,3348,2007,0.1439960139511709
discover,0.35681417576498703,460,3540,2195,0.14396355353075171
secretary,0.3405772150042461,2702,1298,778,0.14395886889460155
including,0.36450031697736945,2029,1942,3048,0.1437007874015748
barely,0.43410405407155533,138,822,3878,0.14363073749355337
regulars,0.44904276919835906,129,619,3410,0.1434017595307918
grounds,0.36537409033257107,885,2982,3090,0.14336569579288025
expressing,0.39346965230341474,505,1551,4034,0.14328210213187903
privates,0.39829272450402836,1206,648,4112,0.14323929961089493
cognizance,0.40424120487771414,1114,580,4162,0.14296011532916866
bourdeaux,0.4648661887023868,19,511,2666,0.14291072768192048
boundaries,0.39609265242835706,868,1024,4102,0.14285714285714285
exclusive,0.3673426041344525,1601,2065,3187,0.14276749294006902
elections,0.3718620817861956,1241,2123,3319,0.14251280506176559
until,0.3449016104520246,1849,2151,604,0.1423841059602649
really,0.3511236913673517,413,3587,1763,0.14237095859330687
possible,0.34351029003685285,694,3306,843,0.1423487544483986
seemed,0.34569904824668024,385,3615,1258,0.1422893481717011
lieutenant,0.3509487657968851,1781,2219,1766,0.1421291053227633
attorney,0.355860324668057,2518,1482,2232,0.14202508960573476
346,0.50160648513395,200,125,1704,0.142018779342723
proposing,0.4353298503002427,423,507,3826,0.14192368008363826
different,0.34716002417881964,756,3244,543,0.141804788213628
renounce,0.4085929688379233,227,1317,4203,0.1418034737092553
reexamined,0.640546382304678,14,27,212,0.14150943396226415
greene,0.3943520280126304,1226,713,4092,0.14149560117302054
1779,0.3582007364548177,2785,1215,2584,0.14125386996904024
confidence,0.34790668133853964,760,3240,1473,0.14120841819416158
disrespect,0.5013468100260849,48,280,1723,0.14103308183401045
constrained,0.4396262885822402,84,772,3676,0.14091403699673558
difficulties,0.35805706206840204,865,3135,2379,0.14081546868432115
annexed,0.36239014190078384,2138,1862,3022,0.14063534083388485
included,0.3724557032540025,1433,1778,3400,0.14058823529411765
graciously,0.420329643737142,52,1150,4112,0.14056420233463035
guarantee,0.4403050919547905,396,446,3651,0.14050944946589974
districts,0.37377317536111776,1516,1532,3482,0.14043653072946582
declined,0.4008058562078096,357,1372,4160,0.14038461538461539
fairfield,0.4740004244184129,242,235,2437,0.14033647927780057
companies,0.3605586817641805,1903,2097,2917,0.14021254713747
considered,0.3403443767261711,1342,2658,757,0.14002642007926025
salary,0.37402394494611274,1982,979,3544,0.1399548532731377
among,0.3524451495837348,428,3572,293,0.13993174061433447
executing,0.3933333168942633,975,1011,4069,0.13983779798476284
324,0.5074499142089864,205,102,1617,0.13976499690785404
imminent,0.44758599693451634,166,580,3402,0.13962375073486186
enormous,0.39767242539057335,266,1550,4127,0.13956869396656166
formerly,0.3491538714032802,618,3382,1749,0.13950829045168667
33,0.36387483868829373,1369,2474,3098,0.1394448030987734
236,0.489784167615396,214,170,2009,0.13937282229965156
fact,0.34751271068024564,837,3163,1464,0.13934426229508196
inflicting,0.4954097800215661,50,294,1804,0.13913525498891352
cautious,0.41028796506396376,194,1269,4206,0.1390870185449358
unfavorable,0.47014070540863395,222,268,2495,0.13907815631262524
minority,0.4202243699689871,421,772,4109,0.13896325139936724
penalties,0.3587515362765345,2805,1195,2847,0.13874253600280997
happily,0.3725891044841578,200,2887,3461,0.13868824039295002
sensibly,0.42414489897307206,76,1053,4047,0.13862120088954782
citizens,0.3375395362227822,1326,2674,700,0.13857142857142857
per,0.34462432061151343,2405,1595,599,0.13856427378964942
imagined,0.3655261980184656,231,3448,3176,0.1385390428211587
highest,0.3491080160904771,451,3549,1682,0.13852556480380498
understood,0.3502524606787782,810,3190,1813,0.13844456701599558
madrid,0.43640534272451253,227,652,3720,0.1381720430107527
posts,0.3613225066796577,1333,2667,3018,0.13817097415506957
exorbitant,0.4547228921765323,108,538,3127,0.1381515829868884
insist,0.3932471747945295,499,1466,4078,0.13805787150564003
undergo,0.43628516469094974,117,764,3726,0.1379495437466452
aided,0.4354196048949678,172,718,3745,0.13724966622162885
reciprocal,0.416513765251983,345,903,4168,0.13723608445297505
60,0.356261306067383,937,3063,2727,0.13714704803813715
vacancies,0.4181401301418455,793,417,4128,0.1371124031007752
illicit,0.48296492920307893,120,290,2137,0.13710809546092653
undue,0.42362442569788666,433,700,4048,0.13710474308300397
pennsylvania,0.33717507290214643,1605,2395,679,0.13696612665684832
intrinsic,0.4588360875286886,78,491,2813,0.13650906505510133
112,0.44165497494593536,284,505,3515,0.13627311522048363
overstocked,0.626877104146467,9,44,272,0.13602941176470587
deposited,0.38268827508861325,912,1444,3889,0.13602468500899975
amity,0.4036755491080607,585,1011,4194,0.13590844062947066
alloway,0.6419031204442983,5,34,199,0.135678391959799
resided,0.3926098802339761,355,1563,4096,0.135498046875
kitts,0.4266861976028458,6,1046,3982,0.13535911602209943
privateer,0.37368210796056717,458,2413,3579,0.13523330539256775
mayor,0.37079448132643805,1418,1706,3454,0.13520555877243776
adjusted,0.3933615173779883,591,1298,4105,0.13520097442143728
fiscal,0.5717271329041893,51,86,725,0.13517241379310344
liberties,0.34837784132444255,555,3445,1689,0.1349911190053286
inspector,0.41159977576445966,862,493,4173,0.13491492930745266
oswegatchie,0.6549024705748865,3,20,89,0.1348314606741573
confining,0.45570292586432626,170,426,2931,0.13476629136813376
purport,0.4380742186151958,208,630,3636,0.13476347634763478
attempted,0.35389572638800487,554,3446,2594,0.13454124903623746
cavalry,0.4124041492974335,578,739,4174,0.1344034499281265
rendering,0.3828422138028669,724,1566,3932,0.1342828077314344
reside,0.35823494637453757,2332,1668,2884,0.1341886269070735
armand,0.5109455144449012,237,39,1455,0.13402061855670103
remained,0.34948192065144423,508,3492,2046,0.13391984359726294
thereafter,0.39046673729560666,1619,378,4056,0.1338757396449704
quantum,0.4931744179541536,170,171,1786,0.13381858902575589
annex,0.4583862352363338,331,234,2799,0.1336191496963201
chancery,0.4017855506401198,1030,576,4189,0.13344473621389352
vacated,0.4842447539803889,219,178,2069,0.1333977767037216
302,0.5033061742579463,166,125,1537,0.13337670787247885
sometimes,0.3416255726626658,177,3823,938,0.13326226012793177
believe,0.33941238988901773,450,3550,623,0.1332263242375602
disadvantage,0.4178153987278059,220,973,4109,0.13312241421270382
managing,0.44695666057591804,253,439,3253,0.1331079003996311
fulfil,0.3911493831489635,382,1550,4098,0.13299170326988774
reconsider,0.4805090733431486,295,113,2128,0.13298872180451127
respecting,0.34075309029058287,1661,2339,1333,0.13278319579894973
comparative,0.4394933882012673,181,616,3533,0.13274837248797056
inconsiderable,0.39821278594020837,218,1480,4161,0.13266041816870944
38,0.37003307042696404,780,2303,3462,0.13258232235701906
admiralty,0.36091807489713607,1972,1790,3137,0.1322919987248964
subscribed,0.37905986618699294,1034,1421,3805,0.13219448094612352
chiefly,0.3525292660857221,292,3708,2353,0.1321716957076073
denominated,0.4261918961015534,254,759,3929,0.13209468058030033
mischiefs,0.42275465821149305,193,900,4028,0.1320754716981132
government,0.3625086209154764,1485,2515,197,0.1319796954314721
transmit,0.369410444037248,1734,1422,3441,0.13193839000290614
connot,0.6317531306748292,5,37,220,0.1318181818181818
certified,0.38595209853339585,1635,514,3983,0.13181019332161686
states,0.3482043295112571,2628,1372,319,0.13166144200626959
assuring,0.43632606325784173,78,758,3631,0.13164417515835858
marines,0.4381852644840112,287,524,3578,0.13163778647288987
smallest,0.38638540481872713,223,1872,4014,0.13153961136023917
belonging,0.3409152668713668,1472,2528,1066,0.13133208255159476
acquaint,0.3876131387254821,237,1812,4030,0.13126550868486353
pretext,0.4243408650861177,218,811,3948,0.13120567375886524
moiety,0.3816508228289663,1726,523,3951,0.1311060491014933
pernicious,0.37382211180284575,326,2302,3702,0.1307401404646137
germany,0.37254457424181814,181,2582,3636,0.13063806380638063
emergency,0.44857007181104797,201,458,3162,0.1306135357368754
detained,0.37961883973121646,741,1652,3859,0.13060378336356568
briefly,0.42602889539540334,84,920,3922,0.13054563997960225
commander,0.34213006886088304,2017,1983,1587,0.13043478260869565
164,0.4522010500912873,357,270,3056,0.13023560209424084
154,0.45194325171577476,360,275,3090,0.13009708737864079
altogether,0.3528404990869689,846,3154,2584,0.13003095975232198
previous,0.34863401831535684,1665,2335,2046,0.1300097751710655
frigate,0.37598317940835796,294,2223,3763,0.1299495083709806
martinique,0.4604504242410755,113,395,2578,0.12994569433669512
commanders,0.40830326154262686,553,868,4189,0.12986392933874433
authorizing,0.4006000644553291,1472,108,4199,0.12979280781138366
accommodation,0.3790142857310982,777,1630,3845,0.12977893368010404
prosecutions,0.43136086314046734,417,460,3717,0.1296744686575195
reams,0.6265061576411439,39,29,355,0.1295774647887324
levied,0.3585770269218827,3069,879,3048,0.12926509186351706
preventing,0.36599635708314443,1407,1884,3360,0.12916666666666668
waggons,0.4159886101518603,292,909,4112,0.1291342412451362
presume,0.35816879394286916,1157,2843,3021,0.12909632571996027
121,0.44345540886881984,363,348,3309,0.1290420066485343
neither,0.33584751119158,411,3589,769,0.12873862158647595
hon,0.35452208227256765,1655,2345,2876,0.1286509040333797
reelection,0.561923950365622,69,71,739,0.12855209742895804
limiting,0.45707515689748907,364,193,2770,0.12851985559566786
becomes,0.3488418991720354,517,3483,2148,0.12849162011173185
urge,0.39428278674695594,280,1465,4156,0.12848893166506256
regaining,0.5780671400673484,8,102,576,0.1284722222222222
maine,0.4534431976853066,266,321,2893,0.12789491876944348
northumberland,0.43091428708034285,83,783,3702,0.12749864937871422
86,0.4165813654596807,567,608,4088,0.12744618395303328
willet,0.5661850579217008,26,110,722,0.12742382271468145
mutually,0.4057356291986049,372,1068,4199,0.12741128840200047
capitulation,0.44139556670904945,219,527,3402,0.12727807172251618
63,0.39183520051513276,856,996,4110,0.1272506082725061
singled,0.5614164970630552,8,134,747,0.12717536813922356
unjustly,0.4275991729693575,127,808,3831,0.1271208561733229
corpus,0.42843870371763126,523,395,3800,0.12710526315789475
supposition,0.36959537589996205,381,2489,3580,0.1270949720670391
dec,0.37251702295991057,886,1706,3717,0.12698412698412698
remark,0.3590846857022236,706,3000,3151,0.12694382735639478
argue,0.41684542838717714,143,1021,4073,0.12693346427694574
incumbent,0.4090508637929074,292,1071,4176,0.12691570881226052
carts,0.46260824141749285,121,372,2506,0.12689545091779728
convenience,0.37774802278612374,778,1560,3896,0.12679671457905545
controversies,0.420545339238669,472,611,4011,0.12665170780354026
200,0.35141396627813193,904,3096,2655,0.12655367231638417
sept,0.3653484888555246,936,2373,3355,0.12637853949329358
ascribe,0.42487952624260034,56,917,3903,0.12631309249295414
send,0.33939711141436596,618,3382,1436,0.12604456824512536
populous,0.4215029538593251,104,953,3984,0.12600401606425704
enacted,0.3365580806565931,2916,1084,873,0.12600229095074456
ascertaining,0.40969791867758276,869,449,4175,0.1259880239520958
mode,0.3385274788241167,1620,2380,1384,0.12572254335260116
tuesday,0.3461214287212745,1874,2126,1768,0.1255656108597285
impose,0.3847208760553063,500,1540,4030,0.12555831265508685
signature,0.4420936678279954,199,511,3308,0.125453446191052
territory,0.34789360439524775,2439,1561,1937,0.1254517294785751
preserving,0.3768350284481849,438,1957,3859,0.12542109354755118
mature,0.4240498621674414,276,703,3910,0.12531969309462915
france,0.3332232492139558,1179,2821,655,0.1251908396946565
encroachments,0.4225707346457085,285,727,3931,0.1251589926227423
frontiers,0.368094708756412,1261,1660,3557,0.12510542592071972
constituted,0.3763707451506504,610,1791,3853,0.1250973267583701
92,0.42545296694777907,436,509,3855,0.12503242542153048
unsafe,0.4900495835000323,79,260,1777,0.12492965672481711
corps,0.3529829253215561,2287,1713,2858,0.12491252624212736
veneration,0.4000826584293708,47,1485,4206,0.12482168330955777
discrimination,0.4291934435346584,476,391,3703,0.12476370510396975
wholly,0.34737711035858504,612,3388,1966,0.12461851475076297
sending,0.3661084116622354,569,2440,3499,0.12460703058016576
adjust,0.41712108550943144,681,460,4052,0.12438302073050346
disgraceful,0.43210659772622484,132,694,3611,0.12434228745499862
saturday,0.3479503309221867,658,3342,2197,0.1242603550295858
assigning,0.491014920485903,128,196,1701,0.12404467960023516
deeply,0.35988966366661124,261,3279,3243,0.12395929694727105
13,0.3364282948630232,1327,2673,1138,0.12390158172231985
assured,0.34852966342098857,288,3712,2318,0.12381363244176014
249,0.46023962832510434,300,193,2506,0.12370311252992817
obtaining,0.3537669302011446,1468,2532,2951,0.12368688580142324
wyman,0.6000511202911069,59,29,461,0.12364425162689804
precedent,0.3994489439905092,590,939,4206,0.12363290537327627
payment,0.3340367504748573,2480,1520,817,0.12362301101591187
inflicted,0.3932306350358267,259,1469,4159,0.1235874008175042
manufacturers,0.4103649524988941,311,952,4162,0.12349831811629025
regulating,0.3530491337691919,2897,1103,2884,0.12343966712898752
closely,0.395039748892185,119,1519,4176,0.12332375478927203
inform,0.34722235396047874,907,3093,1914,0.12330198537095088
invite,0.4067987805818247,168,1194,4175,0.12287425149700598
prevented,0.3481664990118607,795,3205,2234,0.12264995523724262
ravaged,0.49367645415523065,33,257,1533,0.12263535551206783
attempting,0.38142906413728994,266,1809,4032,0.12251984126984126
xxvi,0.41865916321957847,584,502,4017,0.12247946228528753
oppose,0.3491128878690768,697,3303,2612,0.12212863705972435
unwarrantable,0.440736937375383,147,546,3256,0.12192874692874693
permitted,0.347043010090871,1159,2841,2136,0.12172284644194757
schuyler,0.3841112315936887,1206,741,4085,0.12166462668298654
when,0.3870039150223125,548,3452,74,0.12162162162162163
necessity,0.3343697567275365,942,3058,991,0.12108980827447023
between,0.34551368433452717,1044,2956,281,0.12099644128113879
laudable,0.39348960158633733,165,1512,4167,0.12095032397408208
provide,0.34665199663768304,2198,1802,1904,0.1207983193277311
wantonly,0.44021400485630136,86,612,3272,0.12072127139364303
patriotism,0.36832109617738146,397,2322,3663,0.12012012012012012
arrive,0.35978157390358867,839,2590,3300,0.11969696969696969
previously,0.364940401798649,964,1992,3547,0.11953763744009022
impediments,0.44402962249837497,159,491,3140,0.11942675159235669
dominions,0.3529094027751195,731,3269,3001,0.11929356881039653
bennington,0.4628283079827882,147,309,2349,0.11919965942954448
confiscated,0.41361910656038847,598,572,4089,0.11885546588407923
compared,0.356256601717023,603,3096,3156,0.1188212927756654
grievances,0.37260459231077203,349,2023,3876,0.11842105263157894
unjustifiable,0.4590518716097405,79,403,2458,0.11838893409275834
disapproved,0.4537252969316393,201,351,2751,0.11813885859687387
ought,0.34072030923061697,1427,2573,398,0.11809045226130653
majesty,0.3305610577963566,1195,2805,788,0.11802030456852793
merchants,0.3427783724709702,1070,2930,2001,0.11794102948525736
compleating,0.4754865560000164,206,182,2027,0.11790823877651702
motive,0.35427729490082477,416,3362,3126,0.11772232885476648
trenton,0.3832847052951453,330,1568,4097,0.11764705882352941
vouchers,0.4062324547032817,944,353,4169,0.11753418085871911
personally,0.3962979235651631,389,1136,4209,0.11736754573532905
many,0.3597034404789181,401,3599,162,0.11728395061728394
yeas,0.34908172609051863,3473,527,2815,0.1172291296625222
aggrandizement,0.5241786577139779,31,169,1060,0.1169811320754717
insurrection,0.3888650646734864,416,1311,4157,0.11691123406302623
qui,0.43061873776529025,273,511,3502,0.11679040548258138
ruinous,0.41388497577119043,206,939,4050,0.11679012345679013
attainder,0.45814279102457456,308,184,2505,0.11656686626746507
obligatory,0.4393538471606958,346,332,3211,0.11647461849891
heyward,0.5428027787866067,124,32,825,0.11636363636363636
deponent,0.3731860910213047,463,1773,3956,0.11627906976744186
contain,0.3486377627059512,1009,2991,2831,0.11586012009890498
seamen,0.35327179752276033,1721,2045,3135,0.11578947368421053
governed,0.3551258948336783,737,2935,3180,0.11572327044025157
investigation,0.39237691532421104,486,1173,4183,0.11570643079129811
algiers,0.3924624652282549,463,1195,4184,0.11567877629063097
allegation,0.5133055459303731,93,133,1193,0.11567476948868399
justifiable,0.4337416987501407,191,563,3433,0.11564229536848238
invasions,0.4522744555624937,228,328,2768,0.11560693641618497
emergent,0.6281659049056859,8,31,199,0.11557788944723618
mississippi,0.37784869970229934,1075,983,4034,0.11551809618244918
199,0.4504053685200445,324,241,2799,0.11539835655591282
impelled,0.44517154205928544,68,531,2940,0.11530612244897959
meant,0.3450110227838389,971,3029,2344,0.11518771331058021
continually,0.3491208527622256,240,3760,2892,0.11514522821576763
difference,0.33876533493017275,898,3102,1766,0.11494903737259343
important,0.33197510733120594,780,3220,992,0.11491935483870967
capitation,0.5551167282298884,99,42,741,0.11470985155195682
abiel,0.45973426947522045,420,38,2356,0.11460101867572156
reluctance,0.39842851429779397,170,1249,4189,0.11458582000477441
wardens,0.41496987853674305,619,488,4035,0.11449814126394052
xx,0.3871189632609684,812,920,4161,0.11439557798606104
equally,0.3321889491438717,819,3181,1235,0.11417004048582996
pounds,0.340454278664722,2320,1680,473,0.11416490486257928
improperly,0.4381075195522487,210,464,3206,0.1141609482220836
259,0.46319877591030856,253,173,2209,0.11407876867360797
alleviate,0.4464985842310349,36,553,2902,0.1140592694693315
286,0.47816951793119056,203,166,1930,0.11398963730569948
100,0.342949854815924,608,3392,2248,0.11387900355871886
fisheries,0.4157163711683904,495,570,3988,0.11384152457372117
stated,0.34083212434744986,1837,2163,2163,0.11373092926490985
fourth,0.336287635239375,1221,2779,1611,0.11359404096834265
doubted,0.3704264920116574,712,1637,3892,0.11356628982528263
measures,0.3313274288711089,1299,2701,999,0.11311311311311312
plaintiff,0.34055891052189136,3573,427,1946,0.1130524152106886
wondered,0.4249105887341105,85,770,3672,0.11301742919389979
kentucky,0.39497904671853207,921,573,4212,0.11301044634377967
foederal,0.3959581094106847,90,1371,4206,0.11293390394674274
subsequent,0.3587502723976608,1243,2023,3370,0.11275964391691394
282,0.48885356512290706,192,117,1625,0.11261538461538462
assemble,0.3846155032965401,522,1251,4142,0.1122646064703042
reprisal,0.4754652120642707,229,146,1960,0.11224489795918367
extent,0.34160008381765017,1053,2947,2103,0.11222063718497385
adopting,0.41414860856071084,481,609,4024,0.11207753479125249
ask,0.3345020255674961,547,3453,1624,0.11206896551724138
excite,0.35100351224965426,466,3463,3054,0.11198428290766209
15,0.33107603192002816,1023,2977,1010,0.11188118811881188
constitutes,0.4259505381837995,77,753,3618,0.11166390270867883
europe,0.3327865571139896,601,3399,1104,0.11141304347826086
informs,0.36127931735529695,144,2703,3593,0.11132758140829391
might,0.3504352968104162,866,3134,207,0.1111111111111111
manifested,0.3669195762178012,314,2172,3782,0.1110523532522475
embark,0.42037429876303833,105,805,3777,0.11093460418321419
interpose,0.4345564693725259,154,539,3256,0.11087223587223587
1793,0.34598771540431755,2110,1890,2742,0.11086797957695113
thrown,0.34161791423424226,412,3588,2319,0.11082363087537732
indicate,0.4445773259396652,100,488,2899,0.1107278371852363
fines,0.3521176704030473,2821,883,3154,0.11065313887127458
establishing,0.3510705959061636,1750,2054,3115,0.11043338683788122
defendants,0.3754465173014757,1703,327,4048,0.11042490118577075
signed,0.3358019820849762,1783,2217,1741,0.1102814474439977
sailed,0.34429719336890613,142,3858,2632,0.11018237082066869
nomination,0.4221775016870112,491,378,3703,0.11018093437753174
committees,0.36414766807935095,1391,1190,3721,0.10991668906208009
chevaux,0.6161931679237339,5,60,337,0.10979228486646884
countries,0.33339893862456255,770,3230,1594,0.10978670012547051
loudly,0.4135177917200812,89,989,4001,0.10972256935766059
commodity,0.43084121099225015,148,592,3382,0.10969840331164991
repel,0.4027468527281184,391,874,4162,0.10956271023546373
surely,0.3379093405119797,365,3635,1838,0.10935799782372144
refused,0.33983535789163855,803,3197,2122,0.10933081998114987
conceiving,0.4560703198960233,114,367,2452,0.10929853181076672
constitutional,0.3483706911340722,1291,2709,3001,0.10896367877374209
sundays,0.45821429391737345,137,316,2332,0.10891938250428816
voted,0.35708333924364216,1578,1729,3357,0.1087280309800417
besides,0.3307516005122189,595,3405,1132,0.10865724381625441
cordially,0.43608054352335435,51,611,3170,0.1085173501577287
brookfield,0.4856938704731523,103,192,1558,0.10847240051347883
102,0.43067777138684993,280,450,3358,0.10839785586658725
1770,0.3715335365831882,450,1655,4015,0.10809464508094645
introduce,0.36181534775614677,648,2014,3684,0.10803474484256244
furnish,0.3417494901741634,1280,2720,2592,0.10802469135802469
belongs,0.3519464202649721,1239,2421,3194,0.10801502817783344
arrears,0.3975127771758664,778,572,4179,0.10792055515673606
unfortunately,0.38547554794723055,156,1548,4162,0.1078808265257088
southward,0.3609642638738102,393,2325,3664,0.10780567685589519
cession,0.41151275119128705,819,290,4036,0.10777998017839445
intituled,0.3670697649898698,1551,810,3882,0.10767645543534261
claimed,0.36329425430551926,1046,1488,3749,0.10749533208855695
protected,0.3822277445175885,353,1391,4159,0.10747775907670112
adjudge,0.4462944632460634,425,147,2830,0.10742049469964664
million,0.36913817445783964,1055,1166,3958,0.10737746336533603
construction,0.3445037157518003,1475,2525,2825,0.1072566371681416
give,0.3500889827105388,1006,2994,224,0.10714285714285714
negotiation,0.39267512632593077,1224,279,4211,0.10710045119924008
extreamly,0.5830224085320944,7,88,495,0.10707070707070707
woodruff,0.5836188305451121,37,43,421,0.10688836104513064
assurances,0.3971409491748549,345,998,4173,0.10687754612988258
10,0.3276203050216425,1105,2895,655,0.10687022900763359
navy,0.3468612791518355,2104,1896,2942,0.10673011556764106
solicitous,0.41303981679927076,115,940,3982,0.10647915620291311
122,0.44781291858247424,245,303,2734,0.10643745427944404
article,0.32953162643869494,1813,2187,902,0.10643015521064302
properly,0.3349819421357939,717,3283,1833,0.10638297872340426
compare,0.374797750827701,307,1619,4100,0.10634146341463414
atlantic,0.37871757518835714,330,1541,4111,0.10630017027487229
lastly,0.37950562687393885,140,1706,4112,0.10627431906614786
begs,0.4217948566002407,149,695,3655,0.10588235294117647
89,0.4107516417994332,592,513,4037,0.10577161258360168
delegated,0.39736523518243544,572,741,4170,0.10551558752997602
jonathan,0.33985970301606094,1856,2144,2496,0.10536858974358974
avail,0.36699054616751065,483,1791,3941,0.10530322253235219
400,0.3656170868478364,646,1713,3886,0.10524961399897066
danbury,0.5157629687709875,65,128,1018,0.10510805500982318
lawfully,0.3917131506109095,840,674,4212,0.10493827160493827
gazette,0.35902453890601144,347,2441,3625,0.10482758620689656
markets,0.4009486171940242,305,935,4155,0.10469314079422383
acknowledge,0.33974256765943833,551,3449,2494,0.10465116279069768
commissions,0.35903015313350545,1311,1435,3643,0.10458413395553115
dictated,0.40695775652041305,178,984,4070,0.10442260442260443
public use,0.4803207589305271,197,141,1772,0.1044018058690745
create,0.366256204530016,567,1686,3948,0.10435663627152988
thursday,0.33798157174221616,1242,2758,2248,0.10409252669039146
indemnify,0.4426299126804143,391,186,2845,0.10404217926186292
claimants,0.4127282609691286,492,524,3937,0.10388620777241554
injuries,0.35741501819919125,698,2247,3553,0.10357444413171968
requires,0.3380661473064004,749,3251,2282,0.10341805433829973
enforced,0.4096272509830387,238,878,4043,0.10338857284194905
river,0.3306925329710375,1274,2726,592,0.10304054054054054
votes,0.3379563320284018,2346,1654,2294,0.1028770706190061
cents,0.334028808751727,3240,760,1897,0.10279388508170796
termed,0.3941323949722268,112,1260,4177,0.10270529087862101
concur,0.36568614975875213,1021,1211,3956,0.10262891809908999
lasted,0.4142763648996115,28,928,3873,0.10250451846114124
unis,0.5194065446535266,163,23,986,0.10243407707910751
lender,0.5091315945524972,125,82,1094,0.10237659963436929
representatives,0.3234706461782729,2351,1649,762,0.10236220472440945
eligible,0.3815068929373303,634,1054,4162,0.1023546371936569
prices,0.36091116173084925,894,1604,3775,0.10225165562913907
dissimilar,0.5057955290515368,65,156,1164,0.10223367697594501
british,0.32398609620989327,823,3177,636,0.10220125786163523
ohio,0.35321855809282676,1671,1585,3368,0.1021377672209026
precisely,0.3790006551235678,358,1411,4144,0.10207528957528958
terminated,0.39748033143643363,149,1111,4165,0.10204081632653061
unacquainted,0.3937331214380627,138,1231,4177,0.10174766578884367
georgetown,0.45554680359916827,278,167,2300,0.10173913043478261
guineas,0.39573900939405515,94,1208,4170,0.10167865707434053
assented,0.4365719188009444,188,412,2947,0.10145911096029861
essential,0.33540070020880447,882,3118,2149,0.10144253140995813
56,0.3711647122104312,624,1340,4081,0.10120068610634649
expected,0.3279799373292371,556,3444,1247,0.10104250200481155
belong,0.33753129553894384,1655,2345,2356,0.10101867572156197
population,0.36256380037326535,567,1761,3908,0.1008188331627431
arisen,0.3646726330435141,1067,1208,3940,0.10076142131979696
subjected,0.3686282128832851,334,1728,4033,0.10066947681626581
evidenced,0.48342623116181166,62,224,1511,0.10059563203176704
facility,0.4051711952057834,246,900,4050,0.10049382716049382
forfeitures,0.35955161305108274,2021,467,3781,0.10023803226659614
define,0.43455102547358937,271,360,3073,0.10022779043280182
supposes,0.38383033062313454,276,1343,4182,0.10019129603060736
irresistibly,0.5073132369060667,33,179,1119,0.10008936550491511
perusing,0.4948840530327258,14,223,1249,0.100080064051241
contributed,0.37044600688249996,206,1741,4085,0.09987760097919217
refer,0.35727495059366665,921,1846,3637,0.09980753368160572
gunner,0.48726003229540515,135,135,1423,0.09978917779339423
bollan,0.6078141434057909,25,35,311,0.09967845659163987
revision,0.4208469791260408,488,310,3539,0.09946312517660356
reasonably,0.37030603218521474,343,1609,4088,0.09931506849315068
wednesday,0.33447976967637066,1438,2562,2187,0.09922267946959305
political,0.3302966373212168,705,3295,1603,0.0991890205864005
alterations,0.36133091971319203,1220,1130,3892,0.09917780061664953
interference,0.3976706709090616,566,656,4145,0.0991556091676719
separately,0.4025698517355655,414,762,4091,0.09899780004888781
opportunity,0.3258952583283217,469,3531,1306,0.09877488514548238
get,0.32856207534649984,388,3612,1077,0.09842154131847725
obtain,0.3293807415598792,1153,2847,1484,0.09838274932614555
asserted,0.3559069626539779,478,2279,3644,0.0982436882546652
appellation,0.41887654639932753,65,773,3636,0.09818481848184818
cushing,0.45250360500575787,250,212,2374,0.09814658803706824
abilities,0.33635697939045756,585,3415,2607,0.09781357882623705
perches,0.3751543545869203,158,1634,4136,0.097678916827853
congratulate,0.4146032058894677,49,856,3769,0.09763863093658795
virtually,0.451439371708359,95,380,2428,0.09761120263591433
maxim,0.3671895340443943,325,1716,4030,0.09751861042183622
esquire,0.3438256114235257,1950,1867,3107,0.09719987125844866
1740,0.4833940130589376,62,221,1492,0.09718498659517426
whenever,0.33262149894366866,1371,2629,2130,0.09718309859154929
lucia,0.4788178102472285,14,299,1643,0.0967741935483871
16,0.3232715260013708,1180,2820,1192,0.0964765100671141
colonel,0.3247373943507246,1697,2303,1234,0.09643435980551053
appropriations,0.3659264469038822,1736,316,4036,0.09638255698711595
molasses,0.41060242208609676,375,605,3913,0.09634551495016612
community,0.33496734431098774,763,3237,2440,0.09631147540983606
injurious,0.3516160576638837,782,2437,3396,0.09628975265017668
patents,0.4102972680083906,491,511,3920,0.0961734693877551
fairly,0.35352657040894414,802,2083,3577,0.09616997483925077
immense,0.34257110220059234,366,3573,3050,0.0960655737704918
delegates,0.33247925026201397,2761,1239,2114,0.09602649006622517
owed,0.39877889038328973,272,900,4088,0.09540117416829745
objection,0.33221745799041297,1393,2607,2057,0.09528439474963539
1765,0.38611533704793644,379,1072,4201,0.09521542489883361
solely,0.37091335758516886,473,1379,4110,0.0951338199513382
understand,0.3313452801838274,291,3709,1970,0.09492385786802031
possibility,0.36256638054220314,353,1795,3986,0.09483191169091822
abolition,0.42295164708438243,203,527,3358,0.09469922572960095
parcels,0.4094227157540097,384,609,3916,0.09448416751787539
82,0.39856885736209263,474,680,4068,0.09414945919370699
liquidation,0.4867251181440048,195,67,1381,0.0941346850108617
militia,0.3229075004270044,2352,1648,1159,0.09404659188955997
unnecessarily,0.45014826082124576,204,260,2382,0.09403862300587741
apprehended,0.3431356498052543,1238,2536,3130,0.0939297124600639
whereby,0.33277650439536033,1208,2792,2381,0.09365812683746325
seizure,0.38330217515042464,849,655,4212,0.09354226020892688
clause,0.33119475042164537,3006,994,1940,0.09329896907216495
supplying,0.37621733060392276,774,902,4171,0.0932630064732678
have,0.41005357775125856,773,3227,43,0.09302325581395349
rather,0.32321045197887105,361,3639,828,0.0929951690821256
perpetrating,0.5877191142426487,7,61,355,0.09295774647887324
advantageous,0.3586373707203691,552,1861,3841,0.09294454569122625
impossibility,0.4180125690707766,118,674,3525,0.09276595744680852
excited,0.3438230711257548,315,3366,3174,0.09262759924385633
legally,0.3561719486216717,1478,1018,3776,0.09242584745762712
beneficial,0.351263608643663,724,2237,3544,0.0922686230248307
accuracy,0.4087398665187367,186,795,3913,0.09225658062867365
petersburg,0.46746160038898893,95,245,1785,0.09187675070028012
preferable,0.3944489493715147,170,1033,4115,0.09185905224787363
commissioners,0.3220926788565596,2077,1923,1003,0.09172482552342971
xi,0.3503459403872711,1096,1958,3479,0.09169301523426272
adhere,0.39554507023893526,313,879,4113,0.09166058837831267
whilst,0.3279955482699151,485,3515,1750,0.09142857142857143
century,0.351814924671002,179,2706,3577,0.09141738887335757
enable,0.32910352513884056,1896,2104,2010,0.09104477611940298
incline,0.3877589338686674,163,1185,4177,0.09097438352884846
reposed,0.38291147456185365,535,908,4202,0.09090909090909091
depend,0.33014296452809505,660,3340,2060,0.09077669902912622
sentenced,0.4211052016622186,223,504,3350,0.09074626865671642
export,0.40358404109159685,512,553,3988,0.09027081243731194
payments,0.3529922951936597,1429,1205,3700,0.09027027027027026
stephen,0.34709420755712417,1498,1920,3304,0.09019370460048426
quoted,0.38092756232929925,292,1210,4209,0.09004514136374436
holliday,0.5588651397907559,31,71,534,0.0898876404494382
1795,0.33947311507260103,1923,2018,3049,0.0898655296818629
31,0.33156081243908864,1548,2452,2396,0.08973288814691152
lxv,0.4855827989824665,125,120,1284,0.0895638629283489
1790,0.33881024720094843,2343,1642,3040,0.08947368421052632
canada,0.3364096268516483,1153,2847,2913,0.08925506350841057
landais,0.46302208995904504,68,283,1838,0.08922742110990206
exportation,0.350659492403634,1616,1264,3576,0.08920581655480984
legislation,0.37013415991875664,632,1118,4153,0.08885143269925355
respectable,0.3320750815333023,512,3488,2525,0.08871287128712871
devote,0.4169325794338678,45,728,3476,0.08860759493670886
speedily,0.353444981066147,443,2051,3775,0.08847682119205298
rights,0.31712403378647613,1136,2864,760,0.0881578947368421
manufacture,0.3576495055030287,679,1575,3948,0.08814589665653495
reconsideration,0.4680947237777237,220,100,1680,0.0880952380952381
twentieth,0.3760865541808863,890,683,4200,0.0880952380952381
jealousies,0.41288258931101696,182,664,3658,0.08802624384909787
depredations,0.3797494633800305,555,927,4204,0.08801141769743102
ensuing,0.34028883264094295,1059,2661,3150,0.08793650793650794
beseech,0.37282697427745615,49,1618,4177,0.08786210198707206
princeton,0.4195509160066884,204,518,3341,0.08769829392397485
regardless,0.4104582686338141,89,800,3741,0.08767709168671478
convention,0.3198795609734419,2041,1959,1142,0.08756567425569177
foreigners,0.35033541198209694,1190,1661,3591,0.08744082428292954
james,0.3232380870115917,1364,2636,572,0.08741258741258741
render,0.3192684506661721,1012,2988,1167,0.08740359897172237
appointed,0.3298525045868951,2494,1506,424,0.08726415094339622
informally,0.6164792206018999,22,10,149,0.087248322147651
seth,0.419362062153227,463,260,3339,0.08715184186882301
assures,0.42020957482022264,25,691,3328,0.08713942307692307
creditors,0.3283774536206482,2222,1778,2079,0.08706108706108706
naturally,0.3277856853767207,355,3645,2024,0.08695652173913043
sussex,0.3748733348982959,736,833,4200,0.08666666666666667
captured,0.35867345993948835,733,1414,3984,0.08659638554216867
ected,0.6046491707198827,18,24,220,0.08636363636363636
compelled,0.33679177356287404,924,3038,3048,0.08628608923884515
mercantile,0.404138506361584,261,703,3881,0.08606029373872713
deliberation,0.37500725198978613,390,1153,4202,0.08591147072822465
constituting,0.4324639597679613,190,374,2796,0.08583690987124463
thirtieth,0.41863741768634855,448,277,3344,0.08582535885167464
ammunition,0.3556869334956579,905,1346,3951,0.08580106302201974
tend,0.3323195424629612,1046,2954,2870,0.08571428571428572
unfair,0.44845183221401913,106,320,2209,0.08555907650520597
monarchical,0.4453410017797374,82,368,2322,0.08527131782945736
commemoration,0.4664253595571184,13,302,1655,0.08519637462235649
unhappily,0.4021405123544676,69,932,3917,0.08501404135818229
agriculture,0.3476186690223205,443,2506,3554,0.08497467642093416
deserve,0.3397321789207582,287,3404,3166,0.08496525584333543
campaign,0.35927744976888837,567,1445,4051,0.08491730436929153
58,0.36903436247271776,546,1165,4163,0.08455440787893347
1782,0.33093701878006665,2485,1515,2821,0.08436724565756824
dollars,0.32411899493836216,2558,1442,486,0.08436213991769548
newspapers,0.3790369126514219,641,795,4197,0.08434596140100072
desist,0.4284795909469359,73,510,2873,0.08423250957187609
empowered,0.3286275623182526,3489,511,2366,0.08410819949281488
verdict,0.37717804495923135,284,1178,4209,0.08410548823948681
redressed,0.45561547217275244,63,319,2000,0.084
intentions,0.34691102710262717,544,2500,3484,0.08381171067738231
lxxiii,0.49472560139855193,74,103,931,0.08378088077336197
adopted,0.3240991072672092,1680,2320,1769,0.08366308648954211
grist,0.39455184411627353,77,1044,4041,0.08364266270725068
equip,0.44329955746772504,295,169,2382,0.08354324097397145
124,0.41863370664142163,331,373,3287,0.08335868573167021
will,0.37745592916627924,617,3383,48,0.08333333333333333
injury,0.328266413000093,1213,2787,2414,0.08326429163214581
risk,0.3617522742672953,593,1269,4110,0.08321167883211679
1789,0.3328861152697311,2071,1929,3021,0.08308507116848726
126,0.4183186525115146,309,396,3288,0.08302919708029197
fleets,0.379964093927538,225,1168,4183,0.08295481711690174
seldom,0.32737042340539213,145,3855,2294,0.08282476024411509
resources,0.35114569440074483,825,1701,3756,0.08280085197018104
exceedingly,0.34775106497081953,191,2647,3601,0.08275479033601778
estimated,0.3697770476471818,783,869,4184,0.08269598470363289
enslave,0.4130044458364057,65,722,3508,0.08266818700114024
impost,0.35487558564168137,1509,673,3983,0.08260105448154657
consul,0.35553679058792415,1004,1155,3983,0.08260105448154657
greater,0.31470802233436573,740,3260,775,0.08258064516129032
preserve,0.32558477749453985,620,3380,1939,0.08251676121712223
recourse,0.35276798972896495,404,1970,3874,0.08234383066597832
consuls,0.35471597451759684,1503,677,3984,0.0823293172690763
regulation,0.3392760218018979,1975,1657,3212,0.0821917808219178
securing,0.34604975732409116,1160,1879,3486,0.08204245553643144
proves,0.3486100412158302,304,2423,3660,0.08196721311475409
1771,0.3703723898165379,366,1248,4185,0.08172043010752689
dissatisfaction,0.42804101981889114,130,446,2842,0.08163265306122448
amounts,0.3804822822464632,501,869,4178,0.08161799904260411
shillings,0.3159418309933644,1835,2165,968,0.08161157024793389
adhered,0.4046495599133293,174,731,3769,0.0814539665693818
importer,0.4271465758506121,407,173,2862,0.08106219426974144
directory,0.3655087953247943,567,1164,4160,0.08100961538461539
indispensable,0.38847600038890406,407,793,4114,0.08094312105007292
executive,0.31748750605922726,2489,1511,1274,0.08084772370486656
tons,0.3467256597160211,1057,1862,3556,0.08070866141732283
difficult,0.32550878767560615,559,3441,2107,0.08068343616516374
deliberately,0.42199900487272773,107,521,3063,0.08063989552726085
intend,0.34508688193044523,322,2688,3499,0.08059445555873107
98,0.40376119000794874,424,492,3793,0.08041128394410757
commissaries,0.40185840742692486,547,396,3847,0.08032232908760073
motives,0.32574999028382184,607,3393,2273,0.08007039155301364
seven,0.31708576189038035,2036,1964,651,0.07987711213517665
plaintiffs,0.382123446385974,1054,235,4166,0.07969275084013443
yet,0.3381548717139777,421,3579,201,0.07960199004975124
petitioned,0.4109873631102692,312,494,3563,0.07942744877911873
vii,0.3283275094129202,1513,2487,2833,0.07942110836569008
connected,0.32674652396170106,666,3334,2650,0.07924528301886792
eastward,0.3497596767645802,312,2162,3788,0.0791974656810982
consequences,0.3214777462990198,603,3397,1785,0.07899159663865546
introducing,0.3925928954823729,229,897,4050,0.07851851851851852
1799,0.35126164295131446,1401,903,3925,0.07847133757961783
deane,0.41441400262143374,466,263,3354,0.07841383422778772
carrying,0.3205976020323891,1490,2510,1868,0.07815845824411134
unwilling,0.3593431347041854,336,1507,4112,0.07806420233463035
infer,0.38380117277615927,156,1067,4141,0.0777589954117363
thoroughly,0.3601025948287211,157,1644,4132,0.0776863504356244
unavoidably,0.40927661836900286,117,697,3585,0.07754532775453278
primary,0.39167724731375647,166,972,4052,0.07749259624876605
patrick,0.35930889007770794,349,1491,4117,0.07748360456643187
evidently,0.3320435366940895,487,3351,3099,0.0771216521458535
cartridges,0.47039062831190215,158,101,1363,0.07703595011005136
residing,0.35043449167349483,1205,1097,3923,0.07698190160591384
stating,0.3693061094742626,797,708,4211,0.07694134409878889
arrangements,0.36558615540455563,653,1005,4184,0.0767208413001912
stationed,0.388200126331148,290,866,4070,0.07641277641277641
utmost,0.31923460013400373,334,3666,1650,0.07636363636363637
wyoming,0.4600350645437077,42,272,1650,0.07636363636363637
unnecessary,0.32908053691551803,1419,2581,2988,0.07630522088353414
isaac,0.32294163406757337,839,3161,2283,0.07621550591327202
specified,0.3520040722973915,1293,843,3993,0.07613323315802654
accrue,0.3942074220717551,681,359,3972,0.07603222557905337
committee,0.3293667003175902,3037,963,250,0.076
confiscate,0.47856995410294795,96,144,1264,0.0759493670886076
highly,0.32016565893692994,568,3432,1888,0.07574152542372882
never,0.3304050976038602,388,3612,238,0.07563025210084033
enabling,0.4132357755958583,354,357,3309,0.07524932003626474
richard,0.31769413576274547,1436,2564,1502,0.07523302263648468
perhaps,0.3126628613258024,435,3565,707,0.07496463932107496
coroner,0.39495133702987956,657,333,3916,0.07482124616956078
conformable,0.37301840071176284,535,852,4179,0.07465900933237617
foresaw,0.42910942057303025,58,444,2548,0.07456828885400314
conceive,0.32075446628984305,906,3094,2106,0.07454890788224122
salaries,0.34846175390070405,1557,861,3838,0.07451797811360084
indemnification,0.4250100912935596,227,320,2727,0.07444077741107444
habeas,0.4044180412651423,514,322,3631,0.07435968052877995
supersede,0.45890927643285595,123,198,1683,0.07427213309566251
redress,0.3403290553058806,765,2310,3463,0.07421311002021369
opinion,0.32055084212917667,1469,2531,540,0.07407407407407407
1797,0.32970879113478996,2548,1257,3113,0.0738837134596852
1776,0.3233573950582664,1916,2084,2562,0.07377049180327869
montreal,0.39689831744765425,79,862,3845,0.07360208062418726
monies,0.32009069603063217,3034,966,2179,0.07342817806333181
months,0.31439510364297174,1570,2430,913,0.07338444687842278
accomplish,0.34888819111899605,275,2002,3940,0.0733502538071066
consignee,0.44984925215153165,286,84,1936,0.07334710743801653
march,0.31468800365722704,1884,2116,600,0.07333333333333333
cxliii,0.5687532628726149,34,11,232,0.07327586206896551
considering,0.32257390820311527,851,3149,2583,0.07317073170731707
impracticable,0.35872576456582983,510,1271,4142,0.07315306615161758
abridging,0.49319190585777944,59,99,835,0.07305389221556886
1783,0.3226350178402042,2393,1607,2630,0.07300380228136882
fifth,0.3202059769426815,1259,2741,2206,0.07298277425203989
miles,0.3112208817574033,462,3538,756,0.07275132275132275
electing,0.40049463896351123,313,536,3660,0.07240437158469945
52,0.3516383607159921,647,1372,4051,0.07232782029128611
infantry,0.35855187645895203,739,1064,4133,0.07210258891846116
1759,0.41167664475692634,310,395,3288,0.07208029197080291
furnishes,0.40395942736302065,91,722,3583,0.07200669829751605
effecting,0.4056311413250649,158,616,3479,0.07185972980741592
construed,0.3529698159667167,1078,835,4093,0.0718299535792817
manufactures,0.3205018991428593,929,3071,2439,0.07175071750717507
westward,0.3434719793082879,310,2351,3682,0.07170016295491581
amendments,0.31890903500450146,3212,788,2163,0.07165973185390662
incurs,0.5571491168980639,17,58,391,0.07161125319693094
30,0.31393541497318445,952,3048,1134,0.07142857142857142
perpetrated,0.4241058721891074,98,431,2661,0.07140172867343104
captures,0.39206998114075536,607,435,3970,0.07128463476070529
nathaniel,0.32662969435396527,2485,1515,3021,0.07116848725587553
bowdoin,0.45695690698145197,184,140,1701,0.07113462669018225
lest,0.31992674887480704,220,3780,2336,0.07106164383561644
diminished,0.35916322503593817,352,1341,4161,0.07089641913001682
unlocated,0.5431470107705935,43,60,536,0.0708955223880597
susquehannah,0.46202244419454813,31,250,1482,0.0708502024291498
1826,0.5801026701952668,35,6,212,0.07075471698113207
utility,0.3472283754132507,478,1820,3928,0.0705193482688391
appointing,0.33747270363211695,2256,1025,3364,0.07045184304399524
illustrate,0.3940959076780169,88,859,3861,0.07044807044807044
includes,0.4042473487026627,152,623,3481,0.07038207411663315
50,0.3193094667488724,627,3373,2019,0.0703318474492323
prevent,0.31189405611149784,1368,2632,840,0.07023809523809524
1760,0.37429451030633865,357,924,4169,0.07004077716478772
parliament,0.3134772819401869,419,3581,1114,0.07001795332136446
assessments,0.41466653044999024,416,201,3016,0.06996021220159152
require,0.31415275306608215,1521,2479,1359,0.06990434142752024
expressly,0.32457356067946197,1444,2556,2917,0.06959204662324306
portugal,0.3589676667188399,364,1325,4161,0.06945445806296563
imagine,0.3203922536789856,181,3819,2566,0.06936866718628215
organizing,0.43402857012250073,298,130,2221,0.06933813597478614
decisions,0.3730712331208162,434,841,4166,0.06913106096975516
basis,0.34196039641824927,583,2052,3697,0.06897484446848796
reenacted,0.6151433345318624,12,15,116,0.06896551724137931
injure,0.35027302402687854,535,1481,4051,0.06887188348555912
know,0.32173002552534624,323,3677,321,0.06853582554517133
officers,0.32083464983177573,2130,1870,424,0.06839622641509434
1768,0.35943545327519816,281,1334,4182,0.06838833094213295
1791,0.33089951251071525,1755,1775,3250,0.0683076923076923
happen,0.31761363179521795,1709,2291,2035,0.0683046683046683
scarcity,0.38137905788861537,180,978,4073,0.06825435796710042
guen,0.54107751605804,9,92,528,0.06818181818181818
pork,0.3495260798267214,874,1138,4051,0.06813132559861762
impeachments,0.4286414765656564,270,211,2452,0.06810766721044045
jeopardy,0.4810463348366543,67,128,1028,0.06809338521400778
founded,0.3162611644252045,1088,2912,1663,0.06794948887552615
shortly,0.3479708056712852,174,1890,4037,0.0678721823135992
seminaries,0.45526845407758937,46,280,1710,0.06783625730994151
manifestly,0.380378300393369,156,1015,4085,0.06780905752753978
session,0.3158985703982311,2785,1215,1655,0.06767371601208459
assertion,0.34426548734581386,463,1965,3831,0.06760636909423128
600,0.3597351142235124,400,1136,4203,0.0675707827742089
1798,0.327056874214639,2441,1280,3149,0.06732295966973642
violates,0.4809607891955697,74,123,1040,0.0673076923076923
probable,0.3174689707360839,837,3163,2186,0.06724611161939616
exists,0.3554179761884901,415,1315,4160,0.06706730769230769
sincerely,0.3380179387979511,345,2477,3613,0.06698034874065874
choptank,0.5514516887115872,36,47,433,0.06697459584295612
practicable,0.3593523439810493,487,1061,4200,0.06690476190476191
validity,0.3685292704422425,610,716,4177,0.06679435001197032
xv,0.3464290009863271,867,1366,3953,0.06678472046546927
1777,0.3184114238276054,2459,1541,2488,0.06672025723472669
contribute,0.33293771589036975,533,2705,3384,0.06648936170212766
suggest,0.3532253490962995,349,1427,4142,0.06639304683727668
arduous,0.3796395630123035,126,1030,4070,0.06633906633906633
jurisdiction,0.3172233902756597,1538,2462,2159,0.06623436776285317
reflect,0.3322602018952929,266,3070,3339,0.0661874812818209
requisite,0.3243708765767459,1166,2692,3092,0.06597671410090557
impossible,0.31454751797154734,448,3552,1628,0.06572481572481573
cantons,0.45274487152308107,82,261,1796,0.06570155902004454
defending,0.36732331311180705,331,990,4174,0.06564446574029707
undertaken,0.3591281126824932,268,1261,4206,0.06562054208273894
competent,0.3415791866786656,1107,1375,3784,0.06553911205073996
exports,0.3528064981403328,755,1042,4136,0.06552224371373308
nantz,0.4498035742926963,33,320,1849,0.06544077879935101
lvii,0.46711439743477523,99,136,1238,0.0654281098546042
furnishing,0.3819056424096669,407,695,4038,0.06537890044576523
commandants,0.5486711401669632,50,26,398,0.06532663316582915
prohibited,0.34327979513447343,922,1450,3876,0.0652734778121775
welfare,0.31882863015273194,924,3076,2564,0.06513260530421217
succinct,0.5558369374261446,4,58,324,0.06481481481481481
counteract,0.39396200422617855,155,714,3703,0.06481231433972455
edenton,0.45509191213015043,215,84,1575,0.06476190476190476
amos,0.3978365632658983,257,516,3476,0.06472957422324511
exert,0.3398689042995756,302,2260,3727,0.06466326804400321
two,0.3423920544196727,1195,2805,93,0.06451612903225806
ascertained,0.3294992039682139,1640,1825,3273,0.06446684998472349
results,0.39707120305555627,196,629,3605,0.06435506241331485
garrisons,0.3928301653692962,312,566,3720,0.06397849462365592
pecuniary,0.3867173156314443,301,706,3925,0.06394904458598726
niagara,0.41521331967437747,71,496,2805,0.06381461675579322
persuade,0.33958747409376966,156,2401,3730,0.06380697050938337
carry,0.31068145167417166,1068,2932,1146,0.0636998254799302
infringing,0.4986696400990542,39,92,691,0.06367583212735166
adapted,0.3327754295643034,254,2727,3523,0.06358217428328129
lieut,0.3433366578751247,489,1709,3975,0.06339622641509433
weaken,0.38462649947734917,128,884,3931,0.06334266090053421
improper,0.31827166736039186,1547,2453,2676,0.06315396113602392
constantly,0.31713958900968386,456,3544,2442,0.06306306306306306
precise,0.3728719099201069,321,868,4109,0.06303236797274275
amicable,0.40462882368385544,235,454,3239,0.06298240197591849
considerations,0.3242639395090206,954,2791,3146,0.06293706293706294
disadvantages,0.3841420062589204,211,800,3930,0.0628498727735369
strongest,0.33519233391222036,295,2516,3614,0.06281128942999446
xxviii,0.3961411393710152,327,488,3585,0.06276150627615062
britain,0.309602920665288,1079,2921,638,0.06269592476489028
involves,0.41713755884206416,132,398,2666,0.06264066016504126
not,0.38848171058115233,857,3143,32,0.0625
monday,0.3121404474053503,1614,2386,1426,0.06241234221598878
32,0.3200560100052243,1182,2818,2904,0.061639118457300274
reconsidered,0.4590414355412617,186,73,1363,0.061628760088041086
shipped,0.37063153669188403,356,834,4113,0.06151227814247508
afforded,0.32917532071375577,435,2825,3369,0.06144256455921639
impairing,0.4720849080332463,90,110,1060,0.06132075471698113
affixed,0.3708946694555166,651,531,4097,0.06126433976080058
clearly,0.3170849035737551,900,3100,2547,0.061248527679623084
effected,0.3301974104092934,459,2735,3418,0.06114686951433587
enlist,0.42373558589951493,224,253,2437,0.06114074681986048
consult,0.3417800621677403,378,1825,3969,0.06097253716301335
jonas,0.40924604745925286,269,379,3132,0.06066411238825032
1755,0.41544946838661867,141,384,2643,0.06053726825576996
intrusted,0.3923030108692049,201,651,3668,0.06052344601962922
erecting,0.3527520349376159,559,1122,4165,0.06050420168067227
prussia,0.3541060596918952,191,1432,4183,0.060482907004542195
750,0.43067713741864283,196,210,2118,0.06043437204910293
josiah,0.34699352553862506,941,945,4108,0.06037000973709834
justly,0.3154383113678873,407,3593,1972,0.0603448275862069
hopkinson,0.4275864869731704,90,328,2171,0.060340856748042376
exculpate,0.4772449927239007,26,163,998,0.06012024048096192
disciplining,0.4664693913273004,147,68,1133,0.06001765225066196
violated,0.34682249946218763,504,1384,4107,0.05989773557341125
2d,0.3155398107689888,1347,2653,2046,0.059628543499511244
principally,0.33249624222639484,422,2269,3672,0.0593681917211329
discussion,0.3269307703411998,1746,1586,3343,0.0592282381094825
recurring,0.4538948383517783,90,189,1471,0.05914343983684568
reasons,0.31114822088428185,1406,2594,1556,0.05912596401028278
25,0.309524297427248,1331,2669,1388,0.059077809798270896
ballot,0.34601511935246776,1107,799,4098,0.05905319668130796
entirely,0.3099368885939794,490,3510,1500,0.058666666666666666
exigencies,0.3682949363709018,549,649,4113,0.058594699732555315
confine,0.3408547327686154,541,1616,3981,0.05852800803818136
felony,0.3474777967787941,1253,569,4120,0.05849514563106796
repugnant,0.34943764716043196,557,1167,4157,0.05845561703151311
charleston,0.34137040701163157,589,1494,4026,0.058370591157476406
quota,0.3444752016171965,1349,557,4098,0.05832113225963885
dividends,0.428559643179715,232,173,2110,0.05829383886255924
resume,0.3926587944983213,126,698,3605,0.05825242718446602
merely,0.3153883472992626,953,3047,2060,0.05825242718446602
must,0.33042368290674157,493,3507,138,0.057971014492753624
custody,0.33465467609944893,1023,1481,3771,0.05780959957570936
improbable,0.3806446661176729,128,848,3912,0.057770961145194276
attainted,0.41959479741873407,314,160,2426,0.057708161582852434
negatived,0.35506808850796917,1238,251,4212,0.057692307692307696
preliminary,0.3976328627386001,267,440,3297,0.05762814680012132
depreciated,0.41050291878931816,232,349,2865,0.05759162303664921
holders,0.358148609977803,719,706,4189,0.05753163046073048
conform,0.3656216260122745,395,813,4124,0.057468477206595536
joseph,0.30823155537973285,989,3011,940,0.0574468085106383
oct,0.3472890458765416,410,1381,4136,0.05730174081237911
enforce,0.3427013351221348,553,1418,4077,0.057149865096884966
influenced,0.3385926698411115,352,1867,3956,0.05712841253791709
reserving,0.3977623370892949,315,374,3239,0.057116393948749615
ballots,0.3963820258086032,633,99,3363,0.057091882247992866
impede,0.4121352424200607,157,383,2709,0.056847545219638244
12,0.306975379803701,1031,2969,845,0.05680473372781065
investigate,0.4112820603526638,122,445,2805,0.05668449197860963
justify,0.32039547505280125,751,3018,3132,0.05651340996168582
seizures,0.44931975247110273,126,166,1544,0.056347150259067356
1794,0.31687582992536084,2291,1709,2841,0.056318197817669835
objections,0.31441463011439447,1600,2400,2525,0.05623762376237624
evident,0.31399063626051493,452,3548,1974,0.05623100303951368
pointedly,0.48738016106396465,35,100,713,0.056100981767180924
shown,0.3472954605422296,778,950,4159,0.05602308247174802
regiment,0.3122056079816849,2115,1885,1771,0.055900621118012424
commercial,0.3143241992750175,1757,2243,2528,0.0557753164556962
finances,0.35649094789761987,648,759,4189,0.055621866793984245
impolitic,0.39665614702487817,231,485,3328,0.055588942307692304
appoint,0.30804073852351876,2841,1159,1495,0.05551839464882943
official,0.34210649465824267,783,1130,4093,0.055460542389445394
neutrality,0.34917328888933635,630,1053,4166,0.05544887181949112
obliges,0.39374148601583603,124,631,3435,0.055312954876273655
22d,0.3264565368448791,587,2514,3457,0.055250216951113686
tamely,0.4119501142090903,49,476,2643,0.05524025728339009
cheerfully,0.35904693391460996,191,1119,4168,0.05518234165067178
evinced,0.3917740985625176,129,646,3481,0.05515656420568802
seriously,0.33516501784774866,279,2029,3923,0.055059903135355595
happened,0.3134744474903436,419,3581,1918,0.05474452554744526
considerable,0.3075831709637277,590,3410,953,0.05456453305351522
corresponds,0.4470042112597006,52,243,1558,0.05455712451861361
1792,0.31724498984432475,2316,1684,2997,0.054387721054387723
funding,0.37622523045325973,398,565,3880,0.05438144329896907
que,0.38526621329138855,400,442,3651,0.054231717337715694
calculated,0.31125542950718205,905,3095,2508,0.05422647527910686
operate,0.32254106737269395,1561,1943,3256,0.05405405405405406
though,0.3145792504126604,432,3568,296,0.05405405405405406
xxx,0.38711335935486935,487,347,3627,0.054039150813344365
ipswich,0.4177052293364733,205,258,2378,0.05382674516400336
decision,0.3157022261483197,1873,2127,2844,0.05379746835443038
boundary,0.3276355842139529,1330,1314,3696,0.05357142857142857
inconvenience,0.3325032945594814,871,1486,3888,0.053497942386831275
gallons,0.364857402906609,456,709,4076,0.0534838076545633
frequently,0.30652512846532587,346,3654,1237,0.05335489086499596
explicit,0.35861486478691695,381,921,4170,0.053237410071942444
informed,0.3054977337574928,911,3089,998,0.0531062124248497
exist,0.3141789009309345,1083,2917,2789,0.05306561491574041
20,0.3063702600724948,970,3030,932,0.05257510729613734
perth,0.4147087910629016,176,298,2426,0.05234954657873042
necessary,0.31258453401688147,1379,2621,306,0.05228758169934641
collectors,0.3398114551554605,1301,614,4095,0.05225885225885226
accrued,0.3912441250986959,568,193,3450,0.05217391304347826
senators,0.32554876059824117,1451,1401,3593,0.0520456443083774
responsible,0.355062231429612,718,626,4175,0.051976047904191615
entrusted,0.34692319484087125,341,1333,4174,0.05174892189746047
northward,0.328421547820029,306,2194,3773,0.05168301086668434
directors,0.3354563581592752,494,1647,3988,0.051654964894684054
atque,0.5294015494544546,3,86,465,0.05161290322580645
impowers,0.5460499396238132,15,34,252,0.051587301587301584
caleb,0.3494522820097538,562,956,4210,0.05154394299287411
expenditures,0.35140724216298225,992,447,4198,0.05145307289185326
xlv,0.42283706917428965,191,210,2091,0.05117168818747011
annum,0.3167616551973323,1596,2350,3049,0.051164316169235814
precision,0.37705393195279363,178,730,3773,0.051152928703949115
townships,0.3411759725419831,776,1071,4110,0.051094890510948905
amounting,0.3379330749359498,1161,845,4054,0.051060680809077455
1758,0.4021088687432388,237,349,2890,0.05086505190311419
convinced,0.3085097822047761,477,3523,1810,0.05082872928176796
assigns,0.3345316651953329,1328,779,4018,0.0507715281234445
debts,0.3058757380480953,2482,1518,1143,0.05074365704286964
weathersfield,0.5276951263333511,21,58,414,0.050724637681159424
deserves,0.32994724423565447,161,2218,3870,0.050387596899224806
margaret,0.3599577563706363,160,1002,4070,0.05012285012285012
1778,0.31020886947770676,2635,1365,2774,0.050108147080028836
lxviii,0.4655514761491664,84,91,920,0.05
strictly,0.3242485433160989,370,2503,3582,0.04997208263539922
detriment,0.4069136783568251,127,384,2590,0.04980694980694981
acquainted,0.3077687246303254,337,3663,1787,0.049804141018466704
2000,0.38243399576259884,96,723,3595,0.0497913769123783
propose,0.3163698545657517,1097,2720,3107,0.04956549726424203
misdemeanors,0.41090203792053454,262,230,2505,0.04950099800399202
immunities,0.3606234922257028,555,564,4042,0.04948045522018803
forenoon,0.3472545751603736,117,1423,4205,0.04946492271105826
intention,0.3087300425349876,1097,2903,2007,0.04932735426008968
amount,0.30504529086707827,2296,1704,1259,0.04924543288324067
gallon,0.34577366851311786,777,865,4180,0.04904306220095694
newhampshire,0.4668363447537637,63,88,797,0.04893350062735257
ceded,0.36921160496598204,643,370,3929,0.04886739628404174
lessen,0.34678187121067144,302,1274,4198,0.04859456884230586
statements,0.39842819569397014,399,183,2871,0.04841518634622083
conventions,0.35262859871238816,838,487,4174,0.048394825107810256
reliance,0.37646993354628083,235,621,3676,0.04815016322089227
ten,0.3018329235118708,1391,2609,625,0.048
greatly,0.3037560734435052,484,3516,1397,0.047959914101646385
adopt,0.3156410335273788,1363,2471,3101,0.04772653982586263
1773,0.33069453693566614,483,1664,3984,0.04769076305220884
accelerate,0.4400204950061209,56,246,1594,0.04767879548306148
barrels,0.3245634506264052,753,1859,3706,0.04749055585536967
inference,0.36754675623816513,249,740,3915,0.04725415070242656
authorise,0.38777256412969685,322,414,3370,0.04718100890207715
captors,0.3896222567943624,421,289,3308,0.0471584038694075
empower,0.38077175279349246,638,168,3563,0.047151277013752456
deliberations,0.3682120660241039,351,655,3925,0.04713375796178344
promoting,0.32376834365113494,423,2255,3676,0.0470620239390642
affirmation,0.3196285398475759,2481,952,3294,0.04705525197328476
doubtless,0.31355600215157364,447,3553,3001,0.0469843385538154
satisfactory,0.324360223658689,777,1847,3707,0.046938224979768
samuel,0.297736806772048,1673,2327,791,0.04677623261694058
inconvenient,0.35093972114757144,688,637,4174,0.046717776712985146
ratification,0.3384064334985682,1056,708,4149,0.04651723306820921
but,0.37727378401511075,480,3520,43,0.046511627906976744
suppose,0.30155209133840233,593,3407,1033,0.046466602129719266
peculiarly,0.3262743312088475,305,2023,3908,0.04631525076765609
thomas,0.30193568844710833,1369,2631,562,0.046263345195729534
documents,0.34253114233020887,1005,646,4182,0.04615016738402678
territories,0.3214471577598711,796,2259,3477,0.0460166810468795
adjourn,0.34299853970772715,1076,559,4175,0.04598802395209581
acadia,0.5347055043014373,6,57,327,0.045871559633027525
seventy,0.30561342222190274,2091,1909,2443,0.045845272206303724
berks,0.3581529298085398,52,1115,4079,0.04584456974748713
perfectly,0.3069694541134618,475,3525,1987,0.04579768495218923
requesting,0.3381865992508187,818,928,4158,0.0456950456950457
terminate,0.3478432674666976,219,1187,4190,0.04558472553699284
deciding,0.3888771787701829,336,357,3256,0.045454545454545456
2dly,0.3751242541982648,151,688,3638,0.045354590434304565
protect,0.31619557335386667,873,2799,3180,0.045283018867924525
fortnight,0.36341704133820196,75,908,3916,0.04519918283963228
occupiers,0.46512611754029987,99,57,825,0.044848484848484846
elisha,0.36288238266980855,353,631,3918,0.04466564573762124
constitute,0.3252522389909931,583,1824,3845,0.04447334200260078
lading,0.3821269124112738,411,334,3396,0.044464075382803295
ratifying,0.42999334562458086,207,132,1777,0.04445694991558807
secondly,0.3247848271701387,391,2036,3831,0.04437483685721744
collector,0.3051838886850394,2603,1397,2621,0.04425791682563907
nine,0.3005778434660332,1792,2208,1245,0.04417670682730924
senator,0.35753419291177435,631,510,4052,0.04417571569595262
federal,0.305420439917772,2155,1845,2085,0.044124700239808155
equipping,0.44575552148264413,170,84,1338,0.044095665171898356
authorizes,0.4497391071594791,138,100,1255,0.043824701195219126
could,0.33002502093564456,767,3233,137,0.043795620437956206
tribunals,0.37621503179174526,408,391,3541,0.0437729454956227
since,0.309363592496395,643,3357,480,0.04375
hostilities,0.331870885529976,501,1398,4096,0.043701171875
discretionary,0.4065618592721358,261,214,2428,0.04365733113673806
fundamental,0.33535253360576533,337,1474,4125,0.04363636363636364
matthias,0.3916072766791373,56,597,3146,0.04354736172917991
20th,0.31324524144877697,682,3088,3132,0.04310344827586207
consists,0.30883093994381416,339,3661,3016,0.04310344827586207
republic,0.3041557069072206,1058,2942,2262,0.04288240495137047
forwarded,0.3599057462334337,404,599,3921,0.04259117572047947
3000,0.38406516595545653,64,635,3273,0.04246868316529178
necessarily,0.30470253116228313,818,3182,2702,0.041820873427091045
insure,0.3630134079181941,297,614,3780,0.0417989417989418
domestic violence,0.5157353517843212,54,33,455,0.041758241758241756
obviated,0.41442521099401375,128,268,2066,0.041626331074540175
cargo,0.3069880921136972,1622,2378,2933,0.04159563586771224
bills,0.29643422476746806,2732,1268,1017,0.04129793510324484
envoy,0.3623995176396635,287,629,3793,0.041128394410756657
denmark,0.3606216975604165,243,681,3818,0.04112100576217915
differ,0.32354588558228603,452,1895,3892,0.040853031860226104
michael,0.31850569349161634,457,2327,3629,0.040782584734086524
demonstrable,0.45905412722296074,30,119,785,0.04076433121019108
statement,0.323304057364709,1397,1001,3858,0.040694660445826855
consistent,0.3054350083641623,757,3243,2890,0.04048442906574395
favorable,0.3272576602312793,735,1154,4105,0.04043848964677223
pretend,0.3079995913111389,395,3421,3106,0.04024468770122344
feb,0.31777212591603854,1264,1597,3584,0.04017857142857143
justices,0.30269542499609986,2509,1491,1992,0.040160642570281124
cxxxvi,0.5187980786899984,47,20,349,0.04011461318051576
cursory,0.43591836739634876,23,230,1331,0.039819684447783624
exclude,0.3416510751198639,417,1020,4196,0.039799809342230694
absolutely,0.30104858612903973,687,3313,2273,0.039595248570171576
interests,0.3014842468861406,1168,2832,1820,0.03956043956043956
convinces,0.44316428859102863,13,233,1294,0.03941267387944358
thirdly,0.3484081328690225,181,1027,4124,0.039282250242483024
benjamin,0.300632272226547,1583,2417,1787,0.03917179630665921
considerably,0.3218897639506247,326,2091,3838,0.03908285565398645
ago,0.3017286960977907,388,3612,2057,0.03889158969372873
seventh,0.30687283209827076,1151,2822,3045,0.03875205254515599
ultimately,0.3552870538344675,305,751,3984,0.038654618473895584
xvi,0.3233787486779985,739,1435,3987,0.03837471783295711
creek,0.29962145754488545,1163,2837,1803,0.03826955074875208
inconveniences,0.3361921646633118,703,915,4182,0.03825920612147298
complied,0.32000846267217725,846,1626,3791,0.038248483249802165
clauses,0.3505964776920035,740,402,4055,0.03822441430332922
certificates,0.29707222741684475,2287,1713,1677,0.0381633870005963
carolinas,0.45311301036177903,26,159,978,0.03783231083844581
amending,0.3598487670636307,577,305,3731,0.03779147681586706
neutral,0.32121928610946987,1077,1266,3892,0.03776978417266187
if,0.36014161746359125,1136,2864,53,0.03773584905660377
reconcile,0.33689192054060496,217,1315,4206,0.03756538278649548
merchandises,0.39830273237402397,363,64,2213,0.03750564844103028
hereditaments,0.34429078422935966,1042,242,4167,0.037437005039596835
strictest,0.3566280896898003,89,867,3873,0.037180480247869865
unanimously,0.31604785637797883,775,2082,3584,0.037109375
suspect,0.3221947604553501,190,2020,3964,0.03708375378405651
subalterns,0.4245069389394493,162,157,1672,0.03708133971291866
yorktown,0.4261048762221409,124,142,1404,0.037037037037037035
judiciary,0.3258387685368265,1208,667,4109,0.03699196884886834
indicted,0.3911641439655519,109,460,2813,0.03697120511908994
altho,0.3223123086469561,333,1834,3986,0.036879076768690414
uniformly,0.335514024359765,292,1267,4205,0.036860879904875146
importance,0.2950246471886739,742,3258,1387,0.03677000720980533
recollect,0.3068857776068916,434,3241,3177,0.03651243311299968
universally,0.31242167082719174,201,3116,3353,0.03638532657321801
privateers,0.3237244131456649,564,1449,4048,0.036314229249011856
organize,0.44591484685199156,127,93,1161,0.03617571059431524
respective,0.29301470287005116,1697,2303,1330,0.03609022556390978
5th,0.29942672616855875,1048,2952,2640,0.03598484848484849
deprived,0.3023967567704955,660,3340,2852,0.03576437587657784
cxxii,0.5059120129163924,45,25,364,0.03571428571428571
livres,0.34035389877764394,483,879,4175,0.035688622754491015
eleven,0.3042169807126862,1520,2480,3006,0.03559547571523619
inspect,0.3898074526194461,166,383,2734,0.035479151426481344
existed,0.3186372671008563,667,1742,3843,0.03538901899557637
corvette,0.4880453833409429,30,62,483,0.035196687370600416
des,0.33360348269208373,803,761,4205,0.035196195005945306
convicted,0.3188159126732097,754,1583,3896,0.03516427104722793
esquires,0.3257233768139989,858,960,4126,0.03514299563742123
devolve,0.4446069972460397,96,123,1154,0.03466204506065858
greatest,0.2909384668371254,296,3704,871,0.03444316877152698
restrictions,0.3287449469077823,706,974,4166,0.034325492078732596
tends,0.3227590846200462,234,1711,4087,0.0342549547345241
21,0.29447775872572685,1336,2664,1616,0.03403465346534654
three,0.3092436118462247,1299,2701,208,0.03365384615384615
republics,0.34434432198370385,311,887,4113,0.03355215171407731
result,0.29608829334791537,1142,2858,2525,0.03326732673267327
respectively,0.2951192580492091,2294,1706,2236,0.03309481216457961
commodities,0.3200881156349401,613,1475,4021,0.033076349166873915
apprehend,0.3019861614781947,1052,2948,2994,0.033066132264529056
clair,0.33159605480310334,599,934,4204,0.03306374881065652
perceive,0.30142136216574994,253,3747,2947,0.032914828639294194
footing,0.3161722820078012,838,1616,3808,0.03282563025210084
however,0.29818240458217904,563,3437,457,0.03282275711159737
consequently,0.2954641343097263,672,3328,2111,0.03268593083846518
funds,0.306880591599744,1763,1617,3309,0.032638259292837715
persuaded,0.2957257664125157,414,3586,2546,0.03260015710919089
1774,0.31617263248952615,514,1891,3847,0.03249285157265402
1st,0.29616149809487574,1191,2809,1973,0.03243791180942727
nominated,0.32564446449675566,1184,528,4165,0.03241296518607443
assessed,0.3211191829317478,1638,393,4044,0.032393669634025714
18,0.28919154285993076,1089,2911,1267,0.03235990528808208
probably,0.29187731492466373,696,3304,1485,0.03232323232323232
allegiance,0.309334667081241,943,1891,3602,0.03220433092726263
1500,0.3750188324220357,73,571,3122,0.032030749519538756
bushels,0.32710241472880797,251,1344,4191,0.031973276067764254
impropriety,0.3387974573353176,415,843,4164,0.031940441882804996
comply,0.30607331676907373,982,2441,3302,0.03179890975166566
23d,0.30914088328068057,499,2284,3628,0.03169790518191841
president,0.294280492524642,2431,1569,542,0.03136531365313653
souchong,0.4551788065983113,19,110,679,0.030927835051546393
twelve,0.28775106268462564,1513,2487,1233,0.030819140308191405
confronted,0.44902171971467003,43,105,781,0.030729833546734954
repeatedly,0.322081271169405,303,1573,4109,0.030664395229982964
xxxvi,0.3916129314112719,198,231,2223,0.030589293747188485
regulations,0.2943342989235078,2119,1881,2093,0.030578117534639272
concisely,0.4853353577497629,17,71,461,0.03036876355748373
hereunto,0.3622459793278299,349,370,3332,0.030312124849939975
been,0.35470296384756117,1011,2989,66,0.030303030303030304
affords,0.3087202063262774,189,2535,3662,0.030038230475150193
29th,0.307556306531922,491,2257,3642,0.029928610653487096
constituents,0.3054989193057157,1429,1753,3421,0.02981584332066647
xiv,0.3134053490372263,896,1523,3835,0.029726205997392438
exported,0.30994232130757227,1384,1110,3775,0.02966887417218543
27th,0.30638234003251796,555,2456,3496,0.02946224256292906
battalion,0.3165285961604381,820,1304,4006,0.02945581627558662
valorem,0.3961296407834062,312,87,2079,0.02934102934102934
strongly,0.29800366645621773,532,3468,3026,0.029081295439524125
foresee,0.3531985827021134,136,667,3552,0.028997747747747746
united states,0.295402534947468,2563,1437,207,0.028985507246376812
probability,0.30462313874731595,590,2781,3313,0.02897675822517356
endeavor,0.32618827058017924,545,977,4212,0.028964862298195632
bushel,0.3420903745982647,294,810,4040,0.028960396039603962
elected,0.29101547566299546,1701,2299,2505,0.02874251497005988
certainly,0.2819394010384651,583,3417,1082,0.02865064695009242
acquire,0.30863067373634295,408,2120,3755,0.028495339547270307
arsenals,0.4120997519597389,214,73,1515,0.02838283828382838
eight,0.2814049510810018,1649,2351,885,0.02824858757062147
ports,0.29262269502381066,1833,2167,1997,0.028042063094641963
assure,0.29633088726727813,401,3427,3104,0.027706185567010308
23,0.28918345219359637,1395,2605,1697,0.02769593400117855
northwest,0.34357218439865833,653,338,3913,0.027600306670074112
lieu,0.3146974927983034,1604,562,3986,0.027596588058203714
unless,0.2764621819189017,1493,2507,872,0.027522935779816515
3d,0.2902973207208388,1367,2633,2237,0.027268663388466695
totally,0.2909615208585643,568,3432,2650,0.027169811320754716
xii,0.3053564940951275,841,1909,3645,0.027160493827160494
adherence,0.35413121420561855,185,581,3464,0.027136258660508082
relying,0.3881183361632768,100,381,2452,0.026916802610114192
800,0.3369935616395513,374,809,4097,0.026848913839394677
rarely,0.3274349242876371,105,1274,4183,0.02653597896246713
24,0.28272673227593753,1387,2613,1511,0.026472534745201854
regiments,0.30102653803653334,1459,2028,3263,0.026356114005516396
untarred,0.4806069007161833,10,11,76,0.02631578947368421
admitting,0.31811808130637137,607,1240,4110,0.026277372262773723
consisted,0.3101896560564223,237,1930,3986,0.02609131961866533
discussed,0.33817381303545524,445,650,4029,0.026061057334326135
wherever,0.30420985270824646,458,2326,3629,0.025902452466244143
28th,0.3028402657103481,607,2371,3528,0.025793650793650792
assert,0.30406832067556017,299,2702,3509,0.025648332858364205
payable,0.29158937589930317,2475,1525,2903,0.02549087151222873
pounders,0.3421302159007669,241,701,3848,0.02546777546777547
jan,0.30495804235738366,1184,1425,3705,0.025371120107962213
nova,0.3226827609558941,505,1091,4194,0.025274201239866477
xix,0.3267292300592286,529,827,4176,0.02514367816091954
imposts,0.340955228760677,599,370,3891,0.024929324081213056
adjutant,0.32615731806998677,975,410,4182,0.024868483978957436
infringed,0.39097896239137897,122,272,2057,0.024793388429752067
admit,0.2849324523989633,1200,2800,1793,0.024539877300613498
wabash,0.3937916863904048,185,166,1838,0.024483133841131665
lieutenants,0.33598796293397476,520,612,4050,0.024444444444444446
acquiesce,0.3511001864506728,168,559,3350,0.02417910447761194
sixth,0.28883964523888317,1262,2738,2815,0.024156305506216696
enables,0.35915896938458314,104,554,3159,0.0240582462804685
tells,0.29819231325775547,203,3231,3294,0.02398299939283546
extremely,0.2854375881499886,458,3542,2093,0.023889154323936932
5000,0.37957803895077025,52,433,2470,0.02388663967611336
reminded,0.3453739678201003,187,590,3486,0.023809523809523808
ninety,0.2849229564711986,2677,1323,2521,0.02380007933359778
sweden,0.32993253811163004,261,958,4141,0.02366578121226757
expediency,0.3239091544155024,774,631,4186,0.023411371237458192
arises,0.3027720258844762,437,2188,3706,0.023205612520237454
quelque,0.4795789227760979,49,17,345,0.02318840579710145
convene,0.36700730658043257,266,260,2649,0.023027557568893922
attributed,0.3255201516364647,178,1150,4177,0.022983002154656453
promote,0.285384213054515,674,3326,2057,0.022848808945065628
sixteenth,0.336977207390649,361,617,3910,0.02276214833759591
southeast,0.3938277104193359,62,189,1322,0.0226928895612708
renders,0.29917680413489395,419,2597,3500,0.022571428571428572
legislature,0.26696845200992675,2114,1886,895,0.0223463687150838
william,0.2904039891134347,1323,2677,358,0.0223463687150838
sufficiently,0.28168335801242383,653,3347,2284,0.0223292469352014
ebenezer,0.3147086675358052,1031,768,4133,0.022259859666102104
thirteenth,0.33622080729898035,438,517,3872,0.02221074380165289
obvious,0.2955822808022593,561,2888,3287,0.022208700943109217
tendency,0.28235101668802853,644,3356,2396,0.022120200333889815
ratified,0.3054819377048036,1131,975,4019,0.021895994028365263
applicable,0.3213702472821501,456,1050,4213,0.021837170662235936
inconsistent,0.29500990833479396,516,2905,3302,0.02150211992731678
thirty,0.2687601941025691,1939,2061,1070,0.02149532710280374
stipulate,0.39176427326334495,141,150,1537,0.02147039687703318
les,0.319555354436887,941,646,4193,0.021464345337467206
viii,0.2872200448673165,1394,2606,2941,0.021081264875892555
9th,0.289842494603123,1103,2738,3099,0.020974507905776058
hitherto,0.28063659058871976,567,3433,2173,0.020708697653014266
whether,0.2822695607179917,1082,2918,438,0.02054794520547945
belonged,0.29863518674261164,563,2054,3708,0.020496224379719527
scarcely,0.27892860769431715,241,3759,2202,0.020435967302452316
fullest,0.3331802319979462,213,754,3882,0.020350334878928386
surest,0.34661225393951584,50,628,3211,0.020242914979757085
vesting,0.3662630340879328,296,192,2486,0.02011263073209976
afford,0.28093507456874073,592,3408,2056,0.019941634241245135
26th,0.29489967694058594,551,2354,3566,0.019910263600673023
adequate,0.29408576882286575,1351,1921,3368,0.01989311163895487
500,0.2913078615646154,1214,2250,3274,0.019853390348197924
constitutionally,0.3502196477220681,217,405,3038,0.019749835418038184
29,0.27893831264920116,1453,2547,1877,0.019712306872669155
fourths,0.3352028879800077,480,413,3748,0.019477054429028817
mortgagee,0.4181717961949113,166,29,1028,0.019455252918287938
lxxii,0.4189673167874912,77,69,771,0.019455252918287938
treaty,0.25243367955333723,1964,2036,730,0.019178082191780823
brigadiers,0.3806211283035185,245,139,2009,0.018914883026381283
abolish,0.3475961562653824,140,464,2963,0.01889976375295309
hardly,0.27664506861837795,285,3715,2566,0.018706157443491817
xxxv,0.36592477164349363,240,220,2365,0.018604651162790697
ardently,0.3324346998537382,87,715,3551,0.018586313714446634
twenty,0.2602826482867177,1796,2204,543,0.01841620626151013
xxxvii,0.3795496521234034,196,202,2073,0.018330921369995177
4th,0.2745586850201529,1277,2723,2353,0.01827454313642159
easily,0.27474902925514616,337,3663,1608,0.018034825870646767
conducive,0.3250078236438344,379,803,4097,0.017817915547961923
robert,0.26576035962238903,1053,2947,1235,0.017813765182186234
definitive,0.3310964857272923,331,473,3557,0.01771155468091088
excises,0.35930761769649827,336,166,2548,0.017660910518053376
eighty,0.2738302591689032,2575,1425,2212,0.01763110307414105
four,0.28160912704089947,1339,2661,398,0.017587939698492462
occur,0.29950541823281723,345,1769,4012,0.01744765702891326
22,0.27461109788504784,1340,2660,1616,0.017326732673267328
aldermen,0.32012337435787624,751,613,4180,0.01722488038277512
xciii,0.42449372827181264,56,65,639,0.017214397496087636
eliphalet,0.38907163144745477,244,67,1634,0.017135862913096694
aug,0.3264946680947688,420,635,3982,0.017076845806127575
chattles,0.38616002686378303,224,56,1479,0.016903313049357674
xxi,0.32354632918551446,480,709,4109,0.01679240691165734
30th,0.2907248171177576,651,2231,3576,0.016778523489932886
cheaper,0.33773364885984547,124,563,3237,0.016682113067655237
undertake,0.2929378129479933,583,1997,3722,0.016657710908113917
northeast,0.3760179335401933,121,259,1988,0.01659959758551308
involve,0.3171277920971522,450,964,4190,0.01646778042959427
majors,0.365322997801142,253,156,2131,0.01642421398404505
funded,0.32904759114636933,430,343,3476,0.016398158803222096
vice president,0.2943418399194568,1332,1073,3847,0.016376397192617624
plenipotentiary,0.30066407424750397,1251,640,4102,0.016089712335446125
supposing,0.28838305360846084,464,2597,3474,0.01583189407023604
hesitate,0.31876263706141045,247,1080,4174,0.01581217057977959
countersigned,0.3894395072448086,180,62,1273,0.015710919088766692
interfere,0.297174336259256,813,1146,4083,0.015674748959098702
prohibiting,0.33217390735490065,322,414,3370,0.01543026706231454
bezaleel,0.46865390043748395,37,14,262,0.015267175572519083
xviii,0.3155734129626072,497,945,4201,0.015234467983813378
indies,0.2720413365010587,721,3279,2499,0.01520608243297319
felonies,0.35630742670086274,320,132,2329,0.015027908973808502
would,0.3423931866101102,993,3007,67,0.014925373134328358
cargoes,0.316762033174205,438,906,4175,0.014850299401197605
24th,0.2847129636397523,568,2410,3528,0.01473922902494331
27,0.2689284031025999,1581,2419,1782,0.014590347923681257
eighth,0.283539347922217,1317,1910,3391,0.014450014744913005
endeavored,0.3238272934193079,361,664,3946,0.01444500760263558
seems,0.26081473900525365,455,3545,1118,0.014311270125223614
occurred,0.28877736946934063,437,2149,3718,0.014254975793437331
expect,0.26350851336644254,460,3540,1408,0.014204545454545454
nineteen,0.32091853681079124,516,624,4052,0.013820335636722606
defrayed,0.34431654170048887,351,168,2615,0.013766730401529637
quotas,0.3205746993174425,916,258,4088,0.0136986301369863
undoubtedly,0.2824820358051458,367,2753,3455,0.013603473227206947
six,0.2289244164366772,1169,2831,589,0.013582342954159592
expiration,0.28316565524521525,1788,1011,3616,0.013550884955752213
desirous,0.27018628428473557,885,3115,2809,0.013527945888216448
stipulations,0.32274845070401387,514,504,3938,0.01345860843067547
7th,0.27343356416156134,1125,2875,2974,0.013449899125756557
fifty,0.2612970959949824,1859,2141,1318,0.012898330804248861
depended,0.2909034451689854,419,1692,4012,0.012711864406779662
deprive,0.28795261175921405,499,1891,3863,0.012425575977219777
readily,0.2677638448155513,393,3607,2650,0.012075471698113207
because,0.25278638835626766,730,3270,420,0.011904761904761904
19th,0.2749318065562674,622,2514,3451,0.011880614314691394
forty,0.25953704333308447,1618,2382,1271,0.011801730920535013
28,0.2634759725876607,1520,2480,1806,0.011627906976744186
decide,0.2734980618318628,1415,1997,3304,0.011501210653753027
fifteenth,0.31493613429473233,637,567,4118,0.011170471102476931
sixty,0.26649364280520116,2102,1898,1971,0.011161846778285134
remind,0.3165593286215383,108,961,3989,0.011030333416896465
ninth,0.28048919614224826,1062,1496,3730,0.01099195710455764
adviseable,0.32674257918422256,88,552,3109,0.010935992280476037
violation,0.27344600552040804,937,1959,3574,0.010632344711807499
amounted,0.3025385543431379,331,1207,4205,0.010463733650416172
17th,0.2731609305306815,674,2623,3359,0.010419767788032152
26,0.2616540606911424,1471,2529,1730,0.010404624277456647
rely,0.29547569284657454,392,1260,4184,0.010277246653919695
lemuel,0.36405237868971585,252,83,1756,0.010250569476082005
unalienable,0.3409292982960432,97,386,2461,0.010158472165786265
august,0.20444521282641678,1240,2760,986,0.010141987829614604
centage,0.44442298436536487,34,5,199,0.010050251256281407
25th,0.2716043705209148,552,2826,3311,0.009966777408637873
xiii,0.2814016296762674,640,1580,3956,0.009858442871587462
john,0.2763496562958051,1147,2853,207,0.00966183574879227
000,0.20089670758140968,1791,2209,932,0.009656652360515022
stipulation,0.31269570369628713,423,688,4039,0.00965585540975489
cent,0.2628916664384339,2347,1653,1898,0.009483667017913594
pursuant,0.27012722389505966,2095,1506,3220,0.009316770186335404
xxii,0.30328084724491483,513,794,4169,0.009114895658431278
15th,0.26891110040844546,526,3029,3240,0.008641975308641974
16th,0.26938735588964585,465,2593,3475,0.008633093525179856
april,0.18687971629245012,1802,2198,815,0.008588957055214725
intimately,0.31146840936285186,90,713,3552,0.008445945945945946
natural born,0.3744662584276036,108,117,1185,0.008438818565400843
incompatible,0.310413821829719,230,764,3920,0.008418367346938776
gayoso,0.36759489325976247,128,56,974,0.008213552361396304
although,0.2448129781625773,977,3023,1347,0.008166295471417966
10th,0.2641396582309571,642,3358,2985,0.008040201005025126
13th,0.26843192231651136,629,2404,3491,0.008020624462904613
june,0.18668520290580942,2057,1943,749,0.00801068090787717
differed,0.31324196209528815,303,442,3396,0.007950530035335688
recur,0.3278405179670666,128,374,2548,0.007849293563579277
8th,0.26482135624326764,1060,2843,3060,0.00784313725490196
nineteenth,0.3138071178102404,314,405,3332,0.0078031212484993995
derives,0.32165766104540566,94,448,2715,0.0077348066298342545
envoys,0.30941509019873553,416,497,3785,0.007661822985468956
fourteen,0.2661625974092608,1669,2087,3140,0.007643312101910828
recorder,0.3029437968544957,695,548,4160,0.007451923076923077
facilitate,0.30888546155582863,281,690,3896,0.007443531827515401
stipulated,0.29488629708310743,591,905,4211,0.007361671811921159
14th,0.267676590642256,574,2613,3420,0.007309941520467836
thirds,0.26644811223412596,1886,1501,3307,0.00725733293014817
november,0.1899759780856333,1833,2167,1105,0.007239819004524887
vested,0.25877583231692924,2076,1924,2789,0.007171029042667623
five,0.25211845909364244,1665,2335,422,0.0071090047393364926
nominate,0.30298496294973337,872,318,4113,0.007050814490639436
eighteenth,0.3031717281745253,400,424,3605,0.006934812760055479
elkanah,0.4245018836758761,33,24,292,0.00684931506849315
confederation,0.25824053641741784,2943,1057,2908,0.006533700137551582
essentially,0.27041141356550386,395,1723,4010,0.006483790523690773
conformably,0.3099249678930292,295,362,3156,0.0063371356147021544
xvii,0.28456510916064104,579,1041,4185,0.006212664277180406
scotia,0.2926137252532287,480,995,4204,0.005946717411988582
derived,0.25462313000196557,866,3134,2704,0.005917159763313609
evince,0.3012580223571256,203,797,3918,0.00587034201123022
12th,0.2604358686549473,592,2834,3302,0.005754088431253785
heifers,0.40312394881796226,11,89,525,0.005714285714285714
obviate,0.29970870314186604,242,645,3739,0.00561647499331372
actuated,0.2937473355289147,189,1125,4172,0.00551294343240652
indirectly,0.2956746094081572,293,607,3764,0.005313496280552604
brigadier,0.2623769177071824,1770,807,3721,0.005106154259607632
franchises,0.35103450942004605,63,165,1203,0.004987531172069825
february,0.1690417517555124,2416,1584,1034,0.004835589941972921
sixteen,0.2572833334317691,1264,2082,3335,0.0047976011994002995
fifteen,0.25412330890799056,1594,2406,2015,0.004466501240694789
july,0.15773389391843703,1657,2343,906,0.004415011037527594
chattels,0.2561884007961395,2635,467,3460,0.004335260115606936
libellants,0.34711671775232045,142,88,1212,0.004125412541254125
induced,0.2524477143356713,742,3258,2706,0.0040650406504065045
contraband,0.2831352632704079,620,880,4209,0.004038964124495129
materially,0.29461829413693735,320,738,3985,0.004015056461731493
maturely,0.32214986825155756,105,180,1504,0.003989361702127659
defraying,0.2823496399939368,1171,345,4210,0.003800475059382423
convince,0.25294295778359105,372,3307,3176,0.003778337531486146
11th,0.2541734389089853,430,2518,3552,0.00365990990990991
treaties,0.2538465446539652,2389,1611,1970,0.003553299492385787
thirteen,0.2522807368051358,1652,2014,3187,0.0031377470975839346
reprieves,0.3319738850360007,59,64,650,0.003076923076923077
twelfth,0.2748861036173194,607,881,4212,0.002849002849002849
6th,0.25016118584844776,1221,2779,2858,0.0027991602519244225
inevitably,0.2843978270282829,170,884,3985,0.0027603513174404015
appellate,0.3183192505114179,223,74,1566,0.002554278416347382
december,0.15638684714547477,1780,2220,1194,0.002512562814070352
merchandizes,0.2769708891107201,336,492,3614,0.0024903154399557276
21st,0.2518098226297737,484,2252,3654,0.0021893814997263274
18th,0.24943263021459477,640,2641,3364,0.002080856123662307
september,0.1472865797741123,1655,2345,1032,0.001937984496124031
legislatures,0.24706955510654635,2598,1161,3138,0.0019120458891013384
fifths,0.28776914610546217,294,204,2531,0.0015804030027657052
depends,0.24670576352665158,518,3150,3185,0.0015698587127158557
ensue,0.2748812185049684,235,813,3979,0.0015079165619502387
domingo,0.27450241961077115,175,588,3453,0.0014480162177816392
alluded,0.2726295119204467,626,790,4190,0.001431980906921241
defray,0.2660241492399481,972,601,4200,0.0014285714285714286
eighteen,0.2445242604640501,1622,2104,3148,0.0012706480304955528
hydrometer,0.26841279400132534,92,60,804,0.0012437810945273632
resulting,0.2733676285014324,282,853,4048,0.0009881422924901185
january,0.14030806822907357,2117,1883,1050,0.0009523809523809524
belligerent,0.27346790075742433,337,345,3220,0.0009316770186335404
possibly,0.2438526355074403,466,3534,2472,0.0008090614886731392
pursuance,0.23197993559392616,2256,1354,3214,0.0006222775357809583
derive,0.2143427757537052,463,2000,3797,0.0002633658151171978
haldimand,0.36657169875639145,11,24,172,0.0
mondays,0.25212955471892007,75,162,1249,0.0
induce,0.20732477611494385,885,2636,3254,0.0
ultimo,0.2709303767903546,161,339,2538,0.0
october,0.1330427219539453,1330,2670,1135,0.0
to,0.48675977616066846,1152,2848,4,0.0
centum,0.2449144968478334,904,263,4079,0.0
